ISO-10303-21;
HEADER;
/* Generated by software containing ST-Developer
 * from STEP Tools, Inc. (www.steptools.com) 
 */

FILE_DESCRIPTION(
/* description */ (''),
/* implementation_level */ '2;1');

FILE_NAME(
/* name */ 'Manny MicroPad topcase.step',
/* time_stamp */ '2026-03-06T00:23:42-06:00',
/* author */ (''),
/* organization */ (''),
/* preprocessor_version */ 'ST-DEVELOPER v20.1',
/* originating_system */ 'Autodesk Translation Framework v14.24.0.0',
/* authorisation */ '');

FILE_SCHEMA (('AUTOMOTIVE_DESIGN { 1 0 10303 214 3 1 1 }'));
ENDSEC;

DATA;
#10=MECHANICAL_DESIGN_GEOMETRIC_PRESENTATION_REPRESENTATION('',(#13),#13978);
#11=SHAPE_REPRESENTATION_RELATIONSHIP('SRR','None',#13985,#12);
#12=ADVANCED_BREP_SHAPE_REPRESENTATION('',(#14),#13977);
#13=STYLED_ITEM('',(#13994),#14);
#14=MANIFOLD_SOLID_BREP('Body1',#7014);
#15=CYLINDRICAL_SURFACE('',#7156,5.);
#16=CYLINDRICAL_SURFACE('',#7160,5.);
#17=CYLINDRICAL_SURFACE('',#7162,5.);
#18=CYLINDRICAL_SURFACE('',#7165,5.);
#19=CYLINDRICAL_SURFACE('',#7169,0.5);
#20=CYLINDRICAL_SURFACE('',#7172,0.500000000000003);
#21=CYLINDRICAL_SURFACE('',#7175,0.499999999999998);
#22=CYLINDRICAL_SURFACE('',#7178,0.499999999999998);
#23=CYLINDRICAL_SURFACE('',#7180,1.70000000000001);
#24=CYLINDRICAL_SURFACE('',#7182,1.7);
#25=CYLINDRICAL_SURFACE('',#7184,1.7);
#26=CYLINDRICAL_SURFACE('',#7187,0.499999999999998);
#27=CYLINDRICAL_SURFACE('',#7190,0.500000000000003);
#28=CYLINDRICAL_SURFACE('',#7193,0.500000000000003);
#29=CYLINDRICAL_SURFACE('',#7196,0.499999999999998);
#30=CYLINDRICAL_SURFACE('',#7199,0.5);
#31=CYLINDRICAL_SURFACE('',#7202,0.499999999999998);
#32=CYLINDRICAL_SURFACE('',#7205,0.499999999999998);
#33=CYLINDRICAL_SURFACE('',#7208,0.5);
#34=CYLINDRICAL_SURFACE('',#7211,0.499999999999998);
#35=CYLINDRICAL_SURFACE('',#7214,0.499999999999998);
#36=CYLINDRICAL_SURFACE('',#7217,0.500000000000003);
#37=CYLINDRICAL_SURFACE('',#7220,0.5);
#38=CYLINDRICAL_SURFACE('',#7222,1.7);
#39=CIRCLE('',#7128,5.);
#40=CIRCLE('',#7129,5.);
#41=CIRCLE('',#7130,5.);
#42=CIRCLE('',#7131,5.);
#43=CIRCLE('',#7132,0.499999999999998);
#44=CIRCLE('',#7133,0.5);
#45=CIRCLE('',#7134,0.500000000000003);
#46=CIRCLE('',#7135,0.499999999999998);
#47=CIRCLE('',#7136,1.70000000000001);
#48=CIRCLE('',#7137,1.7);
#49=CIRCLE('',#7138,1.7);
#50=CIRCLE('',#7139,0.499999999999998);
#51=CIRCLE('',#7140,0.499999999999998);
#52=CIRCLE('',#7141,0.500000000000003);
#53=CIRCLE('',#7142,0.500000000000003);
#54=CIRCLE('',#7143,0.5);
#55=CIRCLE('',#7144,0.5);
#56=CIRCLE('',#7145,0.499999999999998);
#57=CIRCLE('',#7146,0.499999999999998);
#58=CIRCLE('',#7147,0.5);
#59=CIRCLE('',#7148,0.499999999999998);
#60=CIRCLE('',#7149,0.499999999999998);
#61=CIRCLE('',#7150,0.500000000000003);
#62=CIRCLE('',#7151,1.7);
#63=CIRCLE('',#7157,5.);
#64=CIRCLE('',#7161,5.);
#65=CIRCLE('',#7163,5.);
#66=CIRCLE('',#7166,5.);
#67=CIRCLE('',#7170,0.5);
#68=CIRCLE('',#7173,0.500000000000003);
#69=CIRCLE('',#7176,0.499999999999998);
#70=CIRCLE('',#7179,0.499999999999998);
#71=CIRCLE('',#7181,1.70000000000001);
#72=CIRCLE('',#7183,1.7);
#73=CIRCLE('',#7185,1.7);
#74=CIRCLE('',#7188,0.499999999999998);
#75=CIRCLE('',#7191,0.500000000000003);
#76=CIRCLE('',#7194,0.500000000000003);
#77=CIRCLE('',#7197,0.499999999999998);
#78=CIRCLE('',#7200,0.5);
#79=CIRCLE('',#7203,0.499999999999998);
#80=CIRCLE('',#7206,0.499999999999998);
#81=CIRCLE('',#7209,0.5);
#82=CIRCLE('',#7212,0.499999999999998);
#83=CIRCLE('',#7215,0.499999999999998);
#84=CIRCLE('',#7218,0.500000000000003);
#85=CIRCLE('',#7221,0.5);
#86=CIRCLE('',#7223,1.7);
#87=FACE_BOUND('',#658,.T.);
#88=FACE_BOUND('',#769,.T.);
#89=FACE_BOUND('',#808,.T.);
#90=FACE_BOUND('',#860,.T.);
#91=FACE_BOUND('',#884,.T.);
#92=FACE_BOUND('',#940,.T.);
#93=FACE_BOUND('',#941,.T.);
#94=FACE_BOUND('',#942,.T.);
#95=FACE_BOUND('',#943,.T.);
#96=FACE_BOUND('',#944,.T.);
#97=FACE_BOUND('',#945,.T.);
#98=FACE_BOUND('',#946,.T.);
#99=FACE_BOUND('',#947,.T.);
#100=FACE_BOUND('',#948,.T.);
#101=FACE_BOUND('',#949,.T.);
#102=FACE_BOUND('',#950,.T.);
#103=FACE_BOUND('',#951,.T.);
#104=FACE_BOUND('',#952,.T.);
#105=FACE_BOUND('',#953,.T.);
#106=FACE_BOUND('',#954,.T.);
#107=FACE_BOUND('',#955,.T.);
#108=FACE_BOUND('',#956,.T.);
#109=FACE_BOUND('',#957,.T.);
#110=FACE_BOUND('',#958,.T.);
#111=FACE_BOUND('',#959,.T.);
#112=FACE_BOUND('',#960,.T.);
#113=FACE_BOUND('',#1015,.T.);
#114=FACE_BOUND('',#1016,.T.);
#115=FACE_BOUND('',#1017,.T.);
#116=FACE_BOUND('',#1018,.T.);
#117=FACE_BOUND('',#1019,.T.);
#118=FACE_BOUND('',#1020,.T.);
#119=FACE_BOUND('',#1021,.T.);
#120=FACE_BOUND('',#1022,.T.);
#121=PLANE('',#7028);
#122=PLANE('',#7029);
#123=PLANE('',#7030);
#124=PLANE('',#7031);
#125=PLANE('',#7032);
#126=PLANE('',#7033);
#127=PLANE('',#7034);
#128=PLANE('',#7035);
#129=PLANE('',#7036);
#130=PLANE('',#7037);
#131=PLANE('',#7038);
#132=PLANE('',#7039);
#133=PLANE('',#7040);
#134=PLANE('',#7041);
#135=PLANE('',#7042);
#136=PLANE('',#7043);
#137=PLANE('',#7044);
#138=PLANE('',#7045);
#139=PLANE('',#7046);
#140=PLANE('',#7047);
#141=PLANE('',#7048);
#142=PLANE('',#7049);
#143=PLANE('',#7050);
#144=PLANE('',#7051);
#145=PLANE('',#7052);
#146=PLANE('',#7053);
#147=PLANE('',#7054);
#148=PLANE('',#7055);
#149=PLANE('',#7056);
#150=PLANE('',#7057);
#151=PLANE('',#7058);
#152=PLANE('',#7059);
#153=PLANE('',#7060);
#154=PLANE('',#7061);
#155=PLANE('',#7062);
#156=PLANE('',#7063);
#157=PLANE('',#7064);
#158=PLANE('',#7065);
#159=PLANE('',#7066);
#160=PLANE('',#7067);
#161=PLANE('',#7068);
#162=PLANE('',#7069);
#163=PLANE('',#7070);
#164=PLANE('',#7071);
#165=PLANE('',#7072);
#166=PLANE('',#7073);
#167=PLANE('',#7074);
#168=PLANE('',#7075);
#169=PLANE('',#7076);
#170=PLANE('',#7077);
#171=PLANE('',#7078);
#172=PLANE('',#7079);
#173=PLANE('',#7080);
#174=PLANE('',#7081);
#175=PLANE('',#7082);
#176=PLANE('',#7083);
#177=PLANE('',#7084);
#178=PLANE('',#7085);
#179=PLANE('',#7086);
#180=PLANE('',#7087);
#181=PLANE('',#7088);
#182=PLANE('',#7089);
#183=PLANE('',#7090);
#184=PLANE('',#7091);
#185=PLANE('',#7092);
#186=PLANE('',#7093);
#187=PLANE('',#7094);
#188=PLANE('',#7095);
#189=PLANE('',#7096);
#190=PLANE('',#7097);
#191=PLANE('',#7098);
#192=PLANE('',#7099);
#193=PLANE('',#7100);
#194=PLANE('',#7101);
#195=PLANE('',#7102);
#196=PLANE('',#7103);
#197=PLANE('',#7104);
#198=PLANE('',#7105);
#199=PLANE('',#7106);
#200=PLANE('',#7107);
#201=PLANE('',#7108);
#202=PLANE('',#7109);
#203=PLANE('',#7110);
#204=PLANE('',#7111);
#205=PLANE('',#7112);
#206=PLANE('',#7113);
#207=PLANE('',#7114);
#208=PLANE('',#7115);
#209=PLANE('',#7116);
#210=PLANE('',#7117);
#211=PLANE('',#7118);
#212=PLANE('',#7119);
#213=PLANE('',#7120);
#214=PLANE('',#7121);
#215=PLANE('',#7122);
#216=PLANE('',#7123);
#217=PLANE('',#7124);
#218=PLANE('',#7125);
#219=PLANE('',#7126);
#220=PLANE('',#7127);
#221=PLANE('',#7152);
#222=PLANE('',#7153);
#223=PLANE('',#7154);
#224=PLANE('',#7155);
#225=PLANE('',#7158);
#226=PLANE('',#7159);
#227=PLANE('',#7164);
#228=PLANE('',#7167);
#229=PLANE('',#7168);
#230=PLANE('',#7171);
#231=PLANE('',#7174);
#232=PLANE('',#7177);
#233=PLANE('',#7186);
#234=PLANE('',#7189);
#235=PLANE('',#7192);
#236=PLANE('',#7195);
#237=PLANE('',#7198);
#238=PLANE('',#7201);
#239=PLANE('',#7204);
#240=PLANE('',#7207);
#241=PLANE('',#7210);
#242=PLANE('',#7213);
#243=PLANE('',#7216);
#244=PLANE('',#7219);
#245=PLANE('',#7224);
#246=PLANE('',#7225);
#247=PLANE('',#7226);
#248=PLANE('',#7227);
#249=PLANE('',#7228);
#250=PLANE('',#7229);
#251=FACE_OUTER_BOUND('',#620,.T.);
#252=FACE_OUTER_BOUND('',#621,.T.);
#253=FACE_OUTER_BOUND('',#622,.T.);
#254=FACE_OUTER_BOUND('',#623,.T.);
#255=FACE_OUTER_BOUND('',#624,.T.);
#256=FACE_OUTER_BOUND('',#625,.T.);
#257=FACE_OUTER_BOUND('',#626,.T.);
#258=FACE_OUTER_BOUND('',#627,.T.);
#259=FACE_OUTER_BOUND('',#628,.T.);
#260=FACE_OUTER_BOUND('',#629,.T.);
#261=FACE_OUTER_BOUND('',#630,.T.);
#262=FACE_OUTER_BOUND('',#631,.T.);
#263=FACE_OUTER_BOUND('',#632,.T.);
#264=FACE_OUTER_BOUND('',#633,.T.);
#265=FACE_OUTER_BOUND('',#634,.T.);
#266=FACE_OUTER_BOUND('',#635,.T.);
#267=FACE_OUTER_BOUND('',#636,.T.);
#268=FACE_OUTER_BOUND('',#637,.T.);
#269=FACE_OUTER_BOUND('',#638,.T.);
#270=FACE_OUTER_BOUND('',#639,.T.);
#271=FACE_OUTER_BOUND('',#640,.T.);
#272=FACE_OUTER_BOUND('',#641,.T.);
#273=FACE_OUTER_BOUND('',#642,.T.);
#274=FACE_OUTER_BOUND('',#643,.T.);
#275=FACE_OUTER_BOUND('',#644,.T.);
#276=FACE_OUTER_BOUND('',#645,.T.);
#277=FACE_OUTER_BOUND('',#646,.T.);
#278=FACE_OUTER_BOUND('',#647,.T.);
#279=FACE_OUTER_BOUND('',#648,.T.);
#280=FACE_OUTER_BOUND('',#649,.T.);
#281=FACE_OUTER_BOUND('',#650,.T.);
#282=FACE_OUTER_BOUND('',#651,.T.);
#283=FACE_OUTER_BOUND('',#652,.T.);
#284=FACE_OUTER_BOUND('',#653,.T.);
#285=FACE_OUTER_BOUND('',#654,.T.);
#286=FACE_OUTER_BOUND('',#655,.T.);
#287=FACE_OUTER_BOUND('',#656,.T.);
#288=FACE_OUTER_BOUND('',#657,.T.);
#289=FACE_OUTER_BOUND('',#659,.T.);
#290=FACE_OUTER_BOUND('',#660,.T.);
#291=FACE_OUTER_BOUND('',#661,.T.);
#292=FACE_OUTER_BOUND('',#662,.T.);
#293=FACE_OUTER_BOUND('',#663,.T.);
#294=FACE_OUTER_BOUND('',#664,.T.);
#295=FACE_OUTER_BOUND('',#665,.T.);
#296=FACE_OUTER_BOUND('',#666,.T.);
#297=FACE_OUTER_BOUND('',#667,.T.);
#298=FACE_OUTER_BOUND('',#668,.T.);
#299=FACE_OUTER_BOUND('',#669,.T.);
#300=FACE_OUTER_BOUND('',#670,.T.);
#301=FACE_OUTER_BOUND('',#671,.T.);
#302=FACE_OUTER_BOUND('',#672,.T.);
#303=FACE_OUTER_BOUND('',#673,.T.);
#304=FACE_OUTER_BOUND('',#674,.T.);
#305=FACE_OUTER_BOUND('',#675,.T.);
#306=FACE_OUTER_BOUND('',#676,.T.);
#307=FACE_OUTER_BOUND('',#677,.T.);
#308=FACE_OUTER_BOUND('',#678,.T.);
#309=FACE_OUTER_BOUND('',#679,.T.);
#310=FACE_OUTER_BOUND('',#680,.T.);
#311=FACE_OUTER_BOUND('',#681,.T.);
#312=FACE_OUTER_BOUND('',#682,.T.);
#313=FACE_OUTER_BOUND('',#683,.T.);
#314=FACE_OUTER_BOUND('',#684,.T.);
#315=FACE_OUTER_BOUND('',#685,.T.);
#316=FACE_OUTER_BOUND('',#686,.T.);
#317=FACE_OUTER_BOUND('',#687,.T.);
#318=FACE_OUTER_BOUND('',#688,.T.);
#319=FACE_OUTER_BOUND('',#689,.T.);
#320=FACE_OUTER_BOUND('',#690,.T.);
#321=FACE_OUTER_BOUND('',#691,.T.);
#322=FACE_OUTER_BOUND('',#692,.T.);
#323=FACE_OUTER_BOUND('',#693,.T.);
#324=FACE_OUTER_BOUND('',#694,.T.);
#325=FACE_OUTER_BOUND('',#695,.T.);
#326=FACE_OUTER_BOUND('',#696,.T.);
#327=FACE_OUTER_BOUND('',#697,.T.);
#328=FACE_OUTER_BOUND('',#698,.T.);
#329=FACE_OUTER_BOUND('',#699,.T.);
#330=FACE_OUTER_BOUND('',#700,.T.);
#331=FACE_OUTER_BOUND('',#701,.T.);
#332=FACE_OUTER_BOUND('',#702,.T.);
#333=FACE_OUTER_BOUND('',#703,.T.);
#334=FACE_OUTER_BOUND('',#704,.T.);
#335=FACE_OUTER_BOUND('',#705,.T.);
#336=FACE_OUTER_BOUND('',#706,.T.);
#337=FACE_OUTER_BOUND('',#707,.T.);
#338=FACE_OUTER_BOUND('',#708,.T.);
#339=FACE_OUTER_BOUND('',#709,.T.);
#340=FACE_OUTER_BOUND('',#710,.T.);
#341=FACE_OUTER_BOUND('',#711,.T.);
#342=FACE_OUTER_BOUND('',#712,.T.);
#343=FACE_OUTER_BOUND('',#713,.T.);
#344=FACE_OUTER_BOUND('',#714,.T.);
#345=FACE_OUTER_BOUND('',#715,.T.);
#346=FACE_OUTER_BOUND('',#716,.T.);
#347=FACE_OUTER_BOUND('',#717,.T.);
#348=FACE_OUTER_BOUND('',#718,.T.);
#349=FACE_OUTER_BOUND('',#719,.T.);
#350=FACE_OUTER_BOUND('',#720,.T.);
#351=FACE_OUTER_BOUND('',#721,.T.);
#352=FACE_OUTER_BOUND('',#722,.T.);
#353=FACE_OUTER_BOUND('',#723,.T.);
#354=FACE_OUTER_BOUND('',#724,.T.);
#355=FACE_OUTER_BOUND('',#725,.T.);
#356=FACE_OUTER_BOUND('',#726,.T.);
#357=FACE_OUTER_BOUND('',#727,.T.);
#358=FACE_OUTER_BOUND('',#728,.T.);
#359=FACE_OUTER_BOUND('',#729,.T.);
#360=FACE_OUTER_BOUND('',#730,.T.);
#361=FACE_OUTER_BOUND('',#731,.T.);
#362=FACE_OUTER_BOUND('',#732,.T.);
#363=FACE_OUTER_BOUND('',#733,.T.);
#364=FACE_OUTER_BOUND('',#734,.T.);
#365=FACE_OUTER_BOUND('',#735,.T.);
#366=FACE_OUTER_BOUND('',#736,.T.);
#367=FACE_OUTER_BOUND('',#737,.T.);
#368=FACE_OUTER_BOUND('',#738,.T.);
#369=FACE_OUTER_BOUND('',#739,.T.);
#370=FACE_OUTER_BOUND('',#740,.T.);
#371=FACE_OUTER_BOUND('',#741,.T.);
#372=FACE_OUTER_BOUND('',#742,.T.);
#373=FACE_OUTER_BOUND('',#743,.T.);
#374=FACE_OUTER_BOUND('',#744,.T.);
#375=FACE_OUTER_BOUND('',#745,.T.);
#376=FACE_OUTER_BOUND('',#746,.T.);
#377=FACE_OUTER_BOUND('',#747,.T.);
#378=FACE_OUTER_BOUND('',#748,.T.);
#379=FACE_OUTER_BOUND('',#749,.T.);
#380=FACE_OUTER_BOUND('',#750,.T.);
#381=FACE_OUTER_BOUND('',#751,.T.);
#382=FACE_OUTER_BOUND('',#752,.T.);
#383=FACE_OUTER_BOUND('',#753,.T.);
#384=FACE_OUTER_BOUND('',#754,.T.);
#385=FACE_OUTER_BOUND('',#755,.T.);
#386=FACE_OUTER_BOUND('',#756,.T.);
#387=FACE_OUTER_BOUND('',#757,.T.);
#388=FACE_OUTER_BOUND('',#758,.T.);
#389=FACE_OUTER_BOUND('',#759,.T.);
#390=FACE_OUTER_BOUND('',#760,.T.);
#391=FACE_OUTER_BOUND('',#761,.T.);
#392=FACE_OUTER_BOUND('',#762,.T.);
#393=FACE_OUTER_BOUND('',#763,.T.);
#394=FACE_OUTER_BOUND('',#764,.T.);
#395=FACE_OUTER_BOUND('',#765,.T.);
#396=FACE_OUTER_BOUND('',#766,.T.);
#397=FACE_OUTER_BOUND('',#767,.T.);
#398=FACE_OUTER_BOUND('',#768,.T.);
#399=FACE_OUTER_BOUND('',#770,.T.);
#400=FACE_OUTER_BOUND('',#771,.T.);
#401=FACE_OUTER_BOUND('',#772,.T.);
#402=FACE_OUTER_BOUND('',#773,.T.);
#403=FACE_OUTER_BOUND('',#774,.T.);
#404=FACE_OUTER_BOUND('',#775,.T.);
#405=FACE_OUTER_BOUND('',#776,.T.);
#406=FACE_OUTER_BOUND('',#777,.T.);
#407=FACE_OUTER_BOUND('',#778,.T.);
#408=FACE_OUTER_BOUND('',#779,.T.);
#409=FACE_OUTER_BOUND('',#780,.T.);
#410=FACE_OUTER_BOUND('',#781,.T.);
#411=FACE_OUTER_BOUND('',#782,.T.);
#412=FACE_OUTER_BOUND('',#783,.T.);
#413=FACE_OUTER_BOUND('',#784,.T.);
#414=FACE_OUTER_BOUND('',#785,.T.);
#415=FACE_OUTER_BOUND('',#786,.T.);
#416=FACE_OUTER_BOUND('',#787,.T.);
#417=FACE_OUTER_BOUND('',#788,.T.);
#418=FACE_OUTER_BOUND('',#789,.T.);
#419=FACE_OUTER_BOUND('',#790,.T.);
#420=FACE_OUTER_BOUND('',#791,.T.);
#421=FACE_OUTER_BOUND('',#792,.T.);
#422=FACE_OUTER_BOUND('',#793,.T.);
#423=FACE_OUTER_BOUND('',#794,.T.);
#424=FACE_OUTER_BOUND('',#795,.T.);
#425=FACE_OUTER_BOUND('',#796,.T.);
#426=FACE_OUTER_BOUND('',#797,.T.);
#427=FACE_OUTER_BOUND('',#798,.T.);
#428=FACE_OUTER_BOUND('',#799,.T.);
#429=FACE_OUTER_BOUND('',#800,.T.);
#430=FACE_OUTER_BOUND('',#801,.T.);
#431=FACE_OUTER_BOUND('',#802,.T.);
#432=FACE_OUTER_BOUND('',#803,.T.);
#433=FACE_OUTER_BOUND('',#804,.T.);
#434=FACE_OUTER_BOUND('',#805,.T.);
#435=FACE_OUTER_BOUND('',#806,.T.);
#436=FACE_OUTER_BOUND('',#807,.T.);
#437=FACE_OUTER_BOUND('',#809,.T.);
#438=FACE_OUTER_BOUND('',#810,.T.);
#439=FACE_OUTER_BOUND('',#811,.T.);
#440=FACE_OUTER_BOUND('',#812,.T.);
#441=FACE_OUTER_BOUND('',#813,.T.);
#442=FACE_OUTER_BOUND('',#814,.T.);
#443=FACE_OUTER_BOUND('',#815,.T.);
#444=FACE_OUTER_BOUND('',#816,.T.);
#445=FACE_OUTER_BOUND('',#817,.T.);
#446=FACE_OUTER_BOUND('',#818,.T.);
#447=FACE_OUTER_BOUND('',#819,.T.);
#448=FACE_OUTER_BOUND('',#820,.T.);
#449=FACE_OUTER_BOUND('',#821,.T.);
#450=FACE_OUTER_BOUND('',#822,.T.);
#451=FACE_OUTER_BOUND('',#823,.T.);
#452=FACE_OUTER_BOUND('',#824,.T.);
#453=FACE_OUTER_BOUND('',#825,.T.);
#454=FACE_OUTER_BOUND('',#826,.T.);
#455=FACE_OUTER_BOUND('',#827,.T.);
#456=FACE_OUTER_BOUND('',#828,.T.);
#457=FACE_OUTER_BOUND('',#829,.T.);
#458=FACE_OUTER_BOUND('',#830,.T.);
#459=FACE_OUTER_BOUND('',#831,.T.);
#460=FACE_OUTER_BOUND('',#832,.T.);
#461=FACE_OUTER_BOUND('',#833,.T.);
#462=FACE_OUTER_BOUND('',#834,.T.);
#463=FACE_OUTER_BOUND('',#835,.T.);
#464=FACE_OUTER_BOUND('',#836,.T.);
#465=FACE_OUTER_BOUND('',#837,.T.);
#466=FACE_OUTER_BOUND('',#838,.T.);
#467=FACE_OUTER_BOUND('',#839,.T.);
#468=FACE_OUTER_BOUND('',#840,.T.);
#469=FACE_OUTER_BOUND('',#841,.T.);
#470=FACE_OUTER_BOUND('',#842,.T.);
#471=FACE_OUTER_BOUND('',#843,.T.);
#472=FACE_OUTER_BOUND('',#844,.T.);
#473=FACE_OUTER_BOUND('',#845,.T.);
#474=FACE_OUTER_BOUND('',#846,.T.);
#475=FACE_OUTER_BOUND('',#847,.T.);
#476=FACE_OUTER_BOUND('',#848,.T.);
#477=FACE_OUTER_BOUND('',#849,.T.);
#478=FACE_OUTER_BOUND('',#850,.T.);
#479=FACE_OUTER_BOUND('',#851,.T.);
#480=FACE_OUTER_BOUND('',#852,.T.);
#481=FACE_OUTER_BOUND('',#853,.T.);
#482=FACE_OUTER_BOUND('',#854,.T.);
#483=FACE_OUTER_BOUND('',#855,.T.);
#484=FACE_OUTER_BOUND('',#856,.T.);
#485=FACE_OUTER_BOUND('',#857,.T.);
#486=FACE_OUTER_BOUND('',#858,.T.);
#487=FACE_OUTER_BOUND('',#859,.T.);
#488=FACE_OUTER_BOUND('',#861,.T.);
#489=FACE_OUTER_BOUND('',#862,.T.);
#490=FACE_OUTER_BOUND('',#863,.T.);
#491=FACE_OUTER_BOUND('',#864,.T.);
#492=FACE_OUTER_BOUND('',#865,.T.);
#493=FACE_OUTER_BOUND('',#866,.T.);
#494=FACE_OUTER_BOUND('',#867,.T.);
#495=FACE_OUTER_BOUND('',#868,.T.);
#496=FACE_OUTER_BOUND('',#869,.T.);
#497=FACE_OUTER_BOUND('',#870,.T.);
#498=FACE_OUTER_BOUND('',#871,.T.);
#499=FACE_OUTER_BOUND('',#872,.T.);
#500=FACE_OUTER_BOUND('',#873,.T.);
#501=FACE_OUTER_BOUND('',#874,.T.);
#502=FACE_OUTER_BOUND('',#875,.T.);
#503=FACE_OUTER_BOUND('',#876,.T.);
#504=FACE_OUTER_BOUND('',#877,.T.);
#505=FACE_OUTER_BOUND('',#878,.T.);
#506=FACE_OUTER_BOUND('',#879,.T.);
#507=FACE_OUTER_BOUND('',#880,.T.);
#508=FACE_OUTER_BOUND('',#881,.T.);
#509=FACE_OUTER_BOUND('',#882,.T.);
#510=FACE_OUTER_BOUND('',#883,.T.);
#511=FACE_OUTER_BOUND('',#885,.T.);
#512=FACE_OUTER_BOUND('',#886,.T.);
#513=FACE_OUTER_BOUND('',#887,.T.);
#514=FACE_OUTER_BOUND('',#888,.T.);
#515=FACE_OUTER_BOUND('',#889,.T.);
#516=FACE_OUTER_BOUND('',#890,.T.);
#517=FACE_OUTER_BOUND('',#891,.T.);
#518=FACE_OUTER_BOUND('',#892,.T.);
#519=FACE_OUTER_BOUND('',#893,.T.);
#520=FACE_OUTER_BOUND('',#894,.T.);
#521=FACE_OUTER_BOUND('',#895,.T.);
#522=FACE_OUTER_BOUND('',#896,.T.);
#523=FACE_OUTER_BOUND('',#897,.T.);
#524=FACE_OUTER_BOUND('',#898,.T.);
#525=FACE_OUTER_BOUND('',#899,.T.);
#526=FACE_OUTER_BOUND('',#900,.T.);
#527=FACE_OUTER_BOUND('',#901,.T.);
#528=FACE_OUTER_BOUND('',#902,.T.);
#529=FACE_OUTER_BOUND('',#903,.T.);
#530=FACE_OUTER_BOUND('',#904,.T.);
#531=FACE_OUTER_BOUND('',#905,.T.);
#532=FACE_OUTER_BOUND('',#906,.T.);
#533=FACE_OUTER_BOUND('',#907,.T.);
#534=FACE_OUTER_BOUND('',#908,.T.);
#535=FACE_OUTER_BOUND('',#909,.T.);
#536=FACE_OUTER_BOUND('',#910,.T.);
#537=FACE_OUTER_BOUND('',#911,.T.);
#538=FACE_OUTER_BOUND('',#912,.T.);
#539=FACE_OUTER_BOUND('',#913,.T.);
#540=FACE_OUTER_BOUND('',#914,.T.);
#541=FACE_OUTER_BOUND('',#915,.T.);
#542=FACE_OUTER_BOUND('',#916,.T.);
#543=FACE_OUTER_BOUND('',#917,.T.);
#544=FACE_OUTER_BOUND('',#918,.T.);
#545=FACE_OUTER_BOUND('',#919,.T.);
#546=FACE_OUTER_BOUND('',#920,.T.);
#547=FACE_OUTER_BOUND('',#921,.T.);
#548=FACE_OUTER_BOUND('',#922,.T.);
#549=FACE_OUTER_BOUND('',#923,.T.);
#550=FACE_OUTER_BOUND('',#924,.T.);
#551=FACE_OUTER_BOUND('',#925,.T.);
#552=FACE_OUTER_BOUND('',#926,.T.);
#553=FACE_OUTER_BOUND('',#927,.T.);
#554=FACE_OUTER_BOUND('',#928,.T.);
#555=FACE_OUTER_BOUND('',#929,.T.);
#556=FACE_OUTER_BOUND('',#930,.T.);
#557=FACE_OUTER_BOUND('',#931,.T.);
#558=FACE_OUTER_BOUND('',#932,.T.);
#559=FACE_OUTER_BOUND('',#933,.T.);
#560=FACE_OUTER_BOUND('',#934,.T.);
#561=FACE_OUTER_BOUND('',#935,.T.);
#562=FACE_OUTER_BOUND('',#936,.T.);
#563=FACE_OUTER_BOUND('',#937,.T.);
#564=FACE_OUTER_BOUND('',#938,.T.);
#565=FACE_OUTER_BOUND('',#939,.T.);
#566=FACE_OUTER_BOUND('',#961,.T.);
#567=FACE_OUTER_BOUND('',#962,.T.);
#568=FACE_OUTER_BOUND('',#963,.T.);
#569=FACE_OUTER_BOUND('',#964,.T.);
#570=FACE_OUTER_BOUND('',#965,.T.);
#571=FACE_OUTER_BOUND('',#966,.T.);
#572=FACE_OUTER_BOUND('',#967,.T.);
#573=FACE_OUTER_BOUND('',#968,.T.);
#574=FACE_OUTER_BOUND('',#969,.T.);
#575=FACE_OUTER_BOUND('',#970,.T.);
#576=FACE_OUTER_BOUND('',#971,.T.);
#577=FACE_OUTER_BOUND('',#972,.T.);
#578=FACE_OUTER_BOUND('',#973,.T.);
#579=FACE_OUTER_BOUND('',#974,.T.);
#580=FACE_OUTER_BOUND('',#975,.T.);
#581=FACE_OUTER_BOUND('',#976,.T.);
#582=FACE_OUTER_BOUND('',#977,.T.);
#583=FACE_OUTER_BOUND('',#978,.T.);
#584=FACE_OUTER_BOUND('',#979,.T.);
#585=FACE_OUTER_BOUND('',#980,.T.);
#586=FACE_OUTER_BOUND('',#981,.T.);
#587=FACE_OUTER_BOUND('',#982,.T.);
#588=FACE_OUTER_BOUND('',#983,.T.);
#589=FACE_OUTER_BOUND('',#984,.T.);
#590=FACE_OUTER_BOUND('',#985,.T.);
#591=FACE_OUTER_BOUND('',#986,.T.);
#592=FACE_OUTER_BOUND('',#987,.T.);
#593=FACE_OUTER_BOUND('',#988,.T.);
#594=FACE_OUTER_BOUND('',#989,.T.);
#595=FACE_OUTER_BOUND('',#990,.T.);
#596=FACE_OUTER_BOUND('',#991,.T.);
#597=FACE_OUTER_BOUND('',#992,.T.);
#598=FACE_OUTER_BOUND('',#993,.T.);
#599=FACE_OUTER_BOUND('',#994,.T.);
#600=FACE_OUTER_BOUND('',#995,.T.);
#601=FACE_OUTER_BOUND('',#996,.T.);
#602=FACE_OUTER_BOUND('',#997,.T.);
#603=FACE_OUTER_BOUND('',#998,.T.);
#604=FACE_OUTER_BOUND('',#999,.T.);
#605=FACE_OUTER_BOUND('',#1000,.T.);
#606=FACE_OUTER_BOUND('',#1001,.T.);
#607=FACE_OUTER_BOUND('',#1002,.T.);
#608=FACE_OUTER_BOUND('',#1003,.T.);
#609=FACE_OUTER_BOUND('',#1004,.T.);
#610=FACE_OUTER_BOUND('',#1005,.T.);
#611=FACE_OUTER_BOUND('',#1006,.T.);
#612=FACE_OUTER_BOUND('',#1007,.T.);
#613=FACE_OUTER_BOUND('',#1008,.T.);
#614=FACE_OUTER_BOUND('',#1009,.T.);
#615=FACE_OUTER_BOUND('',#1010,.T.);
#616=FACE_OUTER_BOUND('',#1011,.T.);
#617=FACE_OUTER_BOUND('',#1012,.T.);
#618=FACE_OUTER_BOUND('',#1013,.T.);
#619=FACE_OUTER_BOUND('',#1014,.T.);
#620=EDGE_LOOP('',(#4336,#4337,#4338,#4339));
#621=EDGE_LOOP('',(#4340,#4341,#4342,#4343));
#622=EDGE_LOOP('',(#4344,#4345,#4346,#4347));
#623=EDGE_LOOP('',(#4348,#4349,#4350,#4351));
#624=EDGE_LOOP('',(#4352,#4353,#4354,#4355));
#625=EDGE_LOOP('',(#4356,#4357,#4358,#4359));
#626=EDGE_LOOP('',(#4360,#4361,#4362,#4363));
#627=EDGE_LOOP('',(#4364,#4365,#4366,#4367));
#628=EDGE_LOOP('',(#4368,#4369,#4370,#4371));
#629=EDGE_LOOP('',(#4372,#4373,#4374,#4375));
#630=EDGE_LOOP('',(#4376,#4377,#4378,#4379));
#631=EDGE_LOOP('',(#4380,#4381,#4382,#4383));
#632=EDGE_LOOP('',(#4384,#4385,#4386,#4387));
#633=EDGE_LOOP('',(#4388,#4389,#4390,#4391));
#634=EDGE_LOOP('',(#4392,#4393,#4394,#4395));
#635=EDGE_LOOP('',(#4396,#4397,#4398,#4399));
#636=EDGE_LOOP('',(#4400,#4401,#4402,#4403));
#637=EDGE_LOOP('',(#4404,#4405,#4406,#4407));
#638=EDGE_LOOP('',(#4408,#4409,#4410,#4411));
#639=EDGE_LOOP('',(#4412,#4413,#4414,#4415));
#640=EDGE_LOOP('',(#4416,#4417,#4418,#4419));
#641=EDGE_LOOP('',(#4420,#4421,#4422,#4423));
#642=EDGE_LOOP('',(#4424,#4425,#4426,#4427));
#643=EDGE_LOOP('',(#4428,#4429,#4430,#4431));
#644=EDGE_LOOP('',(#4432,#4433,#4434,#4435));
#645=EDGE_LOOP('',(#4436,#4437,#4438,#4439));
#646=EDGE_LOOP('',(#4440,#4441,#4442,#4443));
#647=EDGE_LOOP('',(#4444,#4445,#4446,#4447));
#648=EDGE_LOOP('',(#4448,#4449,#4450,#4451));
#649=EDGE_LOOP('',(#4452,#4453,#4454,#4455));
#650=EDGE_LOOP('',(#4456,#4457,#4458,#4459));
#651=EDGE_LOOP('',(#4460,#4461,#4462,#4463));
#652=EDGE_LOOP('',(#4464,#4465,#4466,#4467));
#653=EDGE_LOOP('',(#4468,#4469,#4470,#4471));
#654=EDGE_LOOP('',(#4472,#4473,#4474,#4475));
#655=EDGE_LOOP('',(#4476,#4477,#4478,#4479));
#656=EDGE_LOOP('',(#4480,#4481,#4482,#4483));
#657=EDGE_LOOP('',(#4484,#4485,#4486,#4487,#4488,#4489,#4490,#4491,#4492,
#4493,#4494,#4495,#4496,#4497,#4498,#4499,#4500,#4501,#4502,#4503,#4504,
#4505,#4506,#4507,#4508,#4509,#4510));
#658=EDGE_LOOP('',(#4511,#4512,#4513,#4514,#4515,#4516,#4517,#4518,#4519,
#4520));
#659=EDGE_LOOP('',(#4521,#4522,#4523,#4524));
#660=EDGE_LOOP('',(#4525,#4526,#4527,#4528));
#661=EDGE_LOOP('',(#4529,#4530,#4531,#4532));
#662=EDGE_LOOP('',(#4533,#4534,#4535,#4536));
#663=EDGE_LOOP('',(#4537,#4538,#4539,#4540));
#664=EDGE_LOOP('',(#4541,#4542,#4543,#4544));
#665=EDGE_LOOP('',(#4545,#4546,#4547,#4548));
#666=EDGE_LOOP('',(#4549,#4550,#4551,#4552));
#667=EDGE_LOOP('',(#4553,#4554,#4555,#4556));
#668=EDGE_LOOP('',(#4557,#4558,#4559,#4560));
#669=EDGE_LOOP('',(#4561,#4562,#4563,#4564));
#670=EDGE_LOOP('',(#4565,#4566,#4567,#4568));
#671=EDGE_LOOP('',(#4569,#4570,#4571,#4572));
#672=EDGE_LOOP('',(#4573,#4574,#4575,#4576));
#673=EDGE_LOOP('',(#4577,#4578,#4579,#4580));
#674=EDGE_LOOP('',(#4581,#4582,#4583,#4584));
#675=EDGE_LOOP('',(#4585,#4586,#4587,#4588));
#676=EDGE_LOOP('',(#4589,#4590,#4591,#4592));
#677=EDGE_LOOP('',(#4593,#4594,#4595,#4596,#4597,#4598,#4599,#4600,#4601,
#4602,#4603,#4604,#4605,#4606,#4607,#4608,#4609,#4610));
#678=EDGE_LOOP('',(#4611,#4612,#4613,#4614));
#679=EDGE_LOOP('',(#4615,#4616,#4617,#4618));
#680=EDGE_LOOP('',(#4619,#4620,#4621,#4622));
#681=EDGE_LOOP('',(#4623,#4624,#4625,#4626));
#682=EDGE_LOOP('',(#4627,#4628,#4629,#4630));
#683=EDGE_LOOP('',(#4631,#4632,#4633,#4634));
#684=EDGE_LOOP('',(#4635,#4636,#4637,#4638));
#685=EDGE_LOOP('',(#4639,#4640,#4641,#4642));
#686=EDGE_LOOP('',(#4643,#4644,#4645,#4646));
#687=EDGE_LOOP('',(#4647,#4648,#4649,#4650));
#688=EDGE_LOOP('',(#4651,#4652,#4653,#4654));
#689=EDGE_LOOP('',(#4655,#4656,#4657,#4658));
#690=EDGE_LOOP('',(#4659,#4660,#4661,#4662));
#691=EDGE_LOOP('',(#4663,#4664,#4665,#4666));
#692=EDGE_LOOP('',(#4667,#4668,#4669,#4670));
#693=EDGE_LOOP('',(#4671,#4672,#4673,#4674));
#694=EDGE_LOOP('',(#4675,#4676,#4677,#4678));
#695=EDGE_LOOP('',(#4679,#4680,#4681,#4682));
#696=EDGE_LOOP('',(#4683,#4684,#4685,#4686));
#697=EDGE_LOOP('',(#4687,#4688,#4689,#4690));
#698=EDGE_LOOP('',(#4691,#4692,#4693,#4694));
#699=EDGE_LOOP('',(#4695,#4696,#4697,#4698));
#700=EDGE_LOOP('',(#4699,#4700,#4701,#4702));
#701=EDGE_LOOP('',(#4703,#4704,#4705,#4706));
#702=EDGE_LOOP('',(#4707,#4708,#4709,#4710));
#703=EDGE_LOOP('',(#4711,#4712,#4713,#4714));
#704=EDGE_LOOP('',(#4715,#4716,#4717,#4718));
#705=EDGE_LOOP('',(#4719,#4720,#4721,#4722));
#706=EDGE_LOOP('',(#4723,#4724,#4725,#4726));
#707=EDGE_LOOP('',(#4727,#4728,#4729,#4730));
#708=EDGE_LOOP('',(#4731,#4732,#4733,#4734));
#709=EDGE_LOOP('',(#4735,#4736,#4737,#4738));
#710=EDGE_LOOP('',(#4739,#4740,#4741,#4742));
#711=EDGE_LOOP('',(#4743,#4744,#4745,#4746,#4747,#4748,#4749,#4750,#4751,
#4752,#4753,#4754,#4755,#4756,#4757,#4758,#4759,#4760,#4761,#4762,#4763,
#4764,#4765,#4766,#4767,#4768,#4769,#4770,#4771,#4772,#4773,#4774,#4775));
#712=EDGE_LOOP('',(#4776,#4777,#4778,#4779));
#713=EDGE_LOOP('',(#4780,#4781,#4782,#4783));
#714=EDGE_LOOP('',(#4784,#4785,#4786,#4787));
#715=EDGE_LOOP('',(#4788,#4789,#4790,#4791));
#716=EDGE_LOOP('',(#4792,#4793,#4794,#4795));
#717=EDGE_LOOP('',(#4796,#4797,#4798,#4799));
#718=EDGE_LOOP('',(#4800,#4801,#4802,#4803));
#719=EDGE_LOOP('',(#4804,#4805,#4806,#4807));
#720=EDGE_LOOP('',(#4808,#4809,#4810,#4811));
#721=EDGE_LOOP('',(#4812,#4813,#4814,#4815));
#722=EDGE_LOOP('',(#4816,#4817,#4818,#4819));
#723=EDGE_LOOP('',(#4820,#4821,#4822,#4823));
#724=EDGE_LOOP('',(#4824,#4825,#4826,#4827,#4828,#4829,#4830,#4831,#4832,
#4833,#4834,#4835));
#725=EDGE_LOOP('',(#4836,#4837,#4838,#4839));
#726=EDGE_LOOP('',(#4840,#4841,#4842,#4843));
#727=EDGE_LOOP('',(#4844,#4845,#4846,#4847));
#728=EDGE_LOOP('',(#4848,#4849,#4850,#4851));
#729=EDGE_LOOP('',(#4852,#4853,#4854,#4855));
#730=EDGE_LOOP('',(#4856,#4857,#4858,#4859));
#731=EDGE_LOOP('',(#4860,#4861,#4862,#4863));
#732=EDGE_LOOP('',(#4864,#4865,#4866,#4867));
#733=EDGE_LOOP('',(#4868,#4869,#4870,#4871));
#734=EDGE_LOOP('',(#4872,#4873,#4874,#4875));
#735=EDGE_LOOP('',(#4876,#4877,#4878,#4879));
#736=EDGE_LOOP('',(#4880,#4881,#4882,#4883));
#737=EDGE_LOOP('',(#4884,#4885,#4886,#4887));
#738=EDGE_LOOP('',(#4888,#4889,#4890,#4891));
#739=EDGE_LOOP('',(#4892,#4893,#4894,#4895));
#740=EDGE_LOOP('',(#4896,#4897,#4898,#4899));
#741=EDGE_LOOP('',(#4900,#4901,#4902,#4903));
#742=EDGE_LOOP('',(#4904,#4905,#4906,#4907));
#743=EDGE_LOOP('',(#4908,#4909,#4910,#4911));
#744=EDGE_LOOP('',(#4912,#4913,#4914,#4915,#4916,#4917,#4918,#4919,#4920,
#4921,#4922,#4923,#4924,#4925,#4926,#4927,#4928,#4929,#4930));
#745=EDGE_LOOP('',(#4931,#4932,#4933,#4934));
#746=EDGE_LOOP('',(#4935,#4936,#4937,#4938));
#747=EDGE_LOOP('',(#4939,#4940,#4941,#4942));
#748=EDGE_LOOP('',(#4943,#4944,#4945,#4946));
#749=EDGE_LOOP('',(#4947,#4948,#4949,#4950));
#750=EDGE_LOOP('',(#4951,#4952,#4953,#4954));
#751=EDGE_LOOP('',(#4955,#4956,#4957,#4958));
#752=EDGE_LOOP('',(#4959,#4960,#4961,#4962));
#753=EDGE_LOOP('',(#4963,#4964,#4965,#4966));
#754=EDGE_LOOP('',(#4967,#4968,#4969,#4970));
#755=EDGE_LOOP('',(#4971,#4972,#4973,#4974));
#756=EDGE_LOOP('',(#4975,#4976,#4977,#4978));
#757=EDGE_LOOP('',(#4979,#4980,#4981,#4982));
#758=EDGE_LOOP('',(#4983,#4984,#4985,#4986));
#759=EDGE_LOOP('',(#4987,#4988,#4989,#4990));
#760=EDGE_LOOP('',(#4991,#4992,#4993,#4994));
#761=EDGE_LOOP('',(#4995,#4996,#4997,#4998));
#762=EDGE_LOOP('',(#4999,#5000,#5001,#5002));
#763=EDGE_LOOP('',(#5003,#5004,#5005,#5006));
#764=EDGE_LOOP('',(#5007,#5008,#5009,#5010));
#765=EDGE_LOOP('',(#5011,#5012,#5013,#5014));
#766=EDGE_LOOP('',(#5015,#5016,#5017,#5018));
#767=EDGE_LOOP('',(#5019,#5020,#5021,#5022));
#768=EDGE_LOOP('',(#5023,#5024,#5025,#5026,#5027,#5028,#5029,#5030,#5031,
#5032,#5033,#5034,#5035,#5036,#5037));
#769=EDGE_LOOP('',(#5038,#5039,#5040,#5041,#5042,#5043,#5044,#5045));
#770=EDGE_LOOP('',(#5046,#5047,#5048,#5049));
#771=EDGE_LOOP('',(#5050,#5051,#5052,#5053));
#772=EDGE_LOOP('',(#5054,#5055,#5056,#5057));
#773=EDGE_LOOP('',(#5058,#5059,#5060,#5061));
#774=EDGE_LOOP('',(#5062,#5063,#5064,#5065));
#775=EDGE_LOOP('',(#5066,#5067,#5068,#5069));
#776=EDGE_LOOP('',(#5070,#5071,#5072,#5073));
#777=EDGE_LOOP('',(#5074,#5075,#5076,#5077));
#778=EDGE_LOOP('',(#5078,#5079,#5080,#5081));
#779=EDGE_LOOP('',(#5082,#5083,#5084,#5085));
#780=EDGE_LOOP('',(#5086,#5087,#5088,#5089));
#781=EDGE_LOOP('',(#5090,#5091,#5092,#5093));
#782=EDGE_LOOP('',(#5094,#5095,#5096,#5097));
#783=EDGE_LOOP('',(#5098,#5099,#5100,#5101));
#784=EDGE_LOOP('',(#5102,#5103,#5104,#5105));
#785=EDGE_LOOP('',(#5106,#5107,#5108,#5109));
#786=EDGE_LOOP('',(#5110,#5111,#5112,#5113));
#787=EDGE_LOOP('',(#5114,#5115,#5116,#5117));
#788=EDGE_LOOP('',(#5118,#5119,#5120,#5121));
#789=EDGE_LOOP('',(#5122,#5123,#5124,#5125));
#790=EDGE_LOOP('',(#5126,#5127,#5128,#5129));
#791=EDGE_LOOP('',(#5130,#5131,#5132,#5133));
#792=EDGE_LOOP('',(#5134,#5135,#5136,#5137));
#793=EDGE_LOOP('',(#5138,#5139,#5140,#5141));
#794=EDGE_LOOP('',(#5142,#5143,#5144,#5145));
#795=EDGE_LOOP('',(#5146,#5147,#5148,#5149));
#796=EDGE_LOOP('',(#5150,#5151,#5152,#5153));
#797=EDGE_LOOP('',(#5154,#5155,#5156,#5157));
#798=EDGE_LOOP('',(#5158,#5159,#5160,#5161));
#799=EDGE_LOOP('',(#5162,#5163,#5164,#5165));
#800=EDGE_LOOP('',(#5166,#5167,#5168,#5169));
#801=EDGE_LOOP('',(#5170,#5171,#5172,#5173));
#802=EDGE_LOOP('',(#5174,#5175,#5176,#5177));
#803=EDGE_LOOP('',(#5178,#5179,#5180,#5181));
#804=EDGE_LOOP('',(#5182,#5183,#5184,#5185));
#805=EDGE_LOOP('',(#5186,#5187,#5188,#5189));
#806=EDGE_LOOP('',(#5190,#5191,#5192,#5193));
#807=EDGE_LOOP('',(#5194,#5195,#5196,#5197,#5198,#5199,#5200,#5201,#5202,
#5203,#5204,#5205,#5206,#5207,#5208,#5209,#5210,#5211,#5212,#5213,#5214,
#5215,#5216,#5217,#5218,#5219,#5220));
#808=EDGE_LOOP('',(#5221,#5222,#5223,#5224,#5225,#5226,#5227,#5228,#5229,
#5230));
#809=EDGE_LOOP('',(#5231,#5232,#5233,#5234));
#810=EDGE_LOOP('',(#5235,#5236,#5237,#5238));
#811=EDGE_LOOP('',(#5239,#5240,#5241,#5242));
#812=EDGE_LOOP('',(#5243,#5244,#5245,#5246));
#813=EDGE_LOOP('',(#5247,#5248,#5249,#5250));
#814=EDGE_LOOP('',(#5251,#5252,#5253,#5254));
#815=EDGE_LOOP('',(#5255,#5256,#5257,#5258));
#816=EDGE_LOOP('',(#5259,#5260,#5261,#5262));
#817=EDGE_LOOP('',(#5263,#5264,#5265,#5266));
#818=EDGE_LOOP('',(#5267,#5268,#5269,#5270));
#819=EDGE_LOOP('',(#5271,#5272,#5273,#5274));
#820=EDGE_LOOP('',(#5275,#5276,#5277,#5278));
#821=EDGE_LOOP('',(#5279,#5280,#5281,#5282,#5283,#5284,#5285,#5286,#5287,
#5288,#5289,#5290));
#822=EDGE_LOOP('',(#5291,#5292,#5293,#5294));
#823=EDGE_LOOP('',(#5295,#5296,#5297,#5298));
#824=EDGE_LOOP('',(#5299,#5300,#5301,#5302));
#825=EDGE_LOOP('',(#5303,#5304,#5305,#5306));
#826=EDGE_LOOP('',(#5307,#5308,#5309,#5310));
#827=EDGE_LOOP('',(#5311,#5312,#5313,#5314));
#828=EDGE_LOOP('',(#5315,#5316,#5317,#5318));
#829=EDGE_LOOP('',(#5319,#5320,#5321,#5322));
#830=EDGE_LOOP('',(#5323,#5324,#5325,#5326));
#831=EDGE_LOOP('',(#5327,#5328,#5329,#5330));
#832=EDGE_LOOP('',(#5331,#5332,#5333,#5334));
#833=EDGE_LOOP('',(#5335,#5336,#5337,#5338));
#834=EDGE_LOOP('',(#5339,#5340,#5341,#5342));
#835=EDGE_LOOP('',(#5343,#5344,#5345,#5346));
#836=EDGE_LOOP('',(#5347,#5348,#5349,#5350));
#837=EDGE_LOOP('',(#5351,#5352,#5353,#5354));
#838=EDGE_LOOP('',(#5355,#5356,#5357,#5358));
#839=EDGE_LOOP('',(#5359,#5360,#5361,#5362));
#840=EDGE_LOOP('',(#5363,#5364,#5365,#5366));
#841=EDGE_LOOP('',(#5367,#5368,#5369,#5370));
#842=EDGE_LOOP('',(#5371,#5372,#5373,#5374));
#843=EDGE_LOOP('',(#5375,#5376,#5377,#5378));
#844=EDGE_LOOP('',(#5379,#5380,#5381,#5382));
#845=EDGE_LOOP('',(#5383,#5384,#5385,#5386));
#846=EDGE_LOOP('',(#5387,#5388,#5389,#5390));
#847=EDGE_LOOP('',(#5391,#5392,#5393,#5394));
#848=EDGE_LOOP('',(#5395,#5396,#5397,#5398));
#849=EDGE_LOOP('',(#5399,#5400,#5401,#5402));
#850=EDGE_LOOP('',(#5403,#5404,#5405,#5406));
#851=EDGE_LOOP('',(#5407,#5408,#5409,#5410));
#852=EDGE_LOOP('',(#5411,#5412,#5413,#5414));
#853=EDGE_LOOP('',(#5415,#5416,#5417,#5418));
#854=EDGE_LOOP('',(#5419,#5420,#5421,#5422));
#855=EDGE_LOOP('',(#5423,#5424,#5425,#5426));
#856=EDGE_LOOP('',(#5427,#5428,#5429,#5430));
#857=EDGE_LOOP('',(#5431,#5432,#5433,#5434));
#858=EDGE_LOOP('',(#5435,#5436,#5437,#5438));
#859=EDGE_LOOP('',(#5439,#5440,#5441,#5442,#5443,#5444,#5445,#5446,#5447,
#5448,#5449,#5450,#5451,#5452,#5453,#5454,#5455,#5456,#5457,#5458,#5459,
#5460,#5461,#5462,#5463,#5464,#5465));
#860=EDGE_LOOP('',(#5466,#5467,#5468,#5469,#5470,#5471,#5472,#5473,#5474,
#5475));
#861=EDGE_LOOP('',(#5476,#5477,#5478,#5479));
#862=EDGE_LOOP('',(#5480,#5481,#5482,#5483));
#863=EDGE_LOOP('',(#5484,#5485,#5486,#5487));
#864=EDGE_LOOP('',(#5488,#5489,#5490,#5491));
#865=EDGE_LOOP('',(#5492,#5493,#5494,#5495));
#866=EDGE_LOOP('',(#5496,#5497,#5498,#5499));
#867=EDGE_LOOP('',(#5500,#5501,#5502,#5503));
#868=EDGE_LOOP('',(#5504,#5505,#5506,#5507));
#869=EDGE_LOOP('',(#5508,#5509,#5510,#5511));
#870=EDGE_LOOP('',(#5512,#5513,#5514,#5515));
#871=EDGE_LOOP('',(#5516,#5517,#5518,#5519));
#872=EDGE_LOOP('',(#5520,#5521,#5522,#5523));
#873=EDGE_LOOP('',(#5524,#5525,#5526,#5527));
#874=EDGE_LOOP('',(#5528,#5529,#5530,#5531));
#875=EDGE_LOOP('',(#5532,#5533,#5534,#5535));
#876=EDGE_LOOP('',(#5536,#5537,#5538,#5539));
#877=EDGE_LOOP('',(#5540,#5541,#5542,#5543));
#878=EDGE_LOOP('',(#5544,#5545,#5546,#5547));
#879=EDGE_LOOP('',(#5548,#5549,#5550,#5551));
#880=EDGE_LOOP('',(#5552,#5553,#5554,#5555));
#881=EDGE_LOOP('',(#5556,#5557,#5558,#5559));
#882=EDGE_LOOP('',(#5560,#5561,#5562,#5563));
#883=EDGE_LOOP('',(#5564,#5565,#5566,#5567,#5568,#5569,#5570,#5571,#5572,
#5573,#5574,#5575,#5576,#5577));
#884=EDGE_LOOP('',(#5578,#5579,#5580,#5581,#5582,#5583,#5584,#5585));
#885=EDGE_LOOP('',(#5586,#5587,#5588,#5589));
#886=EDGE_LOOP('',(#5590,#5591,#5592,#5593));
#887=EDGE_LOOP('',(#5594,#5595,#5596,#5597));
#888=EDGE_LOOP('',(#5598,#5599,#5600,#5601));
#889=EDGE_LOOP('',(#5602,#5603,#5604,#5605));
#890=EDGE_LOOP('',(#5606,#5607,#5608,#5609));
#891=EDGE_LOOP('',(#5610,#5611,#5612,#5613));
#892=EDGE_LOOP('',(#5614,#5615,#5616,#5617));
#893=EDGE_LOOP('',(#5618,#5619,#5620,#5621));
#894=EDGE_LOOP('',(#5622,#5623,#5624,#5625));
#895=EDGE_LOOP('',(#5626,#5627,#5628,#5629));
#896=EDGE_LOOP('',(#5630,#5631,#5632,#5633));
#897=EDGE_LOOP('',(#5634,#5635,#5636,#5637));
#898=EDGE_LOOP('',(#5638,#5639,#5640,#5641));
#899=EDGE_LOOP('',(#5642,#5643,#5644,#5645));
#900=EDGE_LOOP('',(#5646,#5647,#5648,#5649));
#901=EDGE_LOOP('',(#5650,#5651,#5652,#5653));
#902=EDGE_LOOP('',(#5654,#5655,#5656,#5657));
#903=EDGE_LOOP('',(#5658,#5659,#5660,#5661,#5662,#5663,#5664,#5665,#5666,
#5667,#5668,#5669,#5670,#5671,#5672,#5673,#5674,#5675));
#904=EDGE_LOOP('',(#5676,#5677,#5678,#5679));
#905=EDGE_LOOP('',(#5680,#5681,#5682,#5683));
#906=EDGE_LOOP('',(#5684,#5685,#5686,#5687));
#907=EDGE_LOOP('',(#5688,#5689,#5690,#5691));
#908=EDGE_LOOP('',(#5692,#5693,#5694,#5695));
#909=EDGE_LOOP('',(#5696,#5697,#5698,#5699));
#910=EDGE_LOOP('',(#5700,#5701,#5702,#5703));
#911=EDGE_LOOP('',(#5704,#5705,#5706,#5707));
#912=EDGE_LOOP('',(#5708,#5709,#5710,#5711));
#913=EDGE_LOOP('',(#5712,#5713,#5714,#5715));
#914=EDGE_LOOP('',(#5716,#5717,#5718,#5719));
#915=EDGE_LOOP('',(#5720,#5721,#5722,#5723));
#916=EDGE_LOOP('',(#5724,#5725,#5726,#5727));
#917=EDGE_LOOP('',(#5728,#5729,#5730,#5731));
#918=EDGE_LOOP('',(#5732,#5733,#5734,#5735));
#919=EDGE_LOOP('',(#5736,#5737,#5738,#5739));
#920=EDGE_LOOP('',(#5740,#5741,#5742,#5743));
#921=EDGE_LOOP('',(#5744,#5745,#5746,#5747));
#922=EDGE_LOOP('',(#5748,#5749,#5750,#5751,#5752,#5753,#5754,#5755,#5756,
#5757,#5758,#5759,#5760,#5761,#5762,#5763,#5764,#5765));
#923=EDGE_LOOP('',(#5766,#5767,#5768,#5769));
#924=EDGE_LOOP('',(#5770,#5771,#5772,#5773));
#925=EDGE_LOOP('',(#5774,#5775,#5776,#5777));
#926=EDGE_LOOP('',(#5778,#5779,#5780,#5781));
#927=EDGE_LOOP('',(#5782,#5783,#5784,#5785));
#928=EDGE_LOOP('',(#5786,#5787,#5788,#5789));
#929=EDGE_LOOP('',(#5790,#5791,#5792,#5793));
#930=EDGE_LOOP('',(#5794,#5795,#5796,#5797));
#931=EDGE_LOOP('',(#5798,#5799,#5800,#5801));
#932=EDGE_LOOP('',(#5802,#5803,#5804,#5805));
#933=EDGE_LOOP('',(#5806,#5807,#5808,#5809));
#934=EDGE_LOOP('',(#5810,#5811,#5812,#5813));
#935=EDGE_LOOP('',(#5814,#5815,#5816,#5817));
#936=EDGE_LOOP('',(#5818,#5819,#5820,#5821));
#937=EDGE_LOOP('',(#5822,#5823,#5824,#5825));
#938=EDGE_LOOP('',(#5826,#5827,#5828,#5829,#5830,#5831,#5832,#5833,#5834,
#5835,#5836,#5837,#5838,#5839,#5840));
#939=EDGE_LOOP('',(#5841,#5842,#5843,#5844,#5845,#5846,#5847,#5848,#5849,
#5850,#5851,#5852));
#940=EDGE_LOOP('',(#5853,#5854,#5855,#5856,#5857,#5858,#5859,#5860));
#941=EDGE_LOOP('',(#5861));
#942=EDGE_LOOP('',(#5862));
#943=EDGE_LOOP('',(#5863));
#944=EDGE_LOOP('',(#5864,#5865,#5866,#5867,#5868,#5869,#5870,#5871));
#945=EDGE_LOOP('',(#5872,#5873,#5874,#5875,#5876,#5877,#5878,#5879));
#946=EDGE_LOOP('',(#5880,#5881,#5882,#5883,#5884,#5885,#5886,#5887));
#947=EDGE_LOOP('',(#5888));
#948=EDGE_LOOP('',(#5889,#5890,#5891,#5892,#5893,#5894,#5895,#5896,#5897,
#5898,#5899,#5900,#5901,#5902,#5903));
#949=EDGE_LOOP('',(#5904,#5905,#5906,#5907,#5908,#5909,#5910,#5911,#5912,
#5913,#5914,#5915,#5916,#5917,#5918,#5919,#5920,#5921));
#950=EDGE_LOOP('',(#5922,#5923,#5924,#5925,#5926,#5927,#5928,#5929,#5930,
#5931,#5932,#5933,#5934,#5935,#5936,#5937,#5938,#5939));
#951=EDGE_LOOP('',(#5940,#5941,#5942,#5943,#5944,#5945,#5946,#5947,#5948,
#5949,#5950,#5951,#5952,#5953));
#952=EDGE_LOOP('',(#5954,#5955,#5956,#5957,#5958,#5959,#5960,#5961,#5962,
#5963,#5964,#5965,#5966,#5967,#5968,#5969,#5970,#5971,#5972,#5973,#5974,
#5975,#5976,#5977,#5978,#5979,#5980));
#953=EDGE_LOOP('',(#5981,#5982,#5983,#5984,#5985,#5986,#5987,#5988,#5989,
#5990,#5991,#5992));
#954=EDGE_LOOP('',(#5993,#5994,#5995,#5996,#5997,#5998,#5999,#6000,#6001,
#6002,#6003,#6004,#6005,#6006,#6007,#6008,#6009,#6010,#6011,#6012,#6013,
#6014,#6015,#6016,#6017,#6018,#6019));
#955=EDGE_LOOP('',(#6020,#6021,#6022,#6023,#6024,#6025,#6026,#6027,#6028,
#6029,#6030,#6031,#6032,#6033,#6034));
#956=EDGE_LOOP('',(#6035,#6036,#6037,#6038,#6039,#6040,#6041,#6042,#6043,
#6044,#6045,#6046,#6047,#6048,#6049,#6050,#6051,#6052,#6053));
#957=EDGE_LOOP('',(#6054,#6055,#6056,#6057,#6058,#6059,#6060,#6061,#6062,
#6063,#6064,#6065));
#958=EDGE_LOOP('',(#6066,#6067,#6068,#6069,#6070,#6071,#6072,#6073,#6074,
#6075,#6076,#6077,#6078,#6079,#6080,#6081,#6082,#6083,#6084,#6085,#6086,
#6087,#6088,#6089,#6090,#6091,#6092,#6093,#6094,#6095,#6096,#6097,#6098));
#959=EDGE_LOOP('',(#6099,#6100,#6101,#6102,#6103,#6104,#6105,#6106,#6107,
#6108,#6109,#6110,#6111,#6112,#6113,#6114,#6115,#6116));
#960=EDGE_LOOP('',(#6117,#6118,#6119,#6120,#6121,#6122,#6123,#6124,#6125,
#6126,#6127,#6128,#6129,#6130,#6131,#6132,#6133,#6134,#6135,#6136,#6137,
#6138,#6139,#6140,#6141,#6142,#6143));
#961=EDGE_LOOP('',(#6144,#6145,#6146,#6147,#6148,#6149,#6150,#6151));
#962=EDGE_LOOP('',(#6152,#6153,#6154,#6155,#6156,#6157,#6158,#6159,#6160,
#6161));
#963=EDGE_LOOP('',(#6162,#6163,#6164,#6165,#6166,#6167,#6168,#6169,#6170,
#6171));
#964=EDGE_LOOP('',(#6172,#6173,#6174,#6175,#6176,#6177,#6178,#6179));
#965=EDGE_LOOP('',(#6180,#6181,#6182,#6183));
#966=EDGE_LOOP('',(#6184,#6185,#6186,#6187,#6188,#6189,#6190,#6191,#6192,
#6193));
#967=EDGE_LOOP('',(#6194,#6195,#6196,#6197));
#968=EDGE_LOOP('',(#6198,#6199,#6200,#6201));
#969=EDGE_LOOP('',(#6202,#6203,#6204,#6205));
#970=EDGE_LOOP('',(#6206,#6207,#6208,#6209));
#971=EDGE_LOOP('',(#6210,#6211,#6212,#6213));
#972=EDGE_LOOP('',(#6214,#6215,#6216,#6217));
#973=EDGE_LOOP('',(#6218,#6219,#6220,#6221));
#974=EDGE_LOOP('',(#6222,#6223,#6224,#6225));
#975=EDGE_LOOP('',(#6226,#6227,#6228,#6229));
#976=EDGE_LOOP('',(#6230,#6231,#6232,#6233));
#977=EDGE_LOOP('',(#6234,#6235,#6236,#6237));
#978=EDGE_LOOP('',(#6238,#6239,#6240,#6241));
#979=EDGE_LOOP('',(#6242,#6243,#6244,#6245));
#980=EDGE_LOOP('',(#6246,#6247,#6248,#6249));
#981=EDGE_LOOP('',(#6250,#6251,#6252,#6253));
#982=EDGE_LOOP('',(#6254,#6255,#6256,#6257));
#983=EDGE_LOOP('',(#6258,#6259,#6260,#6261));
#984=EDGE_LOOP('',(#6262,#6263,#6264,#6265));
#985=EDGE_LOOP('',(#6266,#6267,#6268,#6269));
#986=EDGE_LOOP('',(#6270,#6271,#6272,#6273));
#987=EDGE_LOOP('',(#6274,#6275,#6276,#6277));
#988=EDGE_LOOP('',(#6278,#6279,#6280,#6281));
#989=EDGE_LOOP('',(#6282,#6283,#6284,#6285));
#990=EDGE_LOOP('',(#6286,#6287,#6288,#6289));
#991=EDGE_LOOP('',(#6290,#6291,#6292,#6293));
#992=EDGE_LOOP('',(#6294,#6295,#6296,#6297));
#993=EDGE_LOOP('',(#6298,#6299,#6300,#6301));
#994=EDGE_LOOP('',(#6302,#6303,#6304,#6305));
#995=EDGE_LOOP('',(#6306,#6307,#6308,#6309));
#996=EDGE_LOOP('',(#6310,#6311,#6312,#6313));
#997=EDGE_LOOP('',(#6314,#6315,#6316,#6317));
#998=EDGE_LOOP('',(#6318,#6319,#6320,#6321));
#999=EDGE_LOOP('',(#6322,#6323,#6324,#6325));
#1000=EDGE_LOOP('',(#6326,#6327,#6328,#6329));
#1001=EDGE_LOOP('',(#6330,#6331,#6332,#6333));
#1002=EDGE_LOOP('',(#6334,#6335,#6336,#6337));
#1003=EDGE_LOOP('',(#6338,#6339,#6340,#6341));
#1004=EDGE_LOOP('',(#6342,#6343,#6344,#6345));
#1005=EDGE_LOOP('',(#6346,#6347,#6348,#6349));
#1006=EDGE_LOOP('',(#6350,#6351,#6352,#6353));
#1007=EDGE_LOOP('',(#6354,#6355,#6356,#6357));
#1008=EDGE_LOOP('',(#6358,#6359,#6360,#6361));
#1009=EDGE_LOOP('',(#6362,#6363,#6364,#6365));
#1010=EDGE_LOOP('',(#6366,#6367,#6368,#6369));
#1011=EDGE_LOOP('',(#6370,#6371,#6372,#6373));
#1012=EDGE_LOOP('',(#6374,#6375,#6376,#6377));
#1013=EDGE_LOOP('',(#6378,#6379,#6380,#6381));
#1014=EDGE_LOOP('',(#6382,#6383,#6384,#6385,#6386,#6387,#6388,#6389,#6390,
#6391,#6392,#6393));
#1015=EDGE_LOOP('',(#6394));
#1016=EDGE_LOOP('',(#6395,#6396,#6397,#6398,#6399,#6400,#6401,#6402));
#1017=EDGE_LOOP('',(#6403,#6404,#6405,#6406,#6407,#6408,#6409,#6410));
#1018=EDGE_LOOP('',(#6411,#6412,#6413,#6414,#6415,#6416,#6417,#6418));
#1019=EDGE_LOOP('',(#6419));
#1020=EDGE_LOOP('',(#6420));
#1021=EDGE_LOOP('',(#6421));
#1022=EDGE_LOOP('',(#6422,#6423,#6424,#6425,#6426,#6427,#6428,#6429));
#1023=LINE('',#8224,#1592);
#1024=LINE('',#8231,#1593);
#1025=LINE('',#8249,#1594);
#1026=LINE('',#8272,#1595);
#1027=LINE('',#8295,#1596);
#1028=LINE('',#8318,#1597);
#1029=LINE('',#8341,#1598);
#1030=LINE('',#8364,#1599);
#1031=LINE('',#8387,#1600);
#1032=LINE('',#8410,#1601);
#1033=LINE('',#8417,#1602);
#1034=LINE('',#8418,#1603);
#1035=LINE('',#8422,#1604);
#1036=LINE('',#8424,#1605);
#1037=LINE('',#8426,#1606);
#1038=LINE('',#8427,#1607);
#1039=LINE('',#8445,#1608);
#1040=LINE('',#8468,#1609);
#1041=LINE('',#8476,#1610);
#1042=LINE('',#8478,#1611);
#1043=LINE('',#8479,#1612);
#1044=LINE('',#8497,#1613);
#1045=LINE('',#8520,#1614);
#1046=LINE('',#8543,#1615);
#1047=LINE('',#8566,#1616);
#1048=LINE('',#8589,#1617);
#1049=LINE('',#8612,#1618);
#1050=LINE('',#8635,#1619);
#1051=LINE('',#8643,#1620);
#1052=LINE('',#8645,#1621);
#1053=LINE('',#8646,#1622);
#1054=LINE('',#8664,#1623);
#1055=LINE('',#8687,#1624);
#1056=LINE('',#8710,#1625);
#1057=LINE('',#8733,#1626);
#1058=LINE('',#8756,#1627);
#1059=LINE('',#8779,#1628);
#1060=LINE('',#8802,#1629);
#1061=LINE('',#8825,#1630);
#1062=LINE('',#8848,#1631);
#1063=LINE('',#8871,#1632);
#1064=LINE('',#8894,#1633);
#1065=LINE('',#8917,#1634);
#1066=LINE('',#8940,#1635);
#1067=LINE('',#8963,#1636);
#1068=LINE('',#8993,#1637);
#1069=LINE('',#8995,#1638);
#1070=LINE('',#8997,#1639);
#1071=LINE('',#8998,#1640);
#1072=LINE('',#9016,#1641);
#1073=LINE('',#9039,#1642);
#1074=LINE('',#9062,#1643);
#1075=LINE('',#9085,#1644);
#1076=LINE('',#9108,#1645);
#1077=LINE('',#9116,#1646);
#1078=LINE('',#9118,#1647);
#1079=LINE('',#9119,#1648);
#1080=LINE('',#9122,#1649);
#1081=LINE('',#9124,#1650);
#1082=LINE('',#9125,#1651);
#1083=LINE('',#9128,#1652);
#1084=LINE('',#9130,#1653);
#1085=LINE('',#9131,#1654);
#1086=LINE('',#9149,#1655);
#1087=LINE('',#9172,#1656);
#1088=LINE('',#9195,#1657);
#1089=LINE('',#9218,#1658);
#1090=LINE('',#9241,#1659);
#1091=LINE('',#9249,#1660);
#1092=LINE('',#9251,#1661);
#1093=LINE('',#9252,#1662);
#1094=LINE('',#9255,#1663);
#1095=LINE('',#9257,#1664);
#1096=LINE('',#9258,#1665);
#1097=LINE('',#9261,#1666);
#1098=LINE('',#9263,#1667);
#1099=LINE('',#9264,#1668);
#1100=LINE('',#9266,#1669);
#1101=LINE('',#9267,#1670);
#1102=LINE('',#9287,#1671);
#1103=LINE('',#9294,#1672);
#1104=LINE('',#9312,#1673);
#1105=LINE('',#9335,#1674);
#1106=LINE('',#9358,#1675);
#1107=LINE('',#9381,#1676);
#1108=LINE('',#9404,#1677);
#1109=LINE('',#9427,#1678);
#1110=LINE('',#9450,#1679);
#1111=LINE('',#9473,#1680);
#1112=LINE('',#9496,#1681);
#1113=LINE('',#9519,#1682);
#1114=LINE('',#9542,#1683);
#1115=LINE('',#9565,#1684);
#1116=LINE('',#9588,#1685);
#1117=LINE('',#9596,#1686);
#1118=LINE('',#9598,#1687);
#1119=LINE('',#9599,#1688);
#1120=LINE('',#9617,#1689);
#1121=LINE('',#9640,#1690);
#1122=LINE('',#9663,#1691);
#1123=LINE('',#9686,#1692);
#1124=LINE('',#9709,#1693);
#1125=LINE('',#9732,#1694);
#1126=LINE('',#9755,#1695);
#1127=LINE('',#9778,#1696);
#1128=LINE('',#9801,#1697);
#1129=LINE('',#9824,#1698);
#1130=LINE('',#9847,#1699);
#1131=LINE('',#9870,#1700);
#1132=LINE('',#9893,#1701);
#1133=LINE('',#9916,#1702);
#1134=LINE('',#9939,#1703);
#1135=LINE('',#9962,#1704);
#1136=LINE('',#9970,#1705);
#1137=LINE('',#9972,#1706);
#1138=LINE('',#9973,#1707);
#1139=LINE('',#9998,#1708);
#1140=LINE('',#10000,#1709);
#1141=LINE('',#10002,#1710);
#1142=LINE('',#10003,#1711);
#1143=LINE('',#10006,#1712);
#1144=LINE('',#10008,#1713);
#1145=LINE('',#10009,#1714);
#1146=LINE('',#10012,#1715);
#1147=LINE('',#10014,#1716);
#1148=LINE('',#10015,#1717);
#1149=LINE('',#10018,#1718);
#1150=LINE('',#10020,#1719);
#1151=LINE('',#10021,#1720);
#1152=LINE('',#10024,#1721);
#1153=LINE('',#10026,#1722);
#1154=LINE('',#10027,#1723);
#1155=LINE('',#10030,#1724);
#1156=LINE('',#10032,#1725);
#1157=LINE('',#10033,#1726);
#1158=LINE('',#10036,#1727);
#1159=LINE('',#10038,#1728);
#1160=LINE('',#10039,#1729);
#1161=LINE('',#10042,#1730);
#1162=LINE('',#10044,#1731);
#1163=LINE('',#10045,#1732);
#1164=LINE('',#10048,#1733);
#1165=LINE('',#10050,#1734);
#1166=LINE('',#10051,#1735);
#1167=LINE('',#10054,#1736);
#1168=LINE('',#10056,#1737);
#1169=LINE('',#10057,#1738);
#1170=LINE('',#10060,#1739);
#1171=LINE('',#10062,#1740);
#1172=LINE('',#10063,#1741);
#1173=LINE('',#10065,#1742);
#1174=LINE('',#10066,#1743);
#1175=LINE('',#10086,#1744);
#1176=LINE('',#10093,#1745);
#1177=LINE('',#10111,#1746);
#1178=LINE('',#10134,#1747);
#1179=LINE('',#10157,#1748);
#1180=LINE('',#10180,#1749);
#1181=LINE('',#10203,#1750);
#1182=LINE('',#10226,#1751);
#1183=LINE('',#10234,#1752);
#1184=LINE('',#10236,#1753);
#1185=LINE('',#10237,#1754);
#1186=LINE('',#10255,#1755);
#1187=LINE('',#10278,#1756);
#1188=LINE('',#10301,#1757);
#1189=LINE('',#10324,#1758);
#1190=LINE('',#10347,#1759);
#1191=LINE('',#10370,#1760);
#1192=LINE('',#10393,#1761);
#1193=LINE('',#10416,#1762);
#1194=LINE('',#10439,#1763);
#1195=LINE('',#10447,#1764);
#1196=LINE('',#10449,#1765);
#1197=LINE('',#10450,#1766);
#1198=LINE('',#10490,#1767);
#1199=LINE('',#10497,#1768);
#1200=LINE('',#10515,#1769);
#1201=LINE('',#10538,#1770);
#1202=LINE('',#10561,#1771);
#1203=LINE('',#10584,#1772);
#1204=LINE('',#10607,#1773);
#1205=LINE('',#10630,#1774);
#1206=LINE('',#10659,#1775);
#1207=LINE('',#10661,#1776);
#1208=LINE('',#10663,#1777);
#1209=LINE('',#10664,#1778);
#1210=LINE('',#10682,#1779);
#1211=LINE('',#10705,#1780);
#1212=LINE('',#10728,#1781);
#1213=LINE('',#10751,#1782);
#1214=LINE('',#10774,#1783);
#1215=LINE('',#10797,#1784);
#1216=LINE('',#10820,#1785);
#1217=LINE('',#10843,#1786);
#1218=LINE('',#10866,#1787);
#1219=LINE('',#10889,#1788);
#1220=LINE('',#10897,#1789);
#1221=LINE('',#10899,#1790);
#1222=LINE('',#10900,#1791);
#1223=LINE('',#10903,#1792);
#1224=LINE('',#10905,#1793);
#1225=LINE('',#10906,#1794);
#1226=LINE('',#10909,#1795);
#1227=LINE('',#10911,#1796);
#1228=LINE('',#10912,#1797);
#1229=LINE('',#10914,#1798);
#1230=LINE('',#10915,#1799);
#1231=LINE('',#10935,#1800);
#1232=LINE('',#10942,#1801);
#1233=LINE('',#10960,#1802);
#1234=LINE('',#10983,#1803);
#1235=LINE('',#11006,#1804);
#1236=LINE('',#11029,#1805);
#1237=LINE('',#11052,#1806);
#1238=LINE('',#11075,#1807);
#1239=LINE('',#11098,#1808);
#1240=LINE('',#11121,#1809);
#1241=LINE('',#11128,#1810);
#1242=LINE('',#11129,#1811);
#1243=LINE('',#11133,#1812);
#1244=LINE('',#11135,#1813);
#1245=LINE('',#11137,#1814);
#1246=LINE('',#11138,#1815);
#1247=LINE('',#11156,#1816);
#1248=LINE('',#11179,#1817);
#1249=LINE('',#11187,#1818);
#1250=LINE('',#11189,#1819);
#1251=LINE('',#11190,#1820);
#1252=LINE('',#11208,#1821);
#1253=LINE('',#11231,#1822);
#1254=LINE('',#11254,#1823);
#1255=LINE('',#11277,#1824);
#1256=LINE('',#11300,#1825);
#1257=LINE('',#11323,#1826);
#1258=LINE('',#11346,#1827);
#1259=LINE('',#11354,#1828);
#1260=LINE('',#11356,#1829);
#1261=LINE('',#11357,#1830);
#1262=LINE('',#11375,#1831);
#1263=LINE('',#11398,#1832);
#1264=LINE('',#11421,#1833);
#1265=LINE('',#11444,#1834);
#1266=LINE('',#11467,#1835);
#1267=LINE('',#11490,#1836);
#1268=LINE('',#11513,#1837);
#1269=LINE('',#11536,#1838);
#1270=LINE('',#11559,#1839);
#1271=LINE('',#11582,#1840);
#1272=LINE('',#11605,#1841);
#1273=LINE('',#11628,#1842);
#1274=LINE('',#11651,#1843);
#1275=LINE('',#11674,#1844);
#1276=LINE('',#11704,#1845);
#1277=LINE('',#11706,#1846);
#1278=LINE('',#11708,#1847);
#1279=LINE('',#11709,#1848);
#1280=LINE('',#11712,#1849);
#1281=LINE('',#11714,#1850);
#1282=LINE('',#11715,#1851);
#1283=LINE('',#11718,#1852);
#1284=LINE('',#11720,#1853);
#1285=LINE('',#11721,#1854);
#1286=LINE('',#11724,#1855);
#1287=LINE('',#11726,#1856);
#1288=LINE('',#11727,#1857);
#1289=LINE('',#11730,#1858);
#1290=LINE('',#11732,#1859);
#1291=LINE('',#11733,#1860);
#1292=LINE('',#11736,#1861);
#1293=LINE('',#11738,#1862);
#1294=LINE('',#11739,#1863);
#1295=LINE('',#11742,#1864);
#1296=LINE('',#11744,#1865);
#1297=LINE('',#11745,#1866);
#1298=LINE('',#11748,#1867);
#1299=LINE('',#11750,#1868);
#1300=LINE('',#11751,#1869);
#1301=LINE('',#11754,#1870);
#1302=LINE('',#11756,#1871);
#1303=LINE('',#11757,#1872);
#1304=LINE('',#11760,#1873);
#1305=LINE('',#11762,#1874);
#1306=LINE('',#11763,#1875);
#1307=LINE('',#11766,#1876);
#1308=LINE('',#11768,#1877);
#1309=LINE('',#11769,#1878);
#1310=LINE('',#11771,#1879);
#1311=LINE('',#11772,#1880);
#1312=LINE('',#11792,#1881);
#1313=LINE('',#11799,#1882);
#1314=LINE('',#11817,#1883);
#1315=LINE('',#11840,#1884);
#1316=LINE('',#11863,#1885);
#1317=LINE('',#11886,#1886);
#1318=LINE('',#11909,#1887);
#1319=LINE('',#11932,#1888);
#1320=LINE('',#11955,#1889);
#1321=LINE('',#11978,#1890);
#1322=LINE('',#11985,#1891);
#1323=LINE('',#11986,#1892);
#1324=LINE('',#11990,#1893);
#1325=LINE('',#11992,#1894);
#1326=LINE('',#11994,#1895);
#1327=LINE('',#11995,#1896);
#1328=LINE('',#12013,#1897);
#1329=LINE('',#12036,#1898);
#1330=LINE('',#12044,#1899);
#1331=LINE('',#12046,#1900);
#1332=LINE('',#12047,#1901);
#1333=LINE('',#12065,#1902);
#1334=LINE('',#12088,#1903);
#1335=LINE('',#12111,#1904);
#1336=LINE('',#12134,#1905);
#1337=LINE('',#12157,#1906);
#1338=LINE('',#12180,#1907);
#1339=LINE('',#12203,#1908);
#1340=LINE('',#12211,#1909);
#1341=LINE('',#12213,#1910);
#1342=LINE('',#12214,#1911);
#1343=LINE('',#12232,#1912);
#1344=LINE('',#12255,#1913);
#1345=LINE('',#12278,#1914);
#1346=LINE('',#12301,#1915);
#1347=LINE('',#12324,#1916);
#1348=LINE('',#12347,#1917);
#1349=LINE('',#12370,#1918);
#1350=LINE('',#12393,#1919);
#1351=LINE('',#12416,#1920);
#1352=LINE('',#12439,#1921);
#1353=LINE('',#12462,#1922);
#1354=LINE('',#12485,#1923);
#1355=LINE('',#12508,#1924);
#1356=LINE('',#12531,#1925);
#1357=LINE('',#12576,#1926);
#1358=LINE('',#12583,#1927);
#1359=LINE('',#12601,#1928);
#1360=LINE('',#12624,#1929);
#1361=LINE('',#12647,#1930);
#1362=LINE('',#12670,#1931);
#1363=LINE('',#12693,#1932);
#1364=LINE('',#12716,#1933);
#1365=LINE('',#12745,#1934);
#1366=LINE('',#12747,#1935);
#1367=LINE('',#12749,#1936);
#1368=LINE('',#12750,#1937);
#1369=LINE('',#12753,#1938);
#1370=LINE('',#12755,#1939);
#1371=LINE('',#12756,#1940);
#1372=LINE('',#12759,#1941);
#1373=LINE('',#12761,#1942);
#1374=LINE('',#12762,#1943);
#1375=LINE('',#12780,#1944);
#1376=LINE('',#12803,#1945);
#1377=LINE('',#12826,#1946);
#1378=LINE('',#12849,#1947);
#1379=LINE('',#12872,#1948);
#1380=LINE('',#12895,#1949);
#1381=LINE('',#12918,#1950);
#1382=LINE('',#12941,#1951);
#1383=LINE('',#12964,#1952);
#1384=LINE('',#12972,#1953);
#1385=LINE('',#12974,#1954);
#1386=LINE('',#12975,#1955);
#1387=LINE('',#12977,#1956);
#1388=LINE('',#12978,#1957);
#1389=LINE('',#12998,#1958);
#1390=LINE('',#13005,#1959);
#1391=LINE('',#13023,#1960);
#1392=LINE('',#13046,#1961);
#1393=LINE('',#13054,#1962);
#1394=LINE('',#13056,#1963);
#1395=LINE('',#13057,#1964);
#1396=LINE('',#13060,#1965);
#1397=LINE('',#13062,#1966);
#1398=LINE('',#13063,#1967);
#1399=LINE('',#13066,#1968);
#1400=LINE('',#13068,#1969);
#1401=LINE('',#13069,#1970);
#1402=LINE('',#13087,#1971);
#1403=LINE('',#13110,#1972);
#1404=LINE('',#13118,#1973);
#1405=LINE('',#13120,#1974);
#1406=LINE('',#13121,#1975);
#1407=LINE('',#13124,#1976);
#1408=LINE('',#13126,#1977);
#1409=LINE('',#13127,#1978);
#1410=LINE('',#13130,#1979);
#1411=LINE('',#13132,#1980);
#1412=LINE('',#13133,#1981);
#1413=LINE('',#13151,#1982);
#1414=LINE('',#13174,#1983);
#1415=LINE('',#13197,#1984);
#1416=LINE('',#13220,#1985);
#1417=LINE('',#13243,#1986);
#1418=LINE('',#13251,#1987);
#1419=LINE('',#13253,#1988);
#1420=LINE('',#13254,#1989);
#1421=LINE('',#13279,#1990);
#1422=LINE('',#13281,#1991);
#1423=LINE('',#13283,#1992);
#1424=LINE('',#13284,#1993);
#1425=LINE('',#13302,#1994);
#1426=LINE('',#13325,#1995);
#1427=LINE('',#13348,#1996);
#1428=LINE('',#13371,#1997);
#1429=LINE('',#13394,#1998);
#1430=LINE('',#13402,#1999);
#1431=LINE('',#13404,#2000);
#1432=LINE('',#13405,#2001);
#1433=LINE('',#13408,#2002);
#1434=LINE('',#13410,#2003);
#1435=LINE('',#13411,#2004);
#1436=LINE('',#13414,#2005);
#1437=LINE('',#13416,#2006);
#1438=LINE('',#13417,#2007);
#1439=LINE('',#13435,#2008);
#1440=LINE('',#13458,#2009);
#1441=LINE('',#13481,#2010);
#1442=LINE('',#13504,#2011);
#1443=LINE('',#13527,#2012);
#1444=LINE('',#13535,#2013);
#1445=LINE('',#13537,#2014);
#1446=LINE('',#13538,#2015);
#1447=LINE('',#13541,#2016);
#1448=LINE('',#13543,#2017);
#1449=LINE('',#13544,#2018);
#1450=LINE('',#13547,#2019);
#1451=LINE('',#13549,#2020);
#1452=LINE('',#13550,#2021);
#1453=LINE('',#13552,#2022);
#1454=LINE('',#13553,#2023);
#1455=LINE('',#13558,#2024);
#1456=LINE('',#13560,#2025);
#1457=LINE('',#13562,#2026);
#1458=LINE('',#13563,#2027);
#1459=LINE('',#13566,#2028);
#1460=LINE('',#13568,#2029);
#1461=LINE('',#13569,#2030);
#1462=LINE('',#13572,#2031);
#1463=LINE('',#13574,#2032);
#1464=LINE('',#13575,#2033);
#1465=LINE('',#13578,#2034);
#1466=LINE('',#13580,#2035);
#1467=LINE('',#13581,#2036);
#1468=LINE('',#13584,#2037);
#1469=LINE('',#13586,#2038);
#1470=LINE('',#13587,#2039);
#1471=LINE('',#13590,#2040);
#1472=LINE('',#13592,#2041);
#1473=LINE('',#13593,#2042);
#1474=LINE('',#13596,#2043);
#1475=LINE('',#13598,#2044);
#1476=LINE('',#13599,#2045);
#1477=LINE('',#13602,#2046);
#1478=LINE('',#13604,#2047);
#1479=LINE('',#13605,#2048);
#1480=LINE('',#13608,#2049);
#1481=LINE('',#13610,#2050);
#1482=LINE('',#13611,#2051);
#1483=LINE('',#13629,#2052);
#1484=LINE('',#13652,#2053);
#1485=LINE('',#13660,#2054);
#1486=LINE('',#13662,#2055);
#1487=LINE('',#13663,#2056);
#1488=LINE('',#13666,#2057);
#1489=LINE('',#13668,#2058);
#1490=LINE('',#13669,#2059);
#1491=LINE('',#13672,#2060);
#1492=LINE('',#13674,#2061);
#1493=LINE('',#13675,#2062);
#1494=LINE('',#13677,#2063);
#1495=LINE('',#13678,#2064);
#1496=LINE('',#13685,#2065);
#1497=LINE('',#13689,#2066);
#1498=LINE('',#13691,#2067);
#1499=LINE('',#13693,#2068);
#1500=LINE('',#13695,#2069);
#1501=LINE('',#13697,#2070);
#1502=LINE('',#13701,#2071);
#1503=LINE('',#13704,#2072);
#1504=LINE('',#13709,#2073);
#1505=LINE('',#13713,#2074);
#1506=LINE('',#13717,#2075);
#1507=LINE('',#13720,#2076);
#1508=LINE('',#13731,#2077);
#1509=LINE('',#13735,#2078);
#1510=LINE('',#13739,#2079);
#1511=LINE('',#13742,#2080);
#1512=LINE('',#13747,#2081);
#1513=LINE('',#13751,#2082);
#1514=LINE('',#13755,#2083);
#1515=LINE('',#13758,#2084);
#1516=LINE('',#13763,#2085);
#1517=LINE('',#13767,#2086);
#1518=LINE('',#13771,#2087);
#1519=LINE('',#13774,#2088);
#1520=LINE('',#13785,#2089);
#1521=LINE('',#13786,#2090);
#1522=LINE('',#13790,#2091);
#1523=LINE('',#13791,#2092);
#1524=LINE('',#13795,#2093);
#1525=LINE('',#13800,#2094);
#1526=LINE('',#13801,#2095);
#1527=LINE('',#13804,#2096);
#1528=LINE('',#13805,#2097);
#1529=LINE('',#13810,#2098);
#1530=LINE('',#13811,#2099);
#1531=LINE('',#13813,#2100);
#1532=LINE('',#13816,#2101);
#1533=LINE('',#13818,#2102);
#1534=LINE('',#13819,#2103);
#1535=LINE('',#13823,#2104);
#1536=LINE('',#13826,#2105);
#1537=LINE('',#13827,#2106);
#1538=LINE('',#13831,#2107);
#1539=LINE('',#13834,#2108);
#1540=LINE('',#13835,#2109);
#1541=LINE('',#13839,#2110);
#1542=LINE('',#13842,#2111);
#1543=LINE('',#13843,#2112);
#1544=LINE('',#13849,#2113);
#1545=LINE('',#13853,#2114);
#1546=LINE('',#13857,#2115);
#1547=LINE('',#13860,#2116);
#1548=LINE('',#13862,#2117);
#1549=LINE('',#13863,#2118);
#1550=LINE('',#13867,#2119);
#1551=LINE('',#13870,#2120);
#1552=LINE('',#13871,#2121);
#1553=LINE('',#13875,#2122);
#1554=LINE('',#13878,#2123);
#1555=LINE('',#13879,#2124);
#1556=LINE('',#13883,#2125);
#1557=LINE('',#13886,#2126);
#1558=LINE('',#13887,#2127);
#1559=LINE('',#13892,#2128);
#1560=LINE('',#13894,#2129);
#1561=LINE('',#13895,#2130);
#1562=LINE('',#13899,#2131);
#1563=LINE('',#13902,#2132);
#1564=LINE('',#13903,#2133);
#1565=LINE('',#13907,#2134);
#1566=LINE('',#13910,#2135);
#1567=LINE('',#13911,#2136);
#1568=LINE('',#13915,#2137);
#1569=LINE('',#13918,#2138);
#1570=LINE('',#13919,#2139);
#1571=LINE('',#13924,#2140);
#1572=LINE('',#13926,#2141);
#1573=LINE('',#13927,#2142);
#1574=LINE('',#13931,#2143);
#1575=LINE('',#13934,#2144);
#1576=LINE('',#13935,#2145);
#1577=LINE('',#13939,#2146);
#1578=LINE('',#13942,#2147);
#1579=LINE('',#13943,#2148);
#1580=LINE('',#13947,#2149);
#1581=LINE('',#13950,#2150);
#1582=LINE('',#13951,#2151);
#1583=LINE('',#13957,#2152);
#1584=LINE('',#13960,#2153);
#1585=LINE('',#13961,#2154);
#1586=LINE('',#13963,#2155);
#1587=LINE('',#13966,#2156);
#1588=LINE('',#13967,#2157);
#1589=LINE('',#13970,#2158);
#1590=LINE('',#13971,#2159);
#1591=LINE('',#13973,#2160);
#1592=VECTOR('',#7232,10.);
#1593=VECTOR('',#7233,10.);
#1594=VECTOR('',#7234,10.);
#1595=VECTOR('',#7235,10.);
#1596=VECTOR('',#7236,10.);
#1597=VECTOR('',#7237,10.);
#1598=VECTOR('',#7238,10.);
#1599=VECTOR('',#7239,10.);
#1600=VECTOR('',#7240,10.);
#1601=VECTOR('',#7241,10.);
#1602=VECTOR('',#7244,10.);
#1603=VECTOR('',#7245,10.);
#1604=VECTOR('',#7248,10.);
#1605=VECTOR('',#7249,10.);
#1606=VECTOR('',#7250,10.);
#1607=VECTOR('',#7251,10.);
#1608=VECTOR('',#7252,10.);
#1609=VECTOR('',#7253,10.);
#1610=VECTOR('',#7256,10.);
#1611=VECTOR('',#7257,10.);
#1612=VECTOR('',#7258,10.);
#1613=VECTOR('',#7259,10.);
#1614=VECTOR('',#7260,10.);
#1615=VECTOR('',#7261,10.);
#1616=VECTOR('',#7262,10.);
#1617=VECTOR('',#7263,10.);
#1618=VECTOR('',#7264,10.);
#1619=VECTOR('',#7265,10.);
#1620=VECTOR('',#7268,10.);
#1621=VECTOR('',#7269,10.);
#1622=VECTOR('',#7270,10.);
#1623=VECTOR('',#7271,10.);
#1624=VECTOR('',#7272,10.);
#1625=VECTOR('',#7273,10.);
#1626=VECTOR('',#7274,10.);
#1627=VECTOR('',#7275,10.);
#1628=VECTOR('',#7276,10.);
#1629=VECTOR('',#7277,10.);
#1630=VECTOR('',#7278,10.);
#1631=VECTOR('',#7279,10.);
#1632=VECTOR('',#7280,10.);
#1633=VECTOR('',#7281,10.);
#1634=VECTOR('',#7282,10.);
#1635=VECTOR('',#7283,10.);
#1636=VECTOR('',#7284,10.);
#1637=VECTOR('',#7289,10.);
#1638=VECTOR('',#7290,10.);
#1639=VECTOR('',#7291,10.);
#1640=VECTOR('',#7292,10.);
#1641=VECTOR('',#7293,10.);
#1642=VECTOR('',#7294,10.);
#1643=VECTOR('',#7295,10.);
#1644=VECTOR('',#7296,10.);
#1645=VECTOR('',#7297,10.);
#1646=VECTOR('',#7300,10.);
#1647=VECTOR('',#7301,10.);
#1648=VECTOR('',#7302,10.);
#1649=VECTOR('',#7305,10.);
#1650=VECTOR('',#7306,10.);
#1651=VECTOR('',#7307,10.);
#1652=VECTOR('',#7310,10.);
#1653=VECTOR('',#7311,10.);
#1654=VECTOR('',#7312,10.);
#1655=VECTOR('',#7313,10.);
#1656=VECTOR('',#7314,10.);
#1657=VECTOR('',#7315,10.);
#1658=VECTOR('',#7316,10.);
#1659=VECTOR('',#7317,10.);
#1660=VECTOR('',#7320,10.);
#1661=VECTOR('',#7321,10.);
#1662=VECTOR('',#7322,10.);
#1663=VECTOR('',#7325,10.);
#1664=VECTOR('',#7326,10.);
#1665=VECTOR('',#7327,10.);
#1666=VECTOR('',#7330,10.);
#1667=VECTOR('',#7331,10.);
#1668=VECTOR('',#7332,10.);
#1669=VECTOR('',#7335,10.);
#1670=VECTOR('',#7336,10.);
#1671=VECTOR('',#7339,10.);
#1672=VECTOR('',#7340,10.);
#1673=VECTOR('',#7341,10.);
#1674=VECTOR('',#7342,10.);
#1675=VECTOR('',#7343,10.);
#1676=VECTOR('',#7344,10.);
#1677=VECTOR('',#7345,10.);
#1678=VECTOR('',#7346,10.);
#1679=VECTOR('',#7347,10.);
#1680=VECTOR('',#7348,10.);
#1681=VECTOR('',#7349,10.);
#1682=VECTOR('',#7350,10.);
#1683=VECTOR('',#7351,10.);
#1684=VECTOR('',#7352,10.);
#1685=VECTOR('',#7353,10.);
#1686=VECTOR('',#7356,10.);
#1687=VECTOR('',#7357,10.);
#1688=VECTOR('',#7358,10.);
#1689=VECTOR('',#7359,10.);
#1690=VECTOR('',#7360,10.);
#1691=VECTOR('',#7361,10.);
#1692=VECTOR('',#7362,10.);
#1693=VECTOR('',#7363,10.);
#1694=VECTOR('',#7364,10.);
#1695=VECTOR('',#7365,10.);
#1696=VECTOR('',#7366,10.);
#1697=VECTOR('',#7367,10.);
#1698=VECTOR('',#7368,10.);
#1699=VECTOR('',#7369,10.);
#1700=VECTOR('',#7370,10.);
#1701=VECTOR('',#7371,10.);
#1702=VECTOR('',#7372,10.);
#1703=VECTOR('',#7373,10.);
#1704=VECTOR('',#7374,10.);
#1705=VECTOR('',#7377,10.);
#1706=VECTOR('',#7378,10.);
#1707=VECTOR('',#7379,10.);
#1708=VECTOR('',#7384,10.);
#1709=VECTOR('',#7385,10.);
#1710=VECTOR('',#7386,10.);
#1711=VECTOR('',#7387,10.);
#1712=VECTOR('',#7390,10.);
#1713=VECTOR('',#7391,10.);
#1714=VECTOR('',#7392,10.);
#1715=VECTOR('',#7395,10.);
#1716=VECTOR('',#7396,10.);
#1717=VECTOR('',#7397,10.);
#1718=VECTOR('',#7400,10.);
#1719=VECTOR('',#7401,10.);
#1720=VECTOR('',#7402,10.);
#1721=VECTOR('',#7405,10.);
#1722=VECTOR('',#7406,10.);
#1723=VECTOR('',#7407,10.);
#1724=VECTOR('',#7410,10.);
#1725=VECTOR('',#7411,10.);
#1726=VECTOR('',#7412,10.);
#1727=VECTOR('',#7415,10.);
#1728=VECTOR('',#7416,10.);
#1729=VECTOR('',#7417,10.);
#1730=VECTOR('',#7420,10.);
#1731=VECTOR('',#7421,10.);
#1732=VECTOR('',#7422,10.);
#1733=VECTOR('',#7425,10.);
#1734=VECTOR('',#7426,10.);
#1735=VECTOR('',#7427,10.);
#1736=VECTOR('',#7430,10.);
#1737=VECTOR('',#7431,10.);
#1738=VECTOR('',#7432,10.);
#1739=VECTOR('',#7435,10.);
#1740=VECTOR('',#7436,10.);
#1741=VECTOR('',#7437,10.);
#1742=VECTOR('',#7440,10.);
#1743=VECTOR('',#7441,10.);
#1744=VECTOR('',#7444,10.);
#1745=VECTOR('',#7445,10.);
#1746=VECTOR('',#7446,10.);
#1747=VECTOR('',#7447,10.);
#1748=VECTOR('',#7448,10.);
#1749=VECTOR('',#7449,10.);
#1750=VECTOR('',#7450,10.);
#1751=VECTOR('',#7451,10.);
#1752=VECTOR('',#7454,10.);
#1753=VECTOR('',#7455,10.);
#1754=VECTOR('',#7456,10.);
#1755=VECTOR('',#7457,10.);
#1756=VECTOR('',#7458,10.);
#1757=VECTOR('',#7459,10.);
#1758=VECTOR('',#7460,10.);
#1759=VECTOR('',#7461,10.);
#1760=VECTOR('',#7462,10.);
#1761=VECTOR('',#7463,10.);
#1762=VECTOR('',#7464,10.);
#1763=VECTOR('',#7465,10.);
#1764=VECTOR('',#7468,10.);
#1765=VECTOR('',#7469,10.);
#1766=VECTOR('',#7470,10.);
#1767=VECTOR('',#7473,10.);
#1768=VECTOR('',#7474,10.);
#1769=VECTOR('',#7475,10.);
#1770=VECTOR('',#7476,10.);
#1771=VECTOR('',#7477,10.);
#1772=VECTOR('',#7478,10.);
#1773=VECTOR('',#7479,10.);
#1774=VECTOR('',#7480,10.);
#1775=VECTOR('',#7483,10.);
#1776=VECTOR('',#7484,10.);
#1777=VECTOR('',#7485,10.);
#1778=VECTOR('',#7486,10.);
#1779=VECTOR('',#7487,10.);
#1780=VECTOR('',#7488,10.);
#1781=VECTOR('',#7489,10.);
#1782=VECTOR('',#7490,10.);
#1783=VECTOR('',#7491,10.);
#1784=VECTOR('',#7492,10.);
#1785=VECTOR('',#7493,10.);
#1786=VECTOR('',#7494,10.);
#1787=VECTOR('',#7495,10.);
#1788=VECTOR('',#7496,10.);
#1789=VECTOR('',#7499,10.);
#1790=VECTOR('',#7500,10.);
#1791=VECTOR('',#7501,10.);
#1792=VECTOR('',#7504,10.);
#1793=VECTOR('',#7505,10.);
#1794=VECTOR('',#7506,10.);
#1795=VECTOR('',#7509,10.);
#1796=VECTOR('',#7510,10.);
#1797=VECTOR('',#7511,10.);
#1798=VECTOR('',#7514,10.);
#1799=VECTOR('',#7515,10.);
#1800=VECTOR('',#7518,10.);
#1801=VECTOR('',#7519,10.);
#1802=VECTOR('',#7520,10.);
#1803=VECTOR('',#7521,10.);
#1804=VECTOR('',#7522,10.);
#1805=VECTOR('',#7523,10.);
#1806=VECTOR('',#7524,10.);
#1807=VECTOR('',#7525,10.);
#1808=VECTOR('',#7526,10.);
#1809=VECTOR('',#7527,10.);
#1810=VECTOR('',#7530,10.);
#1811=VECTOR('',#7531,10.);
#1812=VECTOR('',#7534,10.);
#1813=VECTOR('',#7535,10.);
#1814=VECTOR('',#7536,10.);
#1815=VECTOR('',#7537,10.);
#1816=VECTOR('',#7538,10.);
#1817=VECTOR('',#7539,10.);
#1818=VECTOR('',#7542,10.);
#1819=VECTOR('',#7543,10.);
#1820=VECTOR('',#7544,10.);
#1821=VECTOR('',#7545,10.);
#1822=VECTOR('',#7546,10.);
#1823=VECTOR('',#7547,10.);
#1824=VECTOR('',#7548,10.);
#1825=VECTOR('',#7549,10.);
#1826=VECTOR('',#7550,10.);
#1827=VECTOR('',#7551,10.);
#1828=VECTOR('',#7554,10.);
#1829=VECTOR('',#7555,10.);
#1830=VECTOR('',#7556,10.);
#1831=VECTOR('',#7557,10.);
#1832=VECTOR('',#7558,10.);
#1833=VECTOR('',#7559,10.);
#1834=VECTOR('',#7560,10.);
#1835=VECTOR('',#7561,10.);
#1836=VECTOR('',#7562,10.);
#1837=VECTOR('',#7563,10.);
#1838=VECTOR('',#7564,10.);
#1839=VECTOR('',#7565,10.);
#1840=VECTOR('',#7566,10.);
#1841=VECTOR('',#7567,10.);
#1842=VECTOR('',#7568,10.);
#1843=VECTOR('',#7569,10.);
#1844=VECTOR('',#7570,10.);
#1845=VECTOR('',#7575,10.);
#1846=VECTOR('',#7576,10.);
#1847=VECTOR('',#7577,10.);
#1848=VECTOR('',#7578,10.);
#1849=VECTOR('',#7581,10.);
#1850=VECTOR('',#7582,10.);
#1851=VECTOR('',#7583,10.);
#1852=VECTOR('',#7586,10.);
#1853=VECTOR('',#7587,10.);
#1854=VECTOR('',#7588,10.);
#1855=VECTOR('',#7591,10.);
#1856=VECTOR('',#7592,10.);
#1857=VECTOR('',#7593,10.);
#1858=VECTOR('',#7596,10.);
#1859=VECTOR('',#7597,10.);
#1860=VECTOR('',#7598,10.);
#1861=VECTOR('',#7601,10.);
#1862=VECTOR('',#7602,10.);
#1863=VECTOR('',#7603,10.);
#1864=VECTOR('',#7606,10.);
#1865=VECTOR('',#7607,10.);
#1866=VECTOR('',#7608,10.);
#1867=VECTOR('',#7611,10.);
#1868=VECTOR('',#7612,10.);
#1869=VECTOR('',#7613,10.);
#1870=VECTOR('',#7616,10.);
#1871=VECTOR('',#7617,10.);
#1872=VECTOR('',#7618,10.);
#1873=VECTOR('',#7621,10.);
#1874=VECTOR('',#7622,10.);
#1875=VECTOR('',#7623,10.);
#1876=VECTOR('',#7626,10.);
#1877=VECTOR('',#7627,10.);
#1878=VECTOR('',#7628,10.);
#1879=VECTOR('',#7631,10.);
#1880=VECTOR('',#7632,10.);
#1881=VECTOR('',#7635,10.);
#1882=VECTOR('',#7636,10.);
#1883=VECTOR('',#7637,10.);
#1884=VECTOR('',#7638,10.);
#1885=VECTOR('',#7639,10.);
#1886=VECTOR('',#7640,10.);
#1887=VECTOR('',#7641,10.);
#1888=VECTOR('',#7642,10.);
#1889=VECTOR('',#7643,10.);
#1890=VECTOR('',#7644,10.);
#1891=VECTOR('',#7647,10.);
#1892=VECTOR('',#7648,10.);
#1893=VECTOR('',#7651,10.);
#1894=VECTOR('',#7652,10.);
#1895=VECTOR('',#7653,10.);
#1896=VECTOR('',#7654,10.);
#1897=VECTOR('',#7655,10.);
#1898=VECTOR('',#7656,10.);
#1899=VECTOR('',#7659,10.);
#1900=VECTOR('',#7660,10.);
#1901=VECTOR('',#7661,10.);
#1902=VECTOR('',#7662,10.);
#1903=VECTOR('',#7663,10.);
#1904=VECTOR('',#7664,10.);
#1905=VECTOR('',#7665,10.);
#1906=VECTOR('',#7666,10.);
#1907=VECTOR('',#7667,10.);
#1908=VECTOR('',#7668,10.);
#1909=VECTOR('',#7671,10.);
#1910=VECTOR('',#7672,10.);
#1911=VECTOR('',#7673,10.);
#1912=VECTOR('',#7674,10.);
#1913=VECTOR('',#7675,10.);
#1914=VECTOR('',#7676,10.);
#1915=VECTOR('',#7677,10.);
#1916=VECTOR('',#7678,10.);
#1917=VECTOR('',#7679,10.);
#1918=VECTOR('',#7680,10.);
#1919=VECTOR('',#7681,10.);
#1920=VECTOR('',#7682,10.);
#1921=VECTOR('',#7683,10.);
#1922=VECTOR('',#7684,10.);
#1923=VECTOR('',#7685,10.);
#1924=VECTOR('',#7686,10.);
#1925=VECTOR('',#7687,10.);
#1926=VECTOR('',#7690,10.);
#1927=VECTOR('',#7691,10.);
#1928=VECTOR('',#7692,10.);
#1929=VECTOR('',#7693,10.);
#1930=VECTOR('',#7694,10.);
#1931=VECTOR('',#7695,10.);
#1932=VECTOR('',#7696,10.);
#1933=VECTOR('',#7697,10.);
#1934=VECTOR('',#7700,10.);
#1935=VECTOR('',#7701,10.);
#1936=VECTOR('',#7702,10.);
#1937=VECTOR('',#7703,10.);
#1938=VECTOR('',#7706,10.);
#1939=VECTOR('',#7707,10.);
#1940=VECTOR('',#7708,10.);
#1941=VECTOR('',#7711,10.);
#1942=VECTOR('',#7712,10.);
#1943=VECTOR('',#7713,10.);
#1944=VECTOR('',#7714,10.);
#1945=VECTOR('',#7715,10.);
#1946=VECTOR('',#7716,10.);
#1947=VECTOR('',#7717,10.);
#1948=VECTOR('',#7718,10.);
#1949=VECTOR('',#7719,10.);
#1950=VECTOR('',#7720,10.);
#1951=VECTOR('',#7721,10.);
#1952=VECTOR('',#7722,10.);
#1953=VECTOR('',#7725,10.);
#1954=VECTOR('',#7726,10.);
#1955=VECTOR('',#7727,10.);
#1956=VECTOR('',#7730,10.);
#1957=VECTOR('',#7731,10.);
#1958=VECTOR('',#7734,10.);
#1959=VECTOR('',#7735,10.);
#1960=VECTOR('',#7736,10.);
#1961=VECTOR('',#7737,10.);
#1962=VECTOR('',#7740,10.);
#1963=VECTOR('',#7741,10.);
#1964=VECTOR('',#7742,10.);
#1965=VECTOR('',#7745,10.);
#1966=VECTOR('',#7746,10.);
#1967=VECTOR('',#7747,10.);
#1968=VECTOR('',#7750,10.);
#1969=VECTOR('',#7751,10.);
#1970=VECTOR('',#7752,10.);
#1971=VECTOR('',#7753,10.);
#1972=VECTOR('',#7754,10.);
#1973=VECTOR('',#7757,10.);
#1974=VECTOR('',#7758,10.);
#1975=VECTOR('',#7759,10.);
#1976=VECTOR('',#7762,10.);
#1977=VECTOR('',#7763,10.);
#1978=VECTOR('',#7764,10.);
#1979=VECTOR('',#7767,10.);
#1980=VECTOR('',#7768,10.);
#1981=VECTOR('',#7769,10.);
#1982=VECTOR('',#7770,10.);
#1983=VECTOR('',#7771,10.);
#1984=VECTOR('',#7772,10.);
#1985=VECTOR('',#7773,10.);
#1986=VECTOR('',#7774,10.);
#1987=VECTOR('',#7777,10.);
#1988=VECTOR('',#7778,10.);
#1989=VECTOR('',#7779,10.);
#1990=VECTOR('',#7784,10.);
#1991=VECTOR('',#7785,10.);
#1992=VECTOR('',#7786,10.);
#1993=VECTOR('',#7787,10.);
#1994=VECTOR('',#7788,10.);
#1995=VECTOR('',#7789,10.);
#1996=VECTOR('',#7790,10.);
#1997=VECTOR('',#7791,10.);
#1998=VECTOR('',#7792,10.);
#1999=VECTOR('',#7795,10.);
#2000=VECTOR('',#7796,10.);
#2001=VECTOR('',#7797,10.);
#2002=VECTOR('',#7800,10.);
#2003=VECTOR('',#7801,10.);
#2004=VECTOR('',#7802,10.);
#2005=VECTOR('',#7805,10.);
#2006=VECTOR('',#7806,10.);
#2007=VECTOR('',#7807,10.);
#2008=VECTOR('',#7808,10.);
#2009=VECTOR('',#7809,10.);
#2010=VECTOR('',#7810,10.);
#2011=VECTOR('',#7811,10.);
#2012=VECTOR('',#7812,10.);
#2013=VECTOR('',#7815,10.);
#2014=VECTOR('',#7816,10.);
#2015=VECTOR('',#7817,10.);
#2016=VECTOR('',#7820,10.);
#2017=VECTOR('',#7821,10.);
#2018=VECTOR('',#7822,10.);
#2019=VECTOR('',#7825,10.);
#2020=VECTOR('',#7826,10.);
#2021=VECTOR('',#7827,10.);
#2022=VECTOR('',#7830,10.);
#2023=VECTOR('',#7831,10.);
#2024=VECTOR('',#7836,10.);
#2025=VECTOR('',#7837,10.);
#2026=VECTOR('',#7838,10.);
#2027=VECTOR('',#7839,10.);
#2028=VECTOR('',#7842,10.);
#2029=VECTOR('',#7843,10.);
#2030=VECTOR('',#7844,10.);
#2031=VECTOR('',#7847,10.);
#2032=VECTOR('',#7848,10.);
#2033=VECTOR('',#7849,10.);
#2034=VECTOR('',#7852,10.);
#2035=VECTOR('',#7853,10.);
#2036=VECTOR('',#7854,10.);
#2037=VECTOR('',#7857,10.);
#2038=VECTOR('',#7858,10.);
#2039=VECTOR('',#7859,10.);
#2040=VECTOR('',#7862,10.);
#2041=VECTOR('',#7863,10.);
#2042=VECTOR('',#7864,10.);
#2043=VECTOR('',#7867,10.);
#2044=VECTOR('',#7868,10.);
#2045=VECTOR('',#7869,10.);
#2046=VECTOR('',#7872,10.);
#2047=VECTOR('',#7873,10.);
#2048=VECTOR('',#7874,10.);
#2049=VECTOR('',#7877,10.);
#2050=VECTOR('',#7878,10.);
#2051=VECTOR('',#7879,10.);
#2052=VECTOR('',#7880,10.);
#2053=VECTOR('',#7881,10.);
#2054=VECTOR('',#7884,10.);
#2055=VECTOR('',#7885,10.);
#2056=VECTOR('',#7886,10.);
#2057=VECTOR('',#7889,10.);
#2058=VECTOR('',#7890,10.);
#2059=VECTOR('',#7891,10.);
#2060=VECTOR('',#7894,10.);
#2061=VECTOR('',#7895,10.);
#2062=VECTOR('',#7896,10.);
#2063=VECTOR('',#7899,10.);
#2064=VECTOR('',#7900,10.);
#2065=VECTOR('',#7907,10.);
#2066=VECTOR('',#7910,10.);
#2067=VECTOR('',#7911,10.);
#2068=VECTOR('',#7912,10.);
#2069=VECTOR('',#7913,10.);
#2070=VECTOR('',#7914,10.);
#2071=VECTOR('',#7917,10.);
#2072=VECTOR('',#7920,10.);
#2073=VECTOR('',#7923,10.);
#2074=VECTOR('',#7926,10.);
#2075=VECTOR('',#7929,10.);
#2076=VECTOR('',#7932,10.);
#2077=VECTOR('',#7941,10.);
#2078=VECTOR('',#7944,10.);
#2079=VECTOR('',#7947,10.);
#2080=VECTOR('',#7950,10.);
#2081=VECTOR('',#7953,10.);
#2082=VECTOR('',#7956,10.);
#2083=VECTOR('',#7959,10.);
#2084=VECTOR('',#7962,10.);
#2085=VECTOR('',#7965,10.);
#2086=VECTOR('',#7968,10.);
#2087=VECTOR('',#7971,10.);
#2088=VECTOR('',#7974,10.);
#2089=VECTOR('',#7989,10.);
#2090=VECTOR('',#7990,10.);
#2091=VECTOR('',#7995,10.);
#2092=VECTOR('',#7996,10.);
#2093=VECTOR('',#8001,10.);
#2094=VECTOR('',#8006,10.);
#2095=VECTOR('',#8007,10.);
#2096=VECTOR('',#8010,10.);
#2097=VECTOR('',#8011,10.);
#2098=VECTOR('',#8016,10.);
#2099=VECTOR('',#8017,10.);
#2100=VECTOR('',#8020,10.);
#2101=VECTOR('',#8023,10.);
#2102=VECTOR('',#8024,10.);
#2103=VECTOR('',#8025,10.);
#2104=VECTOR('',#8030,10.);
#2105=VECTOR('',#8033,10.);
#2106=VECTOR('',#8034,10.);
#2107=VECTOR('',#8039,10.);
#2108=VECTOR('',#8042,10.);
#2109=VECTOR('',#8043,10.);
#2110=VECTOR('',#8048,10.);
#2111=VECTOR('',#8051,10.);
#2112=VECTOR('',#8052,10.);
#2113=VECTOR('',#8061,1.70000000000001);
#2114=VECTOR('',#8066,1.7);
#2115=VECTOR('',#8071,1.7);
#2116=VECTOR('',#8074,10.);
#2117=VECTOR('',#8075,10.);
#2118=VECTOR('',#8076,10.);
#2119=VECTOR('',#8081,10.);
#2120=VECTOR('',#8084,10.);
#2121=VECTOR('',#8085,10.);
#2122=VECTOR('',#8090,10.);
#2123=VECTOR('',#8093,10.);
#2124=VECTOR('',#8094,10.);
#2125=VECTOR('',#8099,10.);
#2126=VECTOR('',#8102,10.);
#2127=VECTOR('',#8103,10.);
#2128=VECTOR('',#8110,10.);
#2129=VECTOR('',#8111,10.);
#2130=VECTOR('',#8112,10.);
#2131=VECTOR('',#8117,10.);
#2132=VECTOR('',#8120,10.);
#2133=VECTOR('',#8121,10.);
#2134=VECTOR('',#8126,10.);
#2135=VECTOR('',#8129,10.);
#2136=VECTOR('',#8130,10.);
#2137=VECTOR('',#8135,10.);
#2138=VECTOR('',#8138,10.);
#2139=VECTOR('',#8139,10.);
#2140=VECTOR('',#8146,10.);
#2141=VECTOR('',#8147,10.);
#2142=VECTOR('',#8148,10.);
#2143=VECTOR('',#8153,10.);
#2144=VECTOR('',#8156,10.);
#2145=VECTOR('',#8157,10.);
#2146=VECTOR('',#8162,10.);
#2147=VECTOR('',#8165,10.);
#2148=VECTOR('',#8166,10.);
#2149=VECTOR('',#8171,10.);
#2150=VECTOR('',#8174,10.);
#2151=VECTOR('',#8175,10.);
#2152=VECTOR('',#8184,1.7);
#2153=VECTOR('',#8187,10.);
#2154=VECTOR('',#8188,10.);
#2155=VECTOR('',#8191,10.);
#2156=VECTOR('',#8194,10.);
#2157=VECTOR('',#8195,10.);
#2158=VECTOR('',#8198,10.);
#2159=VECTOR('',#8199,10.);
#2160=VECTOR('',#8202,10.);
#2161=B_SPLINE_CURVE_WITH_KNOTS('',3,(#8218,#8219,#8220,#8221,#8222),
 .UNSPECIFIED.,.F.,.F.,(4,1,4),(0.,0.0107190242883606,0.0250097704133738),
 .UNSPECIFIED.);
#2162=B_SPLINE_CURVE_WITH_KNOTS('',3,(#8226,#8227,#8228,#8229,#8230),
 .UNSPECIFIED.,.F.,.F.,(4,1,4),(0.,0.0107190242883606,0.0250097704133738),
 .UNSPECIFIED.);
#2163=B_SPLINE_CURVE_WITH_KNOTS('',3,(#8243,#8244,#8245,#8246,#8247),
 .UNSPECIFIED.,.F.,.F.,(4,1,4),(0.,0.012077770771131,0.0237853294767909),
 .UNSPECIFIED.);
#2164=B_SPLINE_CURVE_WITH_KNOTS('',3,(#8250,#8251,#8252,#8253,#8254),
 .UNSPECIFIED.,.F.,.F.,(4,1,4),(0.,0.012077770771131,0.0237853294767909),
 .UNSPECIFIED.);
#2165=B_SPLINE_CURVE_WITH_KNOTS('',3,(#8266,#8267,#8268,#8269,#8270),
 .UNSPECIFIED.,.F.,.F.,(4,1,4),(0.,0.0134933680090233,0.0262110420219475),
 .UNSPECIFIED.);
#2166=B_SPLINE_CURVE_WITH_KNOTS('',3,(#8273,#8274,#8275,#8276,#8277),
 .UNSPECIFIED.,.F.,.F.,(4,1,4),(0.,0.0134933680090233,0.0262110420219475),
 .UNSPECIFIED.);
#2167=B_SPLINE_CURVE_WITH_KNOTS('',3,(#8289,#8290,#8291,#8292,#8293),
 .UNSPECIFIED.,.F.,.F.,(4,1,4),(0.,0.0103914508439183,0.0230996687709907),
 .UNSPECIFIED.);
#2168=B_SPLINE_CURVE_WITH_KNOTS('',3,(#8296,#8297,#8298,#8299,#8300),
 .UNSPECIFIED.,.F.,.F.,(4,1,4),(0.,0.0103914508439183,0.0230996687709907),
 .UNSPECIFIED.);
#2169=B_SPLINE_CURVE_WITH_KNOTS('',3,(#8312,#8313,#8314,#8315,#8316),
 .UNSPECIFIED.,.F.,.F.,(4,1,4),(0.,0.00919394959530948,0.018433469491043),
 .UNSPECIFIED.);
#2170=B_SPLINE_CURVE_WITH_KNOTS('',3,(#8319,#8320,#8321,#8322,#8323),
 .UNSPECIFIED.,.F.,.F.,(4,1,4),(0.,0.00919394959530948,0.018433469491043),
 .UNSPECIFIED.);
#2171=B_SPLINE_CURVE_WITH_KNOTS('',3,(#8335,#8336,#8337,#8338,#8339),
 .UNSPECIFIED.,.F.,.F.,(4,1,4),(0.,0.00610412393117266,0.0122853261802981),
 .UNSPECIFIED.);
#2172=B_SPLINE_CURVE_WITH_KNOTS('',3,(#8342,#8343,#8344,#8345,#8346),
 .UNSPECIFIED.,.F.,.F.,(4,1,4),(0.,0.00610412393117266,0.0122853261802981),
 .UNSPECIFIED.);
#2173=B_SPLINE_CURVE_WITH_KNOTS('',3,(#8358,#8359,#8360,#8361,#8362),
 .UNSPECIFIED.,.F.,.F.,(4,1,4),(0.,0.00649556111843269,0.0126914145147905),
 .UNSPECIFIED.);
#2174=B_SPLINE_CURVE_WITH_KNOTS('',3,(#8365,#8366,#8367,#8368,#8369),
 .UNSPECIFIED.,.F.,.F.,(4,1,4),(0.,0.00649556111843269,0.0126914145147905),
 .UNSPECIFIED.);
#2175=B_SPLINE_CURVE_WITH_KNOTS('',3,(#8381,#8382,#8383,#8384,#8385),
 .UNSPECIFIED.,.F.,.F.,(4,1,4),(0.,0.0131327492861536,0.0220120208340911),
 .UNSPECIFIED.);
#2176=B_SPLINE_CURVE_WITH_KNOTS('',3,(#8388,#8389,#8390,#8391,#8392),
 .UNSPECIFIED.,.F.,.F.,(4,1,4),(0.,0.0131327492861536,0.0220120208340911),
 .UNSPECIFIED.);
#2177=B_SPLINE_CURVE_WITH_KNOTS('',3,(#8404,#8405,#8406,#8407,#8408),
 .UNSPECIFIED.,.F.,.F.,(4,1,4),(0.,0.017457832631902,0.0412339615821551),
 .UNSPECIFIED.);
#2178=B_SPLINE_CURVE_WITH_KNOTS('',3,(#8411,#8412,#8413,#8414,#8415),
 .UNSPECIFIED.,.F.,.F.,(4,1,4),(0.,0.017457832631902,0.0412339615821551),
 .UNSPECIFIED.);
#2179=B_SPLINE_CURVE_WITH_KNOTS('',3,(#8439,#8440,#8441,#8442,#8443),
 .UNSPECIFIED.,.F.,.F.,(4,1,4),(0.,0.00918677294881396,0.0185354325755474),
 .UNSPECIFIED.);
#2180=B_SPLINE_CURVE_WITH_KNOTS('',3,(#8446,#8447,#8448,#8449,#8450),
 .UNSPECIFIED.,.F.,.F.,(4,1,4),(0.,0.00918677294881396,0.0185354325755474),
 .UNSPECIFIED.);
#2181=B_SPLINE_CURVE_WITH_KNOTS('',3,(#8462,#8463,#8464,#8465,#8466),
 .UNSPECIFIED.,.F.,.F.,(4,1,4),(0.,0.0279529494158737,0.043362882917619),
 .UNSPECIFIED.);
#2182=B_SPLINE_CURVE_WITH_KNOTS('',3,(#8469,#8470,#8471,#8472,#8473),
 .UNSPECIFIED.,.F.,.F.,(4,1,4),(0.,0.0279529494158737,0.043362882917619),
 .UNSPECIFIED.);
#2183=B_SPLINE_CURVE_WITH_KNOTS('',3,(#8491,#8492,#8493,#8494,#8495),
 .UNSPECIFIED.,.F.,.F.,(4,1,4),(0.,0.00884751940996848,0.0226981227728412),
 .UNSPECIFIED.);
#2184=B_SPLINE_CURVE_WITH_KNOTS('',3,(#8498,#8499,#8500,#8501,#8502),
 .UNSPECIFIED.,.F.,.F.,(4,1,4),(0.,0.00884751940996848,0.0226981227728412),
 .UNSPECIFIED.);
#2185=B_SPLINE_CURVE_WITH_KNOTS('',3,(#8514,#8515,#8516,#8517,#8518),
 .UNSPECIFIED.,.F.,.F.,(4,1,4),(0.,0.00880686673984311,0.0185085829150914),
 .UNSPECIFIED.);
#2186=B_SPLINE_CURVE_WITH_KNOTS('',3,(#8521,#8522,#8523,#8524,#8525),
 .UNSPECIFIED.,.F.,.F.,(4,1,4),(0.,0.00880686673984311,0.0185085829150914),
 .UNSPECIFIED.);
#2187=B_SPLINE_CURVE_WITH_KNOTS('',3,(#8537,#8538,#8539,#8540,#8541),
 .UNSPECIFIED.,.F.,.F.,(4,1,4),(0.,0.0112036139015228,0.0204521153773945),
 .UNSPECIFIED.);
#2188=B_SPLINE_CURVE_WITH_KNOTS('',3,(#8544,#8545,#8546,#8547,#8548),
 .UNSPECIFIED.,.F.,.F.,(4,1,4),(0.,0.0112036139015228,0.0204521153773945),
 .UNSPECIFIED.);
#2189=B_SPLINE_CURVE_WITH_KNOTS('',3,(#8560,#8561,#8562,#8563,#8564),
 .UNSPECIFIED.,.F.,.F.,(4,1,4),(0.,0.0168498539364946,0.0305815376129495),
 .UNSPECIFIED.);
#2190=B_SPLINE_CURVE_WITH_KNOTS('',3,(#8567,#8568,#8569,#8570,#8571),
 .UNSPECIFIED.,.F.,.F.,(4,1,4),(0.,0.0168498539364946,0.0305815376129495),
 .UNSPECIFIED.);
#2191=B_SPLINE_CURVE_WITH_KNOTS('',3,(#8583,#8584,#8585,#8586,#8587),
 .UNSPECIFIED.,.F.,.F.,(4,1,4),(0.,0.0157871774190055,0.0333984551172047),
 .UNSPECIFIED.);
#2192=B_SPLINE_CURVE_WITH_KNOTS('',3,(#8590,#8591,#8592,#8593,#8594),
 .UNSPECIFIED.,.F.,.F.,(4,1,4),(0.,0.0157871774190055,0.0333984551172047),
 .UNSPECIFIED.);
#2193=B_SPLINE_CURVE_WITH_KNOTS('',3,(#8606,#8607,#8608,#8609,#8610),
 .UNSPECIFIED.,.F.,.F.,(4,1,4),(0.,0.0124325829245985,0.0264042509034053),
 .UNSPECIFIED.);
#2194=B_SPLINE_CURVE_WITH_KNOTS('',3,(#8613,#8614,#8615,#8616,#8617),
 .UNSPECIFIED.,.F.,.F.,(4,1,4),(0.,0.0124325829245985,0.0264042509034053),
 .UNSPECIFIED.);
#2195=B_SPLINE_CURVE_WITH_KNOTS('',3,(#8629,#8630,#8631,#8632,#8633),
 .UNSPECIFIED.,.F.,.F.,(4,1,4),(0.,0.0145902627687876,0.0273098547109404),
 .UNSPECIFIED.);
#2196=B_SPLINE_CURVE_WITH_KNOTS('',3,(#8636,#8637,#8638,#8639,#8640),
 .UNSPECIFIED.,.F.,.F.,(4,1,4),(0.,0.0145902627687876,0.0273098547109404),
 .UNSPECIFIED.);
#2197=B_SPLINE_CURVE_WITH_KNOTS('',3,(#8658,#8659,#8660,#8661,#8662),
 .UNSPECIFIED.,.F.,.F.,(4,1,4),(0.,0.0110555651232624,0.0250694587155229),
 .UNSPECIFIED.);
#2198=B_SPLINE_CURVE_WITH_KNOTS('',3,(#8665,#8666,#8667,#8668,#8669),
 .UNSPECIFIED.,.F.,.F.,(4,1,4),(0.,0.0110555651232624,0.0250694587155229),
 .UNSPECIFIED.);
#2199=B_SPLINE_CURVE_WITH_KNOTS('',3,(#8681,#8682,#8683,#8684,#8685),
 .UNSPECIFIED.,.F.,.F.,(4,1,4),(0.,0.0151342471939332,0.0265989978518321),
 .UNSPECIFIED.);
#2200=B_SPLINE_CURVE_WITH_KNOTS('',3,(#8688,#8689,#8690,#8691,#8692),
 .UNSPECIFIED.,.F.,.F.,(4,1,4),(0.,0.0151342471939332,0.0265989978518321),
 .UNSPECIFIED.);
#2201=B_SPLINE_CURVE_WITH_KNOTS('',3,(#8704,#8705,#8706,#8707,#8708),
 .UNSPECIFIED.,.F.,.F.,(4,1,4),(0.,0.0132593549121324,0.0296606353894706),
 .UNSPECIFIED.);
#2202=B_SPLINE_CURVE_WITH_KNOTS('',3,(#8711,#8712,#8713,#8714,#8715),
 .UNSPECIFIED.,.F.,.F.,(4,1,4),(0.,0.0132593549121324,0.0296606353894706),
 .UNSPECIFIED.);
#2203=B_SPLINE_CURVE_WITH_KNOTS('',3,(#8727,#8728,#8729,#8730,#8731),
 .UNSPECIFIED.,.F.,.F.,(4,1,4),(0.,0.0129076462383926,0.0227592516903797),
 .UNSPECIFIED.);
#2204=B_SPLINE_CURVE_WITH_KNOTS('',3,(#8734,#8735,#8736,#8737,#8738),
 .UNSPECIFIED.,.F.,.F.,(4,1,4),(0.,0.0129076462383926,0.0227592516903797),
 .UNSPECIFIED.);
#2205=B_SPLINE_CURVE_WITH_KNOTS('',3,(#8750,#8751,#8752,#8753,#8754),
 .UNSPECIFIED.,.F.,.F.,(4,1,4),(0.,0.0041281453616563,0.00641352255775824),
 .UNSPECIFIED.);
#2206=B_SPLINE_CURVE_WITH_KNOTS('',3,(#8757,#8758,#8759,#8760,#8761),
 .UNSPECIFIED.,.F.,.F.,(4,1,4),(0.,0.0041281453616563,0.00641352255775824),
 .UNSPECIFIED.);
#2207=B_SPLINE_CURVE_WITH_KNOTS('',3,(#8773,#8774,#8775,#8776,#8777),
 .UNSPECIFIED.,.F.,.F.,(4,1,4),(0.,0.0261096805521994,0.0446557022836431),
 .UNSPECIFIED.);
#2208=B_SPLINE_CURVE_WITH_KNOTS('',3,(#8780,#8781,#8782,#8783,#8784),
 .UNSPECIFIED.,.F.,.F.,(4,1,4),(0.,0.0261096805521994,0.0446557022836431),
 .UNSPECIFIED.);
#2209=B_SPLINE_CURVE_WITH_KNOTS('',3,(#8796,#8797,#8798,#8799,#8800),
 .UNSPECIFIED.,.F.,.F.,(4,1,4),(0.,0.00926420530142875,0.0221474302810417),
 .UNSPECIFIED.);
#2210=B_SPLINE_CURVE_WITH_KNOTS('',3,(#8803,#8804,#8805,#8806,#8807),
 .UNSPECIFIED.,.F.,.F.,(4,1,4),(0.,0.00926420530142875,0.0221474302810417),
 .UNSPECIFIED.);
#2211=B_SPLINE_CURVE_WITH_KNOTS('',3,(#8819,#8820,#8821,#8822,#8823),
 .UNSPECIFIED.,.F.,.F.,(4,1,4),(0.,0.0095588590579102,0.0194792924030196),
 .UNSPECIFIED.);
#2212=B_SPLINE_CURVE_WITH_KNOTS('',3,(#8826,#8827,#8828,#8829,#8830),
 .UNSPECIFIED.,.F.,.F.,(4,1,4),(0.,0.0095588590579102,0.0194792924030196),
 .UNSPECIFIED.);
#2213=B_SPLINE_CURVE_WITH_KNOTS('',3,(#8842,#8843,#8844,#8845,#8846),
 .UNSPECIFIED.,.F.,.F.,(4,1,4),(0.,0.0097039810149507,0.0191192287104762),
 .UNSPECIFIED.);
#2214=B_SPLINE_CURVE_WITH_KNOTS('',3,(#8849,#8850,#8851,#8852,#8853),
 .UNSPECIFIED.,.F.,.F.,(4,1,4),(0.,0.0097039810149507,0.0191192287104762),
 .UNSPECIFIED.);
#2215=B_SPLINE_CURVE_WITH_KNOTS('',3,(#8865,#8866,#8867,#8868,#8869),
 .UNSPECIFIED.,.F.,.F.,(4,1,4),(0.,0.0102525015268393,0.0201993360483407),
 .UNSPECIFIED.);
#2216=B_SPLINE_CURVE_WITH_KNOTS('',3,(#8872,#8873,#8874,#8875,#8876),
 .UNSPECIFIED.,.F.,.F.,(4,1,4),(0.,0.0102525015268393,0.0201993360483407),
 .UNSPECIFIED.);
#2217=B_SPLINE_CURVE_WITH_KNOTS('',3,(#8888,#8889,#8890,#8891,#8892),
 .UNSPECIFIED.,.F.,.F.,(4,1,4),(0.,0.0164006736379662,0.0332333764520804),
 .UNSPECIFIED.);
#2218=B_SPLINE_CURVE_WITH_KNOTS('',3,(#8895,#8896,#8897,#8898,#8899),
 .UNSPECIFIED.,.F.,.F.,(4,1,4),(0.,0.0164006736379662,0.0332333764520804),
 .UNSPECIFIED.);
#2219=B_SPLINE_CURVE_WITH_KNOTS('',3,(#8911,#8912,#8913,#8914,#8915),
 .UNSPECIFIED.,.F.,.F.,(4,1,4),(0.,0.0213123185994453,0.0391862060429926),
 .UNSPECIFIED.);
#2220=B_SPLINE_CURVE_WITH_KNOTS('',3,(#8918,#8919,#8920,#8921,#8922),
 .UNSPECIFIED.,.F.,.F.,(4,1,4),(0.,0.0213123185994453,0.0391862060429926),
 .UNSPECIFIED.);
#2221=B_SPLINE_CURVE_WITH_KNOTS('',3,(#8934,#8935,#8936,#8937,#8938),
 .UNSPECIFIED.,.F.,.F.,(4,1,4),(0.,0.0135611842192663,0.0276126663208985),
 .UNSPECIFIED.);
#2222=B_SPLINE_CURVE_WITH_KNOTS('',3,(#8941,#8942,#8943,#8944,#8945),
 .UNSPECIFIED.,.F.,.F.,(4,1,4),(0.,0.0135611842192663,0.0276126663208985),
 .UNSPECIFIED.);
#2223=B_SPLINE_CURVE_WITH_KNOTS('',3,(#8957,#8958,#8959,#8960,#8961),
 .UNSPECIFIED.,.F.,.F.,(4,1,4),(0.,0.0166443695863482,0.0310583628624433),
 .UNSPECIFIED.);
#2224=B_SPLINE_CURVE_WITH_KNOTS('',3,(#8964,#8965,#8966,#8967,#8968),
 .UNSPECIFIED.,.F.,.F.,(4,1,4),(0.,0.0166443695863482,0.0310583628624433),
 .UNSPECIFIED.);
#2225=B_SPLINE_CURVE_WITH_KNOTS('',3,(#8979,#8980,#8981,#8982,#8983),
 .UNSPECIFIED.,.F.,.F.,(4,1,4),(0.,0.00886194066305453,0.0186085789474002),
 .UNSPECIFIED.);
#2226=B_SPLINE_CURVE_WITH_KNOTS('',3,(#8984,#8985,#8986,#8987,#8988),
 .UNSPECIFIED.,.F.,.F.,(4,1,4),(0.,0.00886194066305453,0.0186085789474002),
 .UNSPECIFIED.);
#2227=B_SPLINE_CURVE_WITH_KNOTS('',3,(#9010,#9011,#9012,#9013,#9014),
 .UNSPECIFIED.,.F.,.F.,(4,1,4),(0.,0.01676698514353,0.0403028282566161),
 .UNSPECIFIED.);
#2228=B_SPLINE_CURVE_WITH_KNOTS('',3,(#9017,#9018,#9019,#9020,#9021),
 .UNSPECIFIED.,.F.,.F.,(4,1,4),(0.,0.01676698514353,0.0403028282566161),
 .UNSPECIFIED.);
#2229=B_SPLINE_CURVE_WITH_KNOTS('',3,(#9033,#9034,#9035,#9036,#9037),
 .UNSPECIFIED.,.F.,.F.,(4,1,4),(0.,0.0148251472329406,0.029357487316319),
 .UNSPECIFIED.);
#2230=B_SPLINE_CURVE_WITH_KNOTS('',3,(#9040,#9041,#9042,#9043,#9044),
 .UNSPECIFIED.,.F.,.F.,(4,1,4),(0.,0.0148251472329406,0.029357487316319),
 .UNSPECIFIED.);
#2231=B_SPLINE_CURVE_WITH_KNOTS('',3,(#9056,#9057,#9058,#9059,#9060),
 .UNSPECIFIED.,.F.,.F.,(4,1,4),(0.,0.00859877425405121,0.0178570624277258),
 .UNSPECIFIED.);
#2232=B_SPLINE_CURVE_WITH_KNOTS('',3,(#9063,#9064,#9065,#9066,#9067),
 .UNSPECIFIED.,.F.,.F.,(4,1,4),(0.,0.00859877425405121,0.0178570624277258),
 .UNSPECIFIED.);
#2233=B_SPLINE_CURVE_WITH_KNOTS('',3,(#9079,#9080,#9081,#9082,#9083),
 .UNSPECIFIED.,.F.,.F.,(4,1,4),(0.,0.00777657918968976,0.0158509503533006),
 .UNSPECIFIED.);
#2234=B_SPLINE_CURVE_WITH_KNOTS('',3,(#9086,#9087,#9088,#9089,#9090),
 .UNSPECIFIED.,.F.,.F.,(4,1,4),(0.,0.00777657918968976,0.0158509503533006),
 .UNSPECIFIED.);
#2235=B_SPLINE_CURVE_WITH_KNOTS('',3,(#9102,#9103,#9104,#9105,#9106),
 .UNSPECIFIED.,.F.,.F.,(4,1,4),(0.,0.0131334590525451,0.0227058429265667),
 .UNSPECIFIED.);
#2236=B_SPLINE_CURVE_WITH_KNOTS('',3,(#9109,#9110,#9111,#9112,#9113),
 .UNSPECIFIED.,.F.,.F.,(4,1,4),(0.,0.0131334590525451,0.0227058429265667),
 .UNSPECIFIED.);
#2237=B_SPLINE_CURVE_WITH_KNOTS('',3,(#9143,#9144,#9145,#9146,#9147),
 .UNSPECIFIED.,.F.,.F.,(4,1,4),(0.,0.00943491102854528,0.0239341466041724),
 .UNSPECIFIED.);
#2238=B_SPLINE_CURVE_WITH_KNOTS('',3,(#9150,#9151,#9152,#9153,#9154),
 .UNSPECIFIED.,.F.,.F.,(4,1,4),(0.,0.00943491102854528,0.0239341466041724),
 .UNSPECIFIED.);
#2239=B_SPLINE_CURVE_WITH_KNOTS('',3,(#9166,#9167,#9168,#9169,#9170),
 .UNSPECIFIED.,.F.,.F.,(4,1,4),(0.,0.00955720852345876,0.0197955467314018),
 .UNSPECIFIED.);
#2240=B_SPLINE_CURVE_WITH_KNOTS('',3,(#9173,#9174,#9175,#9176,#9177),
 .UNSPECIFIED.,.F.,.F.,(4,1,4),(0.,0.00955720852345876,0.0197955467314018),
 .UNSPECIFIED.);
#2241=B_SPLINE_CURVE_WITH_KNOTS('',3,(#9189,#9190,#9191,#9192,#9193),
 .UNSPECIFIED.,.F.,.F.,(4,1,4),(0.,0.0110350079518556,0.0207542119945477),
 .UNSPECIFIED.);
#2242=B_SPLINE_CURVE_WITH_KNOTS('',3,(#9196,#9197,#9198,#9199,#9200),
 .UNSPECIFIED.,.F.,.F.,(4,1,4),(0.,0.0110350079518556,0.0207542119945477),
 .UNSPECIFIED.);
#2243=B_SPLINE_CURVE_WITH_KNOTS('',3,(#9212,#9213,#9214,#9215,#9216),
 .UNSPECIFIED.,.F.,.F.,(4,1,4),(0.,0.0126231966532887,0.0246632129150755),
 .UNSPECIFIED.);
#2244=B_SPLINE_CURVE_WITH_KNOTS('',3,(#9219,#9220,#9221,#9222,#9223),
 .UNSPECIFIED.,.F.,.F.,(4,1,4),(0.,0.0126231966532887,0.0246632129150755),
 .UNSPECIFIED.);
#2245=B_SPLINE_CURVE_WITH_KNOTS('',3,(#9235,#9236,#9237,#9238,#9239),
 .UNSPECIFIED.,.F.,.F.,(4,1,4),(0.,0.0264804629032197,0.053744783702408),
 .UNSPECIFIED.);
#2246=B_SPLINE_CURVE_WITH_KNOTS('',3,(#9242,#9243,#9244,#9245,#9246),
 .UNSPECIFIED.,.F.,.F.,(4,1,4),(0.,0.0264804629032197,0.053744783702408),
 .UNSPECIFIED.);
#2247=B_SPLINE_CURVE_WITH_KNOTS('',3,(#9281,#9282,#9283,#9284,#9285),
 .UNSPECIFIED.,.F.,.F.,(4,1,4),(0.,0.0250528840457645,0.0452339640218634),
 .UNSPECIFIED.);
#2248=B_SPLINE_CURVE_WITH_KNOTS('',3,(#9289,#9290,#9291,#9292,#9293),
 .UNSPECIFIED.,.F.,.F.,(4,1,4),(0.,0.0250528840457645,0.0452339640218634),
 .UNSPECIFIED.);
#2249=B_SPLINE_CURVE_WITH_KNOTS('',3,(#9306,#9307,#9308,#9309,#9310),
 .UNSPECIFIED.,.F.,.F.,(4,1,4),(0.,0.0150654016216751,0.031299784458239),
 .UNSPECIFIED.);
#2250=B_SPLINE_CURVE_WITH_KNOTS('',3,(#9313,#9314,#9315,#9316,#9317),
 .UNSPECIFIED.,.F.,.F.,(4,1,4),(0.,0.0150654016216751,0.031299784458239),
 .UNSPECIFIED.);
#2251=B_SPLINE_CURVE_WITH_KNOTS('',3,(#9329,#9330,#9331,#9332,#9333),
 .UNSPECIFIED.,.F.,.F.,(4,1,4),(0.,0.0130014931542632,0.0269079845153817),
 .UNSPECIFIED.);
#2252=B_SPLINE_CURVE_WITH_KNOTS('',3,(#9336,#9337,#9338,#9339,#9340),
 .UNSPECIFIED.,.F.,.F.,(4,1,4),(0.,0.0130014931542632,0.0269079845153817),
 .UNSPECIFIED.);
#2253=B_SPLINE_CURVE_WITH_KNOTS('',3,(#9352,#9353,#9354,#9355,#9356),
 .UNSPECIFIED.,.F.,.F.,(4,1,4),(0.,0.0120539341024748,0.0244790860932287),
 .UNSPECIFIED.);
#2254=B_SPLINE_CURVE_WITH_KNOTS('',3,(#9359,#9360,#9361,#9362,#9363),
 .UNSPECIFIED.,.F.,.F.,(4,1,4),(0.,0.0120539341024748,0.0244790860932287),
 .UNSPECIFIED.);
#2255=B_SPLINE_CURVE_WITH_KNOTS('',3,(#9375,#9376,#9377,#9378,#9379),
 .UNSPECIFIED.,.F.,.F.,(4,1,4),(0.,0.0104526344715257,0.0220735181115846),
 .UNSPECIFIED.);
#2256=B_SPLINE_CURVE_WITH_KNOTS('',3,(#9382,#9383,#9384,#9385,#9386),
 .UNSPECIFIED.,.F.,.F.,(4,1,4),(0.,0.0104526344715257,0.0220735181115846),
 .UNSPECIFIED.);
#2257=B_SPLINE_CURVE_WITH_KNOTS('',3,(#9398,#9399,#9400,#9401,#9402),
 .UNSPECIFIED.,.F.,.F.,(4,1,4),(0.,0.0106808521062551,0.0208878719594339),
 .UNSPECIFIED.);
#2258=B_SPLINE_CURVE_WITH_KNOTS('',3,(#9405,#9406,#9407,#9408,#9409),
 .UNSPECIFIED.,.F.,.F.,(4,1,4),(0.,0.0106808521062551,0.0208878719594339),
 .UNSPECIFIED.);
#2259=B_SPLINE_CURVE_WITH_KNOTS('',3,(#9421,#9422,#9423,#9424,#9425),
 .UNSPECIFIED.,.F.,.F.,(4,1,4),(0.,0.0230051062726514,0.038118464000408),
 .UNSPECIFIED.);
#2260=B_SPLINE_CURVE_WITH_KNOTS('',3,(#9428,#9429,#9430,#9431,#9432),
 .UNSPECIFIED.,.F.,.F.,(4,1,4),(0.,0.0230051062726514,0.038118464000408),
 .UNSPECIFIED.);
#2261=B_SPLINE_CURVE_WITH_KNOTS('',3,(#9444,#9445,#9446,#9447,#9448),
 .UNSPECIFIED.,.F.,.F.,(4,1,4),(0.,0.0076054333035917,0.022583213999105),
 .UNSPECIFIED.);
#2262=B_SPLINE_CURVE_WITH_KNOTS('',3,(#9451,#9452,#9453,#9454,#9455),
 .UNSPECIFIED.,.F.,.F.,(4,1,4),(0.,0.0076054333035917,0.022583213999105),
 .UNSPECIFIED.);
#2263=B_SPLINE_CURVE_WITH_KNOTS('',3,(#9467,#9468,#9469,#9470,#9471),
 .UNSPECIFIED.,.F.,.F.,(4,1,4),(0.,0.00528429839724046,0.0115700041391176),
 .UNSPECIFIED.);
#2264=B_SPLINE_CURVE_WITH_KNOTS('',3,(#9474,#9475,#9476,#9477,#9478),
 .UNSPECIFIED.,.F.,.F.,(4,1,4),(0.,0.00528429839724046,0.0115700041391176),
 .UNSPECIFIED.);
#2265=B_SPLINE_CURVE_WITH_KNOTS('',3,(#9490,#9491,#9492,#9493,#9494),
 .UNSPECIFIED.,.F.,.F.,(4,1,4),(0.,0.0045977852197942,0.00923890212017564),
 .UNSPECIFIED.);
#2266=B_SPLINE_CURVE_WITH_KNOTS('',3,(#9497,#9498,#9499,#9500,#9501),
 .UNSPECIFIED.,.F.,.F.,(4,1,4),(0.,0.0045977852197942,0.00923890212017564),
 .UNSPECIFIED.);
#2267=B_SPLINE_CURVE_WITH_KNOTS('',3,(#9513,#9514,#9515,#9516,#9517),
 .UNSPECIFIED.,.F.,.F.,(4,1,4),(0.,0.00814027462283922,0.0153949952619093),
 .UNSPECIFIED.);
#2268=B_SPLINE_CURVE_WITH_KNOTS('',3,(#9520,#9521,#9522,#9523,#9524),
 .UNSPECIFIED.,.F.,.F.,(4,1,4),(0.,0.00814027462283922,0.0153949952619093),
 .UNSPECIFIED.);
#2269=B_SPLINE_CURVE_WITH_KNOTS('',3,(#9536,#9537,#9538,#9539,#9540),
 .UNSPECIFIED.,.F.,.F.,(4,1,4),(0.,0.0145625468896361,0.0250869270541573),
 .UNSPECIFIED.);
#2270=B_SPLINE_CURVE_WITH_KNOTS('',3,(#9543,#9544,#9545,#9546,#9547),
 .UNSPECIFIED.,.F.,.F.,(4,1,4),(0.,0.0145625468896361,0.0250869270541573),
 .UNSPECIFIED.);
#2271=B_SPLINE_CURVE_WITH_KNOTS('',3,(#9559,#9560,#9561,#9562,#9563),
 .UNSPECIFIED.,.F.,.F.,(4,1,4),(0.,0.0105702779819892,0.0233713942962561),
 .UNSPECIFIED.);
#2272=B_SPLINE_CURVE_WITH_KNOTS('',3,(#9566,#9567,#9568,#9569,#9570),
 .UNSPECIFIED.,.F.,.F.,(4,1,4),(0.,0.0105702779819892,0.0233713942962561),
 .UNSPECIFIED.);
#2273=B_SPLINE_CURVE_WITH_KNOTS('',3,(#9582,#9583,#9584,#9585,#9586),
 .UNSPECIFIED.,.F.,.F.,(4,1,4),(0.,0.010457162496341,0.0202499479131474),
 .UNSPECIFIED.);
#2274=B_SPLINE_CURVE_WITH_KNOTS('',3,(#9589,#9590,#9591,#9592,#9593),
 .UNSPECIFIED.,.F.,.F.,(4,1,4),(0.,0.010457162496341,0.0202499479131474),
 .UNSPECIFIED.);
#2275=B_SPLINE_CURVE_WITH_KNOTS('',3,(#9611,#9612,#9613,#9614,#9615),
 .UNSPECIFIED.,.F.,.F.,(4,1,4),(0.,0.0110916747751065,0.0241453941702465),
 .UNSPECIFIED.);
#2276=B_SPLINE_CURVE_WITH_KNOTS('',3,(#9618,#9619,#9620,#9621,#9622),
 .UNSPECIFIED.,.F.,.F.,(4,1,4),(0.,0.0110916747751065,0.0241453941702465),
 .UNSPECIFIED.);
#2277=B_SPLINE_CURVE_WITH_KNOTS('',3,(#9634,#9635,#9636,#9637,#9638),
 .UNSPECIFIED.,.F.,.F.,(4,1,4),(0.,0.0126074400970566,0.0234622295708694),
 .UNSPECIFIED.);
#2278=B_SPLINE_CURVE_WITH_KNOTS('',3,(#9641,#9642,#9643,#9644,#9645),
 .UNSPECIFIED.,.F.,.F.,(4,1,4),(0.,0.0126074400970566,0.0234622295708694),
 .UNSPECIFIED.);
#2279=B_SPLINE_CURVE_WITH_KNOTS('',3,(#9657,#9658,#9659,#9660,#9661),
 .UNSPECIFIED.,.F.,.F.,(4,1,4),(0.,0.0160599706343525,0.0304711378413978),
 .UNSPECIFIED.);
#2280=B_SPLINE_CURVE_WITH_KNOTS('',3,(#9664,#9665,#9666,#9667,#9668),
 .UNSPECIFIED.,.F.,.F.,(4,1,4),(0.,0.0160599706343525,0.0304711378413978),
 .UNSPECIFIED.);
#2281=B_SPLINE_CURVE_WITH_KNOTS('',3,(#9680,#9681,#9682,#9683,#9684),
 .UNSPECIFIED.,.F.,.F.,(4,1,4),(0.,0.0104823949823323,0.0214721145160338),
 .UNSPECIFIED.);
#2282=B_SPLINE_CURVE_WITH_KNOTS('',3,(#9687,#9688,#9689,#9690,#9691),
 .UNSPECIFIED.,.F.,.F.,(4,1,4),(0.,0.0104823949823323,0.0214721145160338),
 .UNSPECIFIED.);
#2283=B_SPLINE_CURVE_WITH_KNOTS('',3,(#9703,#9704,#9705,#9706,#9707),
 .UNSPECIFIED.,.F.,.F.,(4,1,4),(0.,0.00781570461923172,0.01724665289378),
 .UNSPECIFIED.);
#2284=B_SPLINE_CURVE_WITH_KNOTS('',3,(#9710,#9711,#9712,#9713,#9714),
 .UNSPECIFIED.,.F.,.F.,(4,1,4),(0.,0.00781570461923172,0.01724665289378),
 .UNSPECIFIED.);
#2285=B_SPLINE_CURVE_WITH_KNOTS('',3,(#9726,#9727,#9728,#9729,#9730),
 .UNSPECIFIED.,.F.,.F.,(4,1,4),(0.,0.00919130129546148,0.0183924656604171),
 .UNSPECIFIED.);
#2286=B_SPLINE_CURVE_WITH_KNOTS('',3,(#9733,#9734,#9735,#9736,#9737),
 .UNSPECIFIED.,.F.,.F.,(4,1,4),(0.,0.00919130129546148,0.0183924656604171),
 .UNSPECIFIED.);
#2287=B_SPLINE_CURVE_WITH_KNOTS('',3,(#9749,#9750,#9751,#9752,#9753),
 .UNSPECIFIED.,.F.,.F.,(4,1,4),(0.,0.00939374121281952,0.0186253530087522),
 .UNSPECIFIED.);
#2288=B_SPLINE_CURVE_WITH_KNOTS('',3,(#9756,#9757,#9758,#9759,#9760),
 .UNSPECIFIED.,.F.,.F.,(4,1,4),(0.,0.00939374121281952,0.0186253530087522),
 .UNSPECIFIED.);
#2289=B_SPLINE_CURVE_WITH_KNOTS('',3,(#9772,#9773,#9774,#9775,#9776),
 .UNSPECIFIED.,.F.,.F.,(4,1,4),(0.,0.0101035021912624,0.0203730059332261),
 .UNSPECIFIED.);
#2290=B_SPLINE_CURVE_WITH_KNOTS('',3,(#9779,#9780,#9781,#9782,#9783),
 .UNSPECIFIED.,.F.,.F.,(4,1,4),(0.,0.0101035021912624,0.0203730059332261),
 .UNSPECIFIED.);
#2291=B_SPLINE_CURVE_WITH_KNOTS('',3,(#9795,#9796,#9797,#9798,#9799),
 .UNSPECIFIED.,.F.,.F.,(4,1,4),(0.,0.0109266446040201,0.0212110026405345),
 .UNSPECIFIED.);
#2292=B_SPLINE_CURVE_WITH_KNOTS('',3,(#9802,#9803,#9804,#9805,#9806),
 .UNSPECIFIED.,.F.,.F.,(4,1,4),(0.,0.0109266446040201,0.0212110026405345),
 .UNSPECIFIED.);
#2293=B_SPLINE_CURVE_WITH_KNOTS('',3,(#9818,#9819,#9820,#9821,#9822),
 .UNSPECIFIED.,.F.,.F.,(4,1,4),(0.,0.0237364967950811,0.0392988107132143),
 .UNSPECIFIED.);
#2294=B_SPLINE_CURVE_WITH_KNOTS('',3,(#9825,#9826,#9827,#9828,#9829),
 .UNSPECIFIED.,.F.,.F.,(4,1,4),(0.,0.0237364967950811,0.0392988107132143),
 .UNSPECIFIED.);
#2295=B_SPLINE_CURVE_WITH_KNOTS('',3,(#9841,#9842,#9843,#9844,#9845),
 .UNSPECIFIED.,.F.,.F.,(4,1,4),(0.,0.00955257253220787,0.0264931200855909),
 .UNSPECIFIED.);
#2296=B_SPLINE_CURVE_WITH_KNOTS('',3,(#9848,#9849,#9850,#9851,#9852),
 .UNSPECIFIED.,.F.,.F.,(4,1,4),(0.,0.00955257253220787,0.0264931200855909),
 .UNSPECIFIED.);
#2297=B_SPLINE_CURVE_WITH_KNOTS('',3,(#9864,#9865,#9866,#9867,#9868),
 .UNSPECIFIED.,.F.,.F.,(4,1,4),(0.,0.00765178176134343,0.0154915544360443),
 .UNSPECIFIED.);
#2298=B_SPLINE_CURVE_WITH_KNOTS('',3,(#9871,#9872,#9873,#9874,#9875),
 .UNSPECIFIED.,.F.,.F.,(4,1,4),(0.,0.00765178176134343,0.0154915544360443),
 .UNSPECIFIED.);
#2299=B_SPLINE_CURVE_WITH_KNOTS('',3,(#9887,#9888,#9889,#9890,#9891),
 .UNSPECIFIED.,.F.,.F.,(4,1,4),(0.,0.00968167527265881,0.0185997189162693),
 .UNSPECIFIED.);
#2300=B_SPLINE_CURVE_WITH_KNOTS('',3,(#9894,#9895,#9896,#9897,#9898),
 .UNSPECIFIED.,.F.,.F.,(4,1,4),(0.,0.00968167527265881,0.0185997189162693),
 .UNSPECIFIED.);
#2301=B_SPLINE_CURVE_WITH_KNOTS('',3,(#9910,#9911,#9912,#9913,#9914),
 .UNSPECIFIED.,.F.,.F.,(4,1,4),(0.,0.0148342413038189,0.0264188389612697),
 .UNSPECIFIED.);
#2302=B_SPLINE_CURVE_WITH_KNOTS('',3,(#9917,#9918,#9919,#9920,#9921),
 .UNSPECIFIED.,.F.,.F.,(4,1,4),(0.,0.0148342413038189,0.0264188389612697),
 .UNSPECIFIED.);
#2303=B_SPLINE_CURVE_WITH_KNOTS('',3,(#9933,#9934,#9935,#9936,#9937),
 .UNSPECIFIED.,.F.,.F.,(4,1,4),(0.,0.0126310812635506,0.0276787363497558),
 .UNSPECIFIED.);
#2304=B_SPLINE_CURVE_WITH_KNOTS('',3,(#9940,#9941,#9942,#9943,#9944),
 .UNSPECIFIED.,.F.,.F.,(4,1,4),(0.,0.0126310812635506,0.0276787363497558),
 .UNSPECIFIED.);
#2305=B_SPLINE_CURVE_WITH_KNOTS('',3,(#9956,#9957,#9958,#9959,#9960),
 .UNSPECIFIED.,.F.,.F.,(4,1,4),(0.,0.0134608517725278,0.0255628068981172),
 .UNSPECIFIED.);
#2306=B_SPLINE_CURVE_WITH_KNOTS('',3,(#9963,#9964,#9965,#9966,#9967),
 .UNSPECIFIED.,.F.,.F.,(4,1,4),(0.,0.0134608517725278,0.0255628068981172),
 .UNSPECIFIED.);
#2307=B_SPLINE_CURVE_WITH_KNOTS('',3,(#9984,#9985,#9986,#9987,#9988),
 .UNSPECIFIED.,.F.,.F.,(4,1,4),(0.,0.018950078644428,0.0402782077584027),
 .UNSPECIFIED.);
#2308=B_SPLINE_CURVE_WITH_KNOTS('',3,(#9989,#9990,#9991,#9992,#9993),
 .UNSPECIFIED.,.F.,.F.,(4,1,4),(0.,0.018950078644428,0.0402782077584027),
 .UNSPECIFIED.);
#2309=B_SPLINE_CURVE_WITH_KNOTS('',3,(#10080,#10081,#10082,#10083,#10084),
 .UNSPECIFIED.,.F.,.F.,(4,1,4),(0.,0.0134512236902515,0.0262029560367371),
 .UNSPECIFIED.);
#2310=B_SPLINE_CURVE_WITH_KNOTS('',3,(#10088,#10089,#10090,#10091,#10092),
 .UNSPECIFIED.,.F.,.F.,(4,1,4),(0.,0.0134512236902515,0.0262029560367371),
 .UNSPECIFIED.);
#2311=B_SPLINE_CURVE_WITH_KNOTS('',3,(#10105,#10106,#10107,#10108,#10109),
 .UNSPECIFIED.,.F.,.F.,(4,1,4),(0.,0.016270061651481,0.0329052947100097),
 .UNSPECIFIED.);
#2312=B_SPLINE_CURVE_WITH_KNOTS('',3,(#10112,#10113,#10114,#10115,#10116),
 .UNSPECIFIED.,.F.,.F.,(4,1,4),(0.,0.016270061651481,0.0329052947100097),
 .UNSPECIFIED.);
#2313=B_SPLINE_CURVE_WITH_KNOTS('',3,(#10128,#10129,#10130,#10131,#10132),
 .UNSPECIFIED.,.F.,.F.,(4,1,4),(0.,0.0253593239304579,0.0445179292286312),
 .UNSPECIFIED.);
#2314=B_SPLINE_CURVE_WITH_KNOTS('',3,(#10135,#10136,#10137,#10138,#10139),
 .UNSPECIFIED.,.F.,.F.,(4,1,4),(0.,0.0253593239304579,0.0445179292286312),
 .UNSPECIFIED.);
#2315=B_SPLINE_CURVE_WITH_KNOTS('',3,(#10151,#10152,#10153,#10154,#10155),
 .UNSPECIFIED.,.F.,.F.,(4,1,4),(0.,0.0192493581018457,0.0443321828497074),
 .UNSPECIFIED.);
#2316=B_SPLINE_CURVE_WITH_KNOTS('',3,(#10158,#10159,#10160,#10161,#10162),
 .UNSPECIFIED.,.F.,.F.,(4,1,4),(0.,0.0192493581018457,0.0443321828497074),
 .UNSPECIFIED.);
#2317=B_SPLINE_CURVE_WITH_KNOTS('',3,(#10174,#10175,#10176,#10177,#10178),
 .UNSPECIFIED.,.F.,.F.,(4,1,4),(0.,0.0171401434160862,0.0337943046625559),
 .UNSPECIFIED.);
#2318=B_SPLINE_CURVE_WITH_KNOTS('',3,(#10181,#10182,#10183,#10184,#10185),
 .UNSPECIFIED.,.F.,.F.,(4,1,4),(0.,0.0171401434160862,0.0337943046625559),
 .UNSPECIFIED.);
#2319=B_SPLINE_CURVE_WITH_KNOTS('',3,(#10197,#10198,#10199,#10200,#10201),
 .UNSPECIFIED.,.F.,.F.,(4,1,4),(0.,0.011047693690649,0.022570310832807),
 .UNSPECIFIED.);
#2320=B_SPLINE_CURVE_WITH_KNOTS('',3,(#10204,#10205,#10206,#10207,#10208),
 .UNSPECIFIED.,.F.,.F.,(4,1,4),(0.,0.011047693690649,0.022570310832807),
 .UNSPECIFIED.);
#2321=B_SPLINE_CURVE_WITH_KNOTS('',3,(#10220,#10221,#10222,#10223,#10224),
 .UNSPECIFIED.,.F.,.F.,(4,1,4),(0.,0.0136343624075555,0.0253900361628607),
 .UNSPECIFIED.);
#2322=B_SPLINE_CURVE_WITH_KNOTS('',3,(#10227,#10228,#10229,#10230,#10231),
 .UNSPECIFIED.,.F.,.F.,(4,1,4),(0.,0.0136343624075555,0.0253900361628607),
 .UNSPECIFIED.);
#2323=B_SPLINE_CURVE_WITH_KNOTS('',3,(#10249,#10250,#10251,#10252,#10253),
 .UNSPECIFIED.,.F.,.F.,(4,1,4),(0.,0.0189796364096212,0.0396324640436051),
 .UNSPECIFIED.);
#2324=B_SPLINE_CURVE_WITH_KNOTS('',3,(#10256,#10257,#10258,#10259,#10260),
 .UNSPECIFIED.,.F.,.F.,(4,1,4),(0.,0.0189796364096212,0.0396324640436051),
 .UNSPECIFIED.);
#2325=B_SPLINE_CURVE_WITH_KNOTS('',3,(#10272,#10273,#10274,#10275,#10276),
 .UNSPECIFIED.,.F.,.F.,(4,1,4),(0.,0.0216594832846478,0.0410106359401228),
 .UNSPECIFIED.);
#2326=B_SPLINE_CURVE_WITH_KNOTS('',3,(#10279,#10280,#10281,#10282,#10283),
 .UNSPECIFIED.,.F.,.F.,(4,1,4),(0.,0.0216594832846478,0.0410106359401228),
 .UNSPECIFIED.);
#2327=B_SPLINE_CURVE_WITH_KNOTS('',3,(#10295,#10296,#10297,#10298,#10299),
 .UNSPECIFIED.,.F.,.F.,(4,1,4),(0.,0.0178570362385898,0.0359822163579438),
 .UNSPECIFIED.);
#2328=B_SPLINE_CURVE_WITH_KNOTS('',3,(#10302,#10303,#10304,#10305,#10306),
 .UNSPECIFIED.,.F.,.F.,(4,1,4),(0.,0.0178570362385898,0.0359822163579438),
 .UNSPECIFIED.);
#2329=B_SPLINE_CURVE_WITH_KNOTS('',3,(#10318,#10319,#10320,#10321,#10322),
 .UNSPECIFIED.,.F.,.F.,(4,1,4),(0.,0.0182559479151479,0.0359534942321607),
 .UNSPECIFIED.);
#2330=B_SPLINE_CURVE_WITH_KNOTS('',3,(#10325,#10326,#10327,#10328,#10329),
 .UNSPECIFIED.,.F.,.F.,(4,1,4),(0.,0.0182559479151479,0.0359534942321607),
 .UNSPECIFIED.);
#2331=B_SPLINE_CURVE_WITH_KNOTS('',3,(#10341,#10342,#10343,#10344,#10345),
 .UNSPECIFIED.,.F.,.F.,(4,1,4),(0.,0.02208437731597,0.0420219456028088),
 .UNSPECIFIED.);
#2332=B_SPLINE_CURVE_WITH_KNOTS('',3,(#10348,#10349,#10350,#10351,#10352),
 .UNSPECIFIED.,.F.,.F.,(4,1,4),(0.,0.02208437731597,0.0420219456028088),
 .UNSPECIFIED.);
#2333=B_SPLINE_CURVE_WITH_KNOTS('',3,(#10364,#10365,#10366,#10367,#10368),
 .UNSPECIFIED.,.F.,.F.,(4,1,4),(0.,0.0272627228972251,0.059656564739229),
 .UNSPECIFIED.);
#2334=B_SPLINE_CURVE_WITH_KNOTS('',3,(#10371,#10372,#10373,#10374,#10375),
 .UNSPECIFIED.,.F.,.F.,(4,1,4),(0.,0.0272627228972251,0.059656564739229),
 .UNSPECIFIED.);
#2335=B_SPLINE_CURVE_WITH_KNOTS('',3,(#10387,#10388,#10389,#10390,#10391),
 .UNSPECIFIED.,.F.,.F.,(4,1,4),(0.,0.0272614452314505,0.0528206116214974),
 .UNSPECIFIED.);
#2336=B_SPLINE_CURVE_WITH_KNOTS('',3,(#10394,#10395,#10396,#10397,#10398),
 .UNSPECIFIED.,.F.,.F.,(4,1,4),(0.,0.0272614452314505,0.0528206116214974),
 .UNSPECIFIED.);
#2337=B_SPLINE_CURVE_WITH_KNOTS('',3,(#10410,#10411,#10412,#10413,#10414),
 .UNSPECIFIED.,.F.,.F.,(4,1,4),(0.,0.0210236569103605,0.0431859113362898),
 .UNSPECIFIED.);
#2338=B_SPLINE_CURVE_WITH_KNOTS('',3,(#10417,#10418,#10419,#10420,#10421),
 .UNSPECIFIED.,.F.,.F.,(4,1,4),(0.,0.0210236569103605,0.0431859113362898),
 .UNSPECIFIED.);
#2339=B_SPLINE_CURVE_WITH_KNOTS('',3,(#10433,#10434,#10435,#10436,#10437),
 .UNSPECIFIED.,.F.,.F.,(4,1,4),(0.,0.0233423195356211,0.0447425397102322),
 .UNSPECIFIED.);
#2340=B_SPLINE_CURVE_WITH_KNOTS('',3,(#10440,#10441,#10442,#10443,#10444),
 .UNSPECIFIED.,.F.,.F.,(4,1,4),(0.,0.0233423195356211,0.0447425397102322),
 .UNSPECIFIED.);
#2341=B_SPLINE_CURVE_WITH_KNOTS('',3,(#10461,#10462,#10463,#10464,#10465),
 .UNSPECIFIED.,.F.,.F.,(4,1,4),(0.,0.0137581766636885,0.0303720419380491),
 .UNSPECIFIED.);
#2342=B_SPLINE_CURVE_WITH_KNOTS('',3,(#10466,#10467,#10468,#10469,#10470),
 .UNSPECIFIED.,.F.,.F.,(4,1,4),(0.,0.0137581766636885,0.0303720419380491),
 .UNSPECIFIED.);
#2343=B_SPLINE_CURVE_WITH_KNOTS('',3,(#10484,#10485,#10486,#10487,#10488),
 .UNSPECIFIED.,.F.,.F.,(4,1,4),(0.,0.0152329899398597,0.0322447533197694),
 .UNSPECIFIED.);
#2344=B_SPLINE_CURVE_WITH_KNOTS('',3,(#10492,#10493,#10494,#10495,#10496),
 .UNSPECIFIED.,.F.,.F.,(4,1,4),(0.,0.0152329899398597,0.0322447533197694),
 .UNSPECIFIED.);
#2345=B_SPLINE_CURVE_WITH_KNOTS('',3,(#10509,#10510,#10511,#10512,#10513),
 .UNSPECIFIED.,.F.,.F.,(4,1,4),(0.,0.0162186526992969,0.0313334090619655),
 .UNSPECIFIED.);
#2346=B_SPLINE_CURVE_WITH_KNOTS('',3,(#10516,#10517,#10518,#10519,#10520),
 .UNSPECIFIED.,.F.,.F.,(4,1,4),(0.,0.0162186526992969,0.0313334090619655),
 .UNSPECIFIED.);
#2347=B_SPLINE_CURVE_WITH_KNOTS('',3,(#10532,#10533,#10534,#10535,#10536),
 .UNSPECIFIED.,.F.,.F.,(4,1,4),(0.,0.0243824267970275,0.0436393305141698),
 .UNSPECIFIED.);
#2348=B_SPLINE_CURVE_WITH_KNOTS('',3,(#10539,#10540,#10541,#10542,#10543),
 .UNSPECIFIED.,.F.,.F.,(4,1,4),(0.,0.0243824267970275,0.0436393305141698),
 .UNSPECIFIED.);
#2349=B_SPLINE_CURVE_WITH_KNOTS('',3,(#10555,#10556,#10557,#10558,#10559),
 .UNSPECIFIED.,.F.,.F.,(4,1,4),(0.,0.0196991756840523,0.0451227675507863),
 .UNSPECIFIED.);
#2350=B_SPLINE_CURVE_WITH_KNOTS('',3,(#10562,#10563,#10564,#10565,#10566),
 .UNSPECIFIED.,.F.,.F.,(4,1,4),(0.,0.0196991756840523,0.0451227675507863),
 .UNSPECIFIED.);
#2351=B_SPLINE_CURVE_WITH_KNOTS('',3,(#10578,#10579,#10580,#10581,#10582),
 .UNSPECIFIED.,.F.,.F.,(4,1,4),(0.,0.0155839024645189,0.0320989664503691),
 .UNSPECIFIED.);
#2352=B_SPLINE_CURVE_WITH_KNOTS('',3,(#10585,#10586,#10587,#10588,#10589),
 .UNSPECIFIED.,.F.,.F.,(4,1,4),(0.,0.0155839024645189,0.0320989664503691),
 .UNSPECIFIED.);
#2353=B_SPLINE_CURVE_WITH_KNOTS('',3,(#10601,#10602,#10603,#10604,#10605),
 .UNSPECIFIED.,.F.,.F.,(4,1,4),(0.,0.0160382103132151,0.0313127744344252),
 .UNSPECIFIED.);
#2354=B_SPLINE_CURVE_WITH_KNOTS('',3,(#10608,#10609,#10610,#10611,#10612),
 .UNSPECIFIED.,.F.,.F.,(4,1,4),(0.,0.0160382103132151,0.0313127744344252),
 .UNSPECIFIED.);
#2355=B_SPLINE_CURVE_WITH_KNOTS('',3,(#10624,#10625,#10626,#10627,#10628),
 .UNSPECIFIED.,.F.,.F.,(4,1,4),(0.,0.0244820925243524,0.0435023861835854),
 .UNSPECIFIED.);
#2356=B_SPLINE_CURVE_WITH_KNOTS('',3,(#10631,#10632,#10633,#10634,#10635),
 .UNSPECIFIED.,.F.,.F.,(4,1,4),(0.,0.0244820925243524,0.0435023861835854),
 .UNSPECIFIED.);
#2357=B_SPLINE_CURVE_WITH_KNOTS('',3,(#10646,#10647,#10648,#10649,#10650),
 .UNSPECIFIED.,.F.,.F.,(4,1,4),(0.,0.0201414566570937,0.0449675150659998),
 .UNSPECIFIED.);
#2358=B_SPLINE_CURVE_WITH_KNOTS('',3,(#10651,#10652,#10653,#10654,#10655),
 .UNSPECIFIED.,.F.,.F.,(4,1,4),(0.,0.0201414566570937,0.0449675150659998),
 .UNSPECIFIED.);
#2359=B_SPLINE_CURVE_WITH_KNOTS('',3,(#10676,#10677,#10678,#10679,#10680),
 .UNSPECIFIED.,.F.,.F.,(4,1,4),(0.,0.0106466358434291,0.0208120655162464),
 .UNSPECIFIED.);
#2360=B_SPLINE_CURVE_WITH_KNOTS('',3,(#10683,#10684,#10685,#10686,#10687),
 .UNSPECIFIED.,.F.,.F.,(4,1,4),(0.,0.0106466358434291,0.0208120655162464),
 .UNSPECIFIED.);
#2361=B_SPLINE_CURVE_WITH_KNOTS('',3,(#10699,#10700,#10701,#10702,#10703),
 .UNSPECIFIED.,.F.,.F.,(4,1,4),(0.,0.0117192295928147,0.0228085923741361),
 .UNSPECIFIED.);
#2362=B_SPLINE_CURVE_WITH_KNOTS('',3,(#10706,#10707,#10708,#10709,#10710),
 .UNSPECIFIED.,.F.,.F.,(4,1,4),(0.,0.0117192295928147,0.0228085923741361),
 .UNSPECIFIED.);
#2363=B_SPLINE_CURVE_WITH_KNOTS('',3,(#10722,#10723,#10724,#10725,#10726),
 .UNSPECIFIED.,.F.,.F.,(4,1,4),(0.,0.017147684669831,0.03370640170894),
 .UNSPECIFIED.);
#2364=B_SPLINE_CURVE_WITH_KNOTS('',3,(#10729,#10730,#10731,#10732,#10733),
 .UNSPECIFIED.,.F.,.F.,(4,1,4),(0.,0.017147684669831,0.03370640170894),
 .UNSPECIFIED.);
#2365=B_SPLINE_CURVE_WITH_KNOTS('',3,(#10745,#10746,#10747,#10748,#10749),
 .UNSPECIFIED.,.F.,.F.,(4,1,4),(0.,0.0185210623056973,0.0362226347007381),
 .UNSPECIFIED.);
#2366=B_SPLINE_CURVE_WITH_KNOTS('',3,(#10752,#10753,#10754,#10755,#10756),
 .UNSPECIFIED.,.F.,.F.,(4,1,4),(0.,0.0185210623056973,0.0362226347007381),
 .UNSPECIFIED.);
#2367=B_SPLINE_CURVE_WITH_KNOTS('',3,(#10768,#10769,#10770,#10771,#10772),
 .UNSPECIFIED.,.F.,.F.,(4,1,4),(0.,0.021222902518495,0.0410595357655393),
 .UNSPECIFIED.);
#2368=B_SPLINE_CURVE_WITH_KNOTS('',3,(#10775,#10776,#10777,#10778,#10779),
 .UNSPECIFIED.,.F.,.F.,(4,1,4),(0.,0.021222902518495,0.0410595357655393),
 .UNSPECIFIED.);
#2369=B_SPLINE_CURVE_WITH_KNOTS('',3,(#10791,#10792,#10793,#10794,#10795),
 .UNSPECIFIED.,.F.,.F.,(4,1,4),(0.,0.0190193747832281,0.039002391713381),
 .UNSPECIFIED.);
#2370=B_SPLINE_CURVE_WITH_KNOTS('',3,(#10798,#10799,#10800,#10801,#10802),
 .UNSPECIFIED.,.F.,.F.,(4,1,4),(0.,0.0190193747832281,0.039002391713381),
 .UNSPECIFIED.);
#2371=B_SPLINE_CURVE_WITH_KNOTS('',3,(#10814,#10815,#10816,#10817,#10818),
 .UNSPECIFIED.,.F.,.F.,(4,1,4),(0.,0.0169550385376443,0.0348056352091445),
 .UNSPECIFIED.);
#2372=B_SPLINE_CURVE_WITH_KNOTS('',3,(#10821,#10822,#10823,#10824,#10825),
 .UNSPECIFIED.,.F.,.F.,(4,1,4),(0.,0.0169550385376443,0.0348056352091445),
 .UNSPECIFIED.);
#2373=B_SPLINE_CURVE_WITH_KNOTS('',3,(#10837,#10838,#10839,#10840,#10841),
 .UNSPECIFIED.,.F.,.F.,(4,1,4),(0.,0.0176249408479037,0.0344999799869935),
 .UNSPECIFIED.);
#2374=B_SPLINE_CURVE_WITH_KNOTS('',3,(#10844,#10845,#10846,#10847,#10848),
 .UNSPECIFIED.,.F.,.F.,(4,1,4),(0.,0.0176249408479037,0.0344999799869935),
 .UNSPECIFIED.);
#2375=B_SPLINE_CURVE_WITH_KNOTS('',3,(#10860,#10861,#10862,#10863,#10864),
 .UNSPECIFIED.,.F.,.F.,(4,1,4),(0.,0.0117700991992114,0.0249734560206255),
 .UNSPECIFIED.);
#2376=B_SPLINE_CURVE_WITH_KNOTS('',3,(#10867,#10868,#10869,#10870,#10871),
 .UNSPECIFIED.,.F.,.F.,(4,1,4),(0.,0.0117700991992114,0.0249734560206255),
 .UNSPECIFIED.);
#2377=B_SPLINE_CURVE_WITH_KNOTS('',3,(#10883,#10884,#10885,#10886,#10887),
 .UNSPECIFIED.,.F.,.F.,(4,1,4),(0.,0.0128242494036034,0.0245270139230258),
 .UNSPECIFIED.);
#2378=B_SPLINE_CURVE_WITH_KNOTS('',3,(#10890,#10891,#10892,#10893,#10894),
 .UNSPECIFIED.,.F.,.F.,(4,1,4),(0.,0.0128242494036034,0.0245270139230258),
 .UNSPECIFIED.);
#2379=B_SPLINE_CURVE_WITH_KNOTS('',3,(#10929,#10930,#10931,#10932,#10933),
 .UNSPECIFIED.,.F.,.F.,(4,1,4),(0.,0.0107190242883606,0.0250097704133738),
 .UNSPECIFIED.);
#2380=B_SPLINE_CURVE_WITH_KNOTS('',3,(#10937,#10938,#10939,#10940,#10941),
 .UNSPECIFIED.,.F.,.F.,(4,1,4),(0.,0.0107190242883606,0.0250097704133738),
 .UNSPECIFIED.);
#2381=B_SPLINE_CURVE_WITH_KNOTS('',3,(#10954,#10955,#10956,#10957,#10958),
 .UNSPECIFIED.,.F.,.F.,(4,1,4),(0.,0.0120777234740148,0.0237852991096656),
 .UNSPECIFIED.);
#2382=B_SPLINE_CURVE_WITH_KNOTS('',3,(#10961,#10962,#10963,#10964,#10965),
 .UNSPECIFIED.,.F.,.F.,(4,1,4),(0.,0.0120777234740148,0.0237852991096656),
 .UNSPECIFIED.);
#2383=B_SPLINE_CURVE_WITH_KNOTS('',3,(#10977,#10978,#10979,#10980,#10981),
 .UNSPECIFIED.,.F.,.F.,(4,1,4),(0.,0.0134934272181639,0.0262110457637179),
 .UNSPECIFIED.);
#2384=B_SPLINE_CURVE_WITH_KNOTS('',3,(#10984,#10985,#10986,#10987,#10988),
 .UNSPECIFIED.,.F.,.F.,(4,1,4),(0.,0.0134934272181639,0.0262110457637179),
 .UNSPECIFIED.);
#2385=B_SPLINE_CURVE_WITH_KNOTS('',3,(#11000,#11001,#11002,#11003,#11004),
 .UNSPECIFIED.,.F.,.F.,(4,1,4),(0.,0.0103914245803382,0.0230996425074106),
 .UNSPECIFIED.);
#2386=B_SPLINE_CURVE_WITH_KNOTS('',3,(#11007,#11008,#11009,#11010,#11011),
 .UNSPECIFIED.,.F.,.F.,(4,1,4),(0.,0.0103914245803382,0.0230996425074106),
 .UNSPECIFIED.);
#2387=B_SPLINE_CURVE_WITH_KNOTS('',3,(#11023,#11024,#11025,#11026,#11027),
 .UNSPECIFIED.,.F.,.F.,(4,1,4),(0.,0.00919395562068536,0.0184334575296135),
 .UNSPECIFIED.);
#2388=B_SPLINE_CURVE_WITH_KNOTS('',3,(#11030,#11031,#11032,#11033,#11034),
 .UNSPECIFIED.,.F.,.F.,(4,1,4),(0.,0.00919395562068536,0.0184334575296135),
 .UNSPECIFIED.);
#2389=B_SPLINE_CURVE_WITH_KNOTS('',3,(#11046,#11047,#11048,#11049,#11050),
 .UNSPECIFIED.,.F.,.F.,(4,1,4),(0.,0.00610411144213196,0.012285305469584),
 .UNSPECIFIED.);
#2390=B_SPLINE_CURVE_WITH_KNOTS('',3,(#11053,#11054,#11055,#11056,#11057),
 .UNSPECIFIED.,.F.,.F.,(4,1,4),(0.,0.00610411144213196,0.012285305469584),
 .UNSPECIFIED.);
#2391=B_SPLINE_CURVE_WITH_KNOTS('',3,(#11069,#11070,#11071,#11072,#11073),
 .UNSPECIFIED.,.F.,.F.,(4,1,4),(0.,0.00649556111843269,0.012691434365285),
 .UNSPECIFIED.);
#2392=B_SPLINE_CURVE_WITH_KNOTS('',3,(#11076,#11077,#11078,#11079,#11080),
 .UNSPECIFIED.,.F.,.F.,(4,1,4),(0.,0.00649556111843269,0.012691434365285),
 .UNSPECIFIED.);
#2393=B_SPLINE_CURVE_WITH_KNOTS('',3,(#11092,#11093,#11094,#11095,#11096),
 .UNSPECIFIED.,.F.,.F.,(4,1,4),(0.,0.0131327492861536,0.0220119923299315),
 .UNSPECIFIED.);
#2394=B_SPLINE_CURVE_WITH_KNOTS('',3,(#11099,#11100,#11101,#11102,#11103),
 .UNSPECIFIED.,.F.,.F.,(4,1,4),(0.,0.0131327492861536,0.0220119923299315),
 .UNSPECIFIED.);
#2395=B_SPLINE_CURVE_WITH_KNOTS('',3,(#11115,#11116,#11117,#11118,#11119),
 .UNSPECIFIED.,.F.,.F.,(4,1,4),(0.,0.01745774704378,0.0412339933022906),
 .UNSPECIFIED.);
#2396=B_SPLINE_CURVE_WITH_KNOTS('',3,(#11122,#11123,#11124,#11125,#11126),
 .UNSPECIFIED.,.F.,.F.,(4,1,4),(0.,0.01745774704378,0.0412339933022906),
 .UNSPECIFIED.);
#2397=B_SPLINE_CURVE_WITH_KNOTS('',3,(#11150,#11151,#11152,#11153,#11154),
 .UNSPECIFIED.,.F.,.F.,(4,1,4),(0.,0.00918675779071031,0.0185354297579028),
 .UNSPECIFIED.);
#2398=B_SPLINE_CURVE_WITH_KNOTS('',3,(#11157,#11158,#11159,#11160,#11161),
 .UNSPECIFIED.,.F.,.F.,(4,1,4),(0.,0.00918675779071031,0.0185354297579028),
 .UNSPECIFIED.);
#2399=B_SPLINE_CURVE_WITH_KNOTS('',3,(#11173,#11174,#11175,#11176,#11177),
 .UNSPECIFIED.,.F.,.F.,(4,1,4),(0.,0.0279529506705515,0.0433628796211834),
 .UNSPECIFIED.);
#2400=B_SPLINE_CURVE_WITH_KNOTS('',3,(#11180,#11181,#11182,#11183,#11184),
 .UNSPECIFIED.,.F.,.F.,(4,1,4),(0.,0.0279529506705515,0.0433628796211834),
 .UNSPECIFIED.);
#2401=B_SPLINE_CURVE_WITH_KNOTS('',3,(#11202,#11203,#11204,#11205,#11206),
 .UNSPECIFIED.,.F.,.F.,(4,1,4),(0.,0.00884751940996848,0.0226981234333029),
 .UNSPECIFIED.);
#2402=B_SPLINE_CURVE_WITH_KNOTS('',3,(#11209,#11210,#11211,#11212,#11213),
 .UNSPECIFIED.,.F.,.F.,(4,1,4),(0.,0.00884751940996848,0.0226981234333029),
 .UNSPECIFIED.);
#2403=B_SPLINE_CURVE_WITH_KNOTS('',3,(#11225,#11226,#11227,#11228,#11229),
 .UNSPECIFIED.,.F.,.F.,(4,1,4),(0.,0.00880685104338027,0.0185085579989032),
 .UNSPECIFIED.);
#2404=B_SPLINE_CURVE_WITH_KNOTS('',3,(#11232,#11233,#11234,#11235,#11236),
 .UNSPECIFIED.,.F.,.F.,(4,1,4),(0.,0.00880685104338027,0.0185085579989032),
 .UNSPECIFIED.);
#2405=B_SPLINE_CURVE_WITH_KNOTS('',3,(#11248,#11249,#11250,#11251,#11252),
 .UNSPECIFIED.,.F.,.F.,(4,1,4),(0.,0.0112035871375347,0.0204521336741911),
 .UNSPECIFIED.);
#2406=B_SPLINE_CURVE_WITH_KNOTS('',3,(#11255,#11256,#11257,#11258,#11259),
 .UNSPECIFIED.,.F.,.F.,(4,1,4),(0.,0.0112035871375347,0.0204521336741911),
 .UNSPECIFIED.);
#2407=B_SPLINE_CURVE_WITH_KNOTS('',3,(#11271,#11272,#11273,#11274,#11275),
 .UNSPECIFIED.,.F.,.F.,(4,1,4),(0.,0.0168497349775389,0.0305815054821776),
 .UNSPECIFIED.);
#2408=B_SPLINE_CURVE_WITH_KNOTS('',3,(#11278,#11279,#11280,#11281,#11282),
 .UNSPECIFIED.,.F.,.F.,(4,1,4),(0.,0.0168497349775389,0.0305815054821776),
 .UNSPECIFIED.);
#2409=B_SPLINE_CURVE_WITH_KNOTS('',3,(#11294,#11295,#11296,#11297,#11298),
 .UNSPECIFIED.,.F.,.F.,(4,1,4),(0.,0.0157872352364315,0.0333985129346307),
 .UNSPECIFIED.);
#2410=B_SPLINE_CURVE_WITH_KNOTS('',3,(#11301,#11302,#11303,#11304,#11305),
 .UNSPECIFIED.,.F.,.F.,(4,1,4),(0.,0.0157872352364315,0.0333985129346307),
 .UNSPECIFIED.);
#2411=B_SPLINE_CURVE_WITH_KNOTS('',3,(#11317,#11318,#11319,#11320,#11321),
 .UNSPECIFIED.,.F.,.F.,(4,1,4),(0.,0.0124326269100088,0.0264042414898174),
 .UNSPECIFIED.);
#2412=B_SPLINE_CURVE_WITH_KNOTS('',3,(#11324,#11325,#11326,#11327,#11328),
 .UNSPECIFIED.,.F.,.F.,(4,1,4),(0.,0.0124326269100088,0.0264042414898174),
 .UNSPECIFIED.);
#2413=B_SPLINE_CURVE_WITH_KNOTS('',3,(#11340,#11341,#11342,#11343,#11344),
 .UNSPECIFIED.,.F.,.F.,(4,1,4),(0.,0.0145902804642108,0.0273098270965231),
 .UNSPECIFIED.);
#2414=B_SPLINE_CURVE_WITH_KNOTS('',3,(#11347,#11348,#11349,#11350,#11351),
 .UNSPECIFIED.,.F.,.F.,(4,1,4),(0.,0.0145902804642108,0.0273098270965231),
 .UNSPECIFIED.);
#2415=B_SPLINE_CURVE_WITH_KNOTS('',3,(#11369,#11370,#11371,#11372,#11373),
 .UNSPECIFIED.,.F.,.F.,(4,1,4),(0.,0.0110556231837516,0.0250694953793148),
 .UNSPECIFIED.);
#2416=B_SPLINE_CURVE_WITH_KNOTS('',3,(#11376,#11377,#11378,#11379,#11380),
 .UNSPECIFIED.,.F.,.F.,(4,1,4),(0.,0.0110556231837516,0.0250694953793148),
 .UNSPECIFIED.);
#2417=B_SPLINE_CURVE_WITH_KNOTS('',3,(#11392,#11393,#11394,#11395,#11396),
 .UNSPECIFIED.,.F.,.F.,(4,1,4),(0.,0.0151342175418529,0.0265990229022209),
 .UNSPECIFIED.);
#2418=B_SPLINE_CURVE_WITH_KNOTS('',3,(#11399,#11400,#11401,#11402,#11403),
 .UNSPECIFIED.,.F.,.F.,(4,1,4),(0.,0.0151342175418529,0.0265990229022209),
 .UNSPECIFIED.);
#2419=B_SPLINE_CURVE_WITH_KNOTS('',3,(#11415,#11416,#11417,#11418,#11419),
 .UNSPECIFIED.,.F.,.F.,(4,1,4),(0.,0.0132593549121324,0.0296605762663181),
 .UNSPECIFIED.);
#2420=B_SPLINE_CURVE_WITH_KNOTS('',3,(#11422,#11423,#11424,#11425,#11426),
 .UNSPECIFIED.,.F.,.F.,(4,1,4),(0.,0.0132593549121324,0.0296605762663181),
 .UNSPECIFIED.);
#2421=B_SPLINE_CURVE_WITH_KNOTS('',3,(#11438,#11439,#11440,#11441,#11442),
 .UNSPECIFIED.,.F.,.F.,(4,1,4),(0.,0.0129076382061692,0.0227593068022873),
 .UNSPECIFIED.);
#2422=B_SPLINE_CURVE_WITH_KNOTS('',3,(#11445,#11446,#11447,#11448,#11449),
 .UNSPECIFIED.,.F.,.F.,(4,1,4),(0.,0.0129076382061692,0.0227593068022873),
 .UNSPECIFIED.);
#2423=B_SPLINE_CURVE_WITH_KNOTS('',3,(#11461,#11462,#11463,#11464,#11465),
 .UNSPECIFIED.,.F.,.F.,(4,1,4),(0.,0.00412814388442292,0.00641352286202872),
 .UNSPECIFIED.);
#2424=B_SPLINE_CURVE_WITH_KNOTS('',3,(#11468,#11469,#11470,#11471,#11472),
 .UNSPECIFIED.,.F.,.F.,(4,1,4),(0.,0.00412814388442292,0.00641352286202872),
 .UNSPECIFIED.);
#2425=B_SPLINE_CURVE_WITH_KNOTS('',3,(#11484,#11485,#11486,#11487,#11488),
 .UNSPECIFIED.,.F.,.F.,(4,1,4),(0.,0.026109710022225,0.0446556739871849),
 .UNSPECIFIED.);
#2426=B_SPLINE_CURVE_WITH_KNOTS('',3,(#11491,#11492,#11493,#11494,#11495),
 .UNSPECIFIED.,.F.,.F.,(4,1,4),(0.,0.026109710022225,0.0446556739871849),
 .UNSPECIFIED.);
#2427=B_SPLINE_CURVE_WITH_KNOTS('',3,(#11507,#11508,#11509,#11510,#11511),
 .UNSPECIFIED.,.F.,.F.,(4,1,4),(0.,0.00926420530142875,0.0221474007735308),
 .UNSPECIFIED.);
#2428=B_SPLINE_CURVE_WITH_KNOTS('',3,(#11514,#11515,#11516,#11517,#11518),
 .UNSPECIFIED.,.F.,.F.,(4,1,4),(0.,0.00926420530142875,0.0221474007735308),
 .UNSPECIFIED.);
#2429=B_SPLINE_CURVE_WITH_KNOTS('',3,(#11530,#11531,#11532,#11533,#11534),
 .UNSPECIFIED.,.F.,.F.,(4,1,4),(0.,0.00955891105604393,0.0194793444011533),
 .UNSPECIFIED.);
#2430=B_SPLINE_CURVE_WITH_KNOTS('',3,(#11537,#11538,#11539,#11540,#11541),
 .UNSPECIFIED.,.F.,.F.,(4,1,4),(0.,0.00955891105604393,0.0194793444011533),
 .UNSPECIFIED.);
#2431=B_SPLINE_CURVE_WITH_KNOTS('',3,(#11553,#11554,#11555,#11556,#11557),
 .UNSPECIFIED.,.F.,.F.,(4,1,4),(0.,0.00970396383669469,0.0191192115322202),
 .UNSPECIFIED.);
#2432=B_SPLINE_CURVE_WITH_KNOTS('',3,(#11560,#11561,#11562,#11563,#11564),
 .UNSPECIFIED.,.F.,.F.,(4,1,4),(0.,0.00970396383669469,0.0191192115322202),
 .UNSPECIFIED.);
#2433=B_SPLINE_CURVE_WITH_KNOTS('',3,(#11576,#11577,#11578,#11579,#11580),
 .UNSPECIFIED.,.F.,.F.,(4,1,4),(0.,0.0102525050464157,0.020199328684888),
 .UNSPECIFIED.);
#2434=B_SPLINE_CURVE_WITH_KNOTS('',3,(#11583,#11584,#11585,#11586,#11587),
 .UNSPECIFIED.,.F.,.F.,(4,1,4),(0.,0.0102525050464157,0.020199328684888),
 .UNSPECIFIED.);
#2435=B_SPLINE_CURVE_WITH_KNOTS('',3,(#11599,#11600,#11601,#11602,#11603),
 .UNSPECIFIED.,.F.,.F.,(4,1,4),(0.,0.0164007085924879,0.0332334114066021),
 .UNSPECIFIED.);
#2436=B_SPLINE_CURVE_WITH_KNOTS('',3,(#11606,#11607,#11608,#11609,#11610),
 .UNSPECIFIED.,.F.,.F.,(4,1,4),(0.,0.0164007085924879,0.0332334114066021),
 .UNSPECIFIED.);
#2437=B_SPLINE_CURVE_WITH_KNOTS('',3,(#11622,#11623,#11624,#11625,#11626),
 .UNSPECIFIED.,.F.,.F.,(4,1,4),(0.,0.0213124071655415,0.0391861646659885),
 .UNSPECIFIED.);
#2438=B_SPLINE_CURVE_WITH_KNOTS('',3,(#11629,#11630,#11631,#11632,#11633),
 .UNSPECIFIED.,.F.,.F.,(4,1,4),(0.,0.0213124071655415,0.0391861646659885),
 .UNSPECIFIED.);
#2439=B_SPLINE_CURVE_WITH_KNOTS('',3,(#11645,#11646,#11647,#11648,#11649),
 .UNSPECIFIED.,.F.,.F.,(4,1,4),(0.,0.013561270452505,0.0276127228595547),
 .UNSPECIFIED.);
#2440=B_SPLINE_CURVE_WITH_KNOTS('',3,(#11652,#11653,#11654,#11655,#11656),
 .UNSPECIFIED.,.F.,.F.,(4,1,4),(0.,0.013561270452505,0.0276127228595547),
 .UNSPECIFIED.);
#2441=B_SPLINE_CURVE_WITH_KNOTS('',3,(#11668,#11669,#11670,#11671,#11672),
 .UNSPECIFIED.,.F.,.F.,(4,1,4),(0.,0.0166444175253973,0.0310583309395812),
 .UNSPECIFIED.);
#2442=B_SPLINE_CURVE_WITH_KNOTS('',3,(#11675,#11676,#11677,#11678,#11679),
 .UNSPECIFIED.,.F.,.F.,(4,1,4),(0.,0.0166444175253973,0.0310583309395812),
 .UNSPECIFIED.);
#2443=B_SPLINE_CURVE_WITH_KNOTS('',3,(#11690,#11691,#11692,#11693,#11694),
 .UNSPECIFIED.,.F.,.F.,(4,1,4),(0.,0.00886196176758083,0.0186085892062097),
 .UNSPECIFIED.);
#2444=B_SPLINE_CURVE_WITH_KNOTS('',3,(#11695,#11696,#11697,#11698,#11699),
 .UNSPECIFIED.,.F.,.F.,(4,1,4),(0.,0.00886196176758083,0.0186085892062097),
 .UNSPECIFIED.);
#2445=B_SPLINE_CURVE_WITH_KNOTS('',3,(#11786,#11787,#11788,#11789,#11790),
 .UNSPECIFIED.,.F.,.F.,(4,1,4),(0.,0.010718991289478,0.0250097456656022),
 .UNSPECIFIED.);
#2446=B_SPLINE_CURVE_WITH_KNOTS('',3,(#11794,#11795,#11796,#11797,#11798),
 .UNSPECIFIED.,.F.,.F.,(4,1,4),(0.,0.010718991289478,0.0250097456656022),
 .UNSPECIFIED.);
#2447=B_SPLINE_CURVE_WITH_KNOTS('',3,(#11811,#11812,#11813,#11814,#11815),
 .UNSPECIFIED.,.F.,.F.,(4,1,4),(0.,0.0120778180683561,0.0237853259843519),
 .UNSPECIFIED.);
#2448=B_SPLINE_CURVE_WITH_KNOTS('',3,(#11818,#11819,#11820,#11821,#11822),
 .UNSPECIFIED.,.F.,.F.,(4,1,4),(0.,0.0120778180683561,0.0237853259843519),
 .UNSPECIFIED.);
#2449=B_SPLINE_CURVE_WITH_KNOTS('',3,(#11834,#11835,#11836,#11837,#11838),
 .UNSPECIFIED.,.F.,.F.,(4,1,4),(0.,0.0134934272181639,0.0262110457637179),
 .UNSPECIFIED.);
#2450=B_SPLINE_CURVE_WITH_KNOTS('',3,(#11841,#11842,#11843,#11844,#11845),
 .UNSPECIFIED.,.F.,.F.,(4,1,4),(0.,0.0134934272181639,0.0262110457637179),
 .UNSPECIFIED.);
#2451=B_SPLINE_CURVE_WITH_KNOTS('',3,(#11857,#11858,#11859,#11860,#11861),
 .UNSPECIFIED.,.F.,.F.,(4,1,4),(0.,0.0103914245803382,0.0230996425074106),
 .UNSPECIFIED.);
#2452=B_SPLINE_CURVE_WITH_KNOTS('',3,(#11864,#11865,#11866,#11867,#11868),
 .UNSPECIFIED.,.F.,.F.,(4,1,4),(0.,0.0103914245803382,0.0230996425074106),
 .UNSPECIFIED.);
#2453=B_SPLINE_CURVE_WITH_KNOTS('',3,(#11880,#11881,#11882,#11883,#11884),
 .UNSPECIFIED.,.F.,.F.,(4,1,4),(0.,0.00919395562068536,0.0184334575296135),
 .UNSPECIFIED.);
#2454=B_SPLINE_CURVE_WITH_KNOTS('',3,(#11887,#11888,#11889,#11890,#11891),
 .UNSPECIFIED.,.F.,.F.,(4,1,4),(0.,0.00919395562068536,0.0184334575296135),
 .UNSPECIFIED.);
#2455=B_SPLINE_CURVE_WITH_KNOTS('',3,(#11903,#11904,#11905,#11906,#11907),
 .UNSPECIFIED.,.F.,.F.,(4,1,4),(0.,0.00610411144213196,0.012285305469584),
 .UNSPECIFIED.);
#2456=B_SPLINE_CURVE_WITH_KNOTS('',3,(#11910,#11911,#11912,#11913,#11914),
 .UNSPECIFIED.,.F.,.F.,(4,1,4),(0.,0.00610411144213196,0.012285305469584),
 .UNSPECIFIED.);
#2457=B_SPLINE_CURVE_WITH_KNOTS('',3,(#11926,#11927,#11928,#11929,#11930),
 .UNSPECIFIED.,.F.,.F.,(4,1,4),(0.,0.00649556111843269,0.012691434365285),
 .UNSPECIFIED.);
#2458=B_SPLINE_CURVE_WITH_KNOTS('',3,(#11933,#11934,#11935,#11936,#11937),
 .UNSPECIFIED.,.F.,.F.,(4,1,4),(0.,0.00649556111843269,0.012691434365285),
 .UNSPECIFIED.);
#2459=B_SPLINE_CURVE_WITH_KNOTS('',3,(#11949,#11950,#11951,#11952,#11953),
 .UNSPECIFIED.,.F.,.F.,(4,1,4),(0.,0.0131327492861536,0.0220119923299315),
 .UNSPECIFIED.);
#2460=B_SPLINE_CURVE_WITH_KNOTS('',3,(#11956,#11957,#11958,#11959,#11960),
 .UNSPECIFIED.,.F.,.F.,(4,1,4),(0.,0.0131327492861536,0.0220119923299315),
 .UNSPECIFIED.);
#2461=B_SPLINE_CURVE_WITH_KNOTS('',3,(#11972,#11973,#11974,#11975,#11976),
 .UNSPECIFIED.,.F.,.F.,(4,1,4),(0.,0.0174578611612846,0.0412339901115376),
 .UNSPECIFIED.);
#2462=B_SPLINE_CURVE_WITH_KNOTS('',3,(#11979,#11980,#11981,#11982,#11983),
 .UNSPECIFIED.,.F.,.F.,(4,1,4),(0.,0.0174578611612846,0.0412339901115376),
 .UNSPECIFIED.);
#2463=B_SPLINE_CURVE_WITH_KNOTS('',3,(#12007,#12008,#12009,#12010,#12011),
 .UNSPECIFIED.,.F.,.F.,(4,1,4),(0.,0.00918675779071031,0.0185354297579028),
 .UNSPECIFIED.);
#2464=B_SPLINE_CURVE_WITH_KNOTS('',3,(#12014,#12015,#12016,#12017,#12018),
 .UNSPECIFIED.,.F.,.F.,(4,1,4),(0.,0.00918675779071031,0.0185354297579028),
 .UNSPECIFIED.);
#2465=B_SPLINE_CURVE_WITH_KNOTS('',3,(#12030,#12031,#12032,#12033,#12034),
 .UNSPECIFIED.,.F.,.F.,(4,1,4),(0.,0.0279529489977113,0.0433628870507992),
 .UNSPECIFIED.);
#2466=B_SPLINE_CURVE_WITH_KNOTS('',3,(#12037,#12038,#12039,#12040,#12041),
 .UNSPECIFIED.,.F.,.F.,(4,1,4),(0.,0.0279529489977113,0.0433628870507992),
 .UNSPECIFIED.);
#2467=B_SPLINE_CURVE_WITH_KNOTS('',3,(#12059,#12060,#12061,#12062,#12063),
 .UNSPECIFIED.,.F.,.F.,(4,1,4),(0.,0.00884751940996848,0.0226981234333029),
 .UNSPECIFIED.);
#2468=B_SPLINE_CURVE_WITH_KNOTS('',3,(#12066,#12067,#12068,#12069,#12070),
 .UNSPECIFIED.,.F.,.F.,(4,1,4),(0.,0.00884751940996848,0.0226981234333029),
 .UNSPECIFIED.);
#2469=B_SPLINE_CURVE_WITH_KNOTS('',3,(#12082,#12083,#12084,#12085,#12086),
 .UNSPECIFIED.,.F.,.F.,(4,1,4),(0.,0.00880685104338027,0.0185085579989032),
 .UNSPECIFIED.);
#2470=B_SPLINE_CURVE_WITH_KNOTS('',3,(#12089,#12090,#12091,#12092,#12093),
 .UNSPECIFIED.,.F.,.F.,(4,1,4),(0.,0.00880685104338027,0.0185085579989032),
 .UNSPECIFIED.);
#2471=B_SPLINE_CURVE_WITH_KNOTS('',3,(#12105,#12106,#12107,#12108,#12109),
 .UNSPECIFIED.,.F.,.F.,(4,1,4),(0.,0.0112035871375347,0.0204521336741911),
 .UNSPECIFIED.);
#2472=B_SPLINE_CURVE_WITH_KNOTS('',3,(#12112,#12113,#12114,#12115,#12116),
 .UNSPECIFIED.,.F.,.F.,(4,1,4),(0.,0.0112035871375347,0.0204521336741911),
 .UNSPECIFIED.);
#2473=B_SPLINE_CURVE_WITH_KNOTS('',3,(#12128,#12129,#12130,#12131,#12132),
 .UNSPECIFIED.,.F.,.F.,(4,1,4),(0.,0.0168498539364946,0.0305815086702288),
 .UNSPECIFIED.);
#2474=B_SPLINE_CURVE_WITH_KNOTS('',3,(#12135,#12136,#12137,#12138,#12139),
 .UNSPECIFIED.,.F.,.F.,(4,1,4),(0.,0.0168498539364946,0.0305815086702288),
 .UNSPECIFIED.);
#2475=B_SPLINE_CURVE_WITH_KNOTS('',3,(#12151,#12152,#12153,#12154,#12155),
 .UNSPECIFIED.,.F.,.F.,(4,1,4),(0.,0.0157872352364315,0.0333985129346307),
 .UNSPECIFIED.);
#2476=B_SPLINE_CURVE_WITH_KNOTS('',3,(#12158,#12159,#12160,#12161,#12162),
 .UNSPECIFIED.,.F.,.F.,(4,1,4),(0.,0.0157872352364315,0.0333985129346307),
 .UNSPECIFIED.);
#2477=B_SPLINE_CURVE_WITH_KNOTS('',3,(#12174,#12175,#12176,#12177,#12178),
 .UNSPECIFIED.,.F.,.F.,(4,1,4),(0.,0.0124326269100088,0.0264042414898174),
 .UNSPECIFIED.);
#2478=B_SPLINE_CURVE_WITH_KNOTS('',3,(#12181,#12182,#12183,#12184,#12185),
 .UNSPECIFIED.,.F.,.F.,(4,1,4),(0.,0.0124326269100088,0.0264042414898174),
 .UNSPECIFIED.);
#2479=B_SPLINE_CURVE_WITH_KNOTS('',3,(#12197,#12198,#12199,#12200,#12201),
 .UNSPECIFIED.,.F.,.F.,(4,1,4),(0.,0.0145902450735863,0.0273098521191232),
 .UNSPECIFIED.);
#2480=B_SPLINE_CURVE_WITH_KNOTS('',3,(#12204,#12205,#12206,#12207,#12208),
 .UNSPECIFIED.,.F.,.F.,(4,1,4),(0.,0.0145902450735863,0.0273098521191232),
 .UNSPECIFIED.);
#2481=B_SPLINE_CURVE_WITH_KNOTS('',3,(#12226,#12227,#12228,#12229,#12230),
 .UNSPECIFIED.,.F.,.F.,(4,1,4),(0.,0.0110556231837516,0.0250694953793148),
 .UNSPECIFIED.);
#2482=B_SPLINE_CURVE_WITH_KNOTS('',3,(#12233,#12234,#12235,#12236,#12237),
 .UNSPECIFIED.,.F.,.F.,(4,1,4),(0.,0.0110556231837516,0.0250694953793148),
 .UNSPECIFIED.);
#2483=B_SPLINE_CURVE_WITH_KNOTS('',3,(#12249,#12250,#12251,#12252,#12253),
 .UNSPECIFIED.,.F.,.F.,(4,1,4),(0.,0.0151343361501774,0.0265990321056562),
 .UNSPECIFIED.);
#2484=B_SPLINE_CURVE_WITH_KNOTS('',3,(#12256,#12257,#12258,#12259,#12260),
 .UNSPECIFIED.,.F.,.F.,(4,1,4),(0.,0.0151343361501774,0.0265990321056562),
 .UNSPECIFIED.);
#2485=B_SPLINE_CURVE_WITH_KNOTS('',3,(#12272,#12273,#12274,#12275,#12276),
 .UNSPECIFIED.,.F.,.F.,(4,1,4),(0.,0.0132593549121324,0.0296605762663181),
 .UNSPECIFIED.);
#2486=B_SPLINE_CURVE_WITH_KNOTS('',3,(#12279,#12280,#12281,#12282,#12283),
 .UNSPECIFIED.,.F.,.F.,(4,1,4),(0.,0.0132593549121324,0.0296605762663181),
 .UNSPECIFIED.);
#2487=B_SPLINE_CURVE_WITH_KNOTS('',3,(#12295,#12296,#12297,#12298,#12299),
 .UNSPECIFIED.,.F.,.F.,(4,1,4),(0.,0.0129076542708864,0.0227592597228735),
 .UNSPECIFIED.);
#2488=B_SPLINE_CURVE_WITH_KNOTS('',3,(#12302,#12303,#12304,#12305,#12306),
 .UNSPECIFIED.,.F.,.F.,(4,1,4),(0.,0.0129076542708864,0.0227592597228735),
 .UNSPECIFIED.);
#2489=B_SPLINE_CURVE_WITH_KNOTS('',3,(#12318,#12319,#12320,#12321,#12322),
 .UNSPECIFIED.,.F.,.F.,(4,1,4),(0.,0.00412814683974976,0.0064135240358517),
 .UNSPECIFIED.);
#2490=B_SPLINE_CURVE_WITH_KNOTS('',3,(#12325,#12326,#12327,#12328,#12329),
 .UNSPECIFIED.,.F.,.F.,(4,1,4),(0.,0.00412814683974976,0.0064135240358517),
 .UNSPECIFIED.);
#2491=B_SPLINE_CURVE_WITH_KNOTS('',3,(#12341,#12342,#12343,#12344,#12345),
 .UNSPECIFIED.,.F.,.F.,(4,1,4),(0.,0.0261095921421269,0.0446556716400662),
 .UNSPECIFIED.);
#2492=B_SPLINE_CURVE_WITH_KNOTS('',3,(#12348,#12349,#12350,#12351,#12352),
 .UNSPECIFIED.,.F.,.F.,(4,1,4),(0.,0.0261095921421269,0.0446556716400662),
 .UNSPECIFIED.);
#2493=B_SPLINE_CURVE_WITH_KNOTS('',3,(#12364,#12365,#12366,#12367,#12368),
 .UNSPECIFIED.,.F.,.F.,(4,1,4),(0.,0.00926420530142875,0.0221474007735308),
 .UNSPECIFIED.);
#2494=B_SPLINE_CURVE_WITH_KNOTS('',3,(#12371,#12372,#12373,#12374,#12375),
 .UNSPECIFIED.,.F.,.F.,(4,1,4),(0.,0.00926420530142875,0.0221474007735308),
 .UNSPECIFIED.);
#2495=B_SPLINE_CURVE_WITH_KNOTS('',3,(#12387,#12388,#12389,#12390,#12391),
 .UNSPECIFIED.,.F.,.F.,(4,1,4),(0.,0.00955891105604393,0.0194793444011533),
 .UNSPECIFIED.);
#2496=B_SPLINE_CURVE_WITH_KNOTS('',3,(#12394,#12395,#12396,#12397,#12398),
 .UNSPECIFIED.,.F.,.F.,(4,1,4),(0.,0.00955891105604393,0.0194793444011533),
 .UNSPECIFIED.);
#2497=B_SPLINE_CURVE_WITH_KNOTS('',3,(#12410,#12411,#12412,#12413,#12414),
 .UNSPECIFIED.,.F.,.F.,(4,1,4),(0.,0.00970396383669469,0.0191192115322202),
 .UNSPECIFIED.);
#2498=B_SPLINE_CURVE_WITH_KNOTS('',3,(#12417,#12418,#12419,#12420,#12421),
 .UNSPECIFIED.,.F.,.F.,(4,1,4),(0.,0.00970396383669469,0.0191192115322202),
 .UNSPECIFIED.);
#2499=B_SPLINE_CURVE_WITH_KNOTS('',3,(#12433,#12434,#12435,#12436,#12437),
 .UNSPECIFIED.,.F.,.F.,(4,1,4),(0.,0.0102525050464157,0.020199328684888),
 .UNSPECIFIED.);
#2500=B_SPLINE_CURVE_WITH_KNOTS('',3,(#12440,#12441,#12442,#12443,#12444),
 .UNSPECIFIED.,.F.,.F.,(4,1,4),(0.,0.0102525050464157,0.020199328684888),
 .UNSPECIFIED.);
#2501=B_SPLINE_CURVE_WITH_KNOTS('',3,(#12456,#12457,#12458,#12459,#12460),
 .UNSPECIFIED.,.F.,.F.,(4,1,4),(0.,0.0164007085924879,0.0332334114066021),
 .UNSPECIFIED.);
#2502=B_SPLINE_CURVE_WITH_KNOTS('',3,(#12463,#12464,#12465,#12466,#12467),
 .UNSPECIFIED.,.F.,.F.,(4,1,4),(0.,0.0164007085924879,0.0332334114066021),
 .UNSPECIFIED.);
#2503=B_SPLINE_CURVE_WITH_KNOTS('',3,(#12479,#12480,#12481,#12482,#12483),
 .UNSPECIFIED.,.F.,.F.,(4,1,4),(0.,0.0213122890774148,0.0391861505323182),
 .UNSPECIFIED.);
#2504=B_SPLINE_CURVE_WITH_KNOTS('',3,(#12486,#12487,#12488,#12489,#12490),
 .UNSPECIFIED.,.F.,.F.,(4,1,4),(0.,0.0213122890774148,0.0391861505323182),
 .UNSPECIFIED.);
#2505=B_SPLINE_CURVE_WITH_KNOTS('',3,(#12502,#12503,#12504,#12505,#12506),
 .UNSPECIFIED.,.F.,.F.,(4,1,4),(0.,0.0135611554748626,0.0276127266602453),
 .UNSPECIFIED.);
#2506=B_SPLINE_CURVE_WITH_KNOTS('',3,(#12509,#12510,#12511,#12512,#12513),
 .UNSPECIFIED.,.F.,.F.,(4,1,4),(0.,0.0135611554748626,0.0276127266602453),
 .UNSPECIFIED.);
#2507=B_SPLINE_CURVE_WITH_KNOTS('',3,(#12525,#12526,#12527,#12528,#12529),
 .UNSPECIFIED.,.F.,.F.,(4,1,4),(0.,0.0166444175253973,0.0310583309395812),
 .UNSPECIFIED.);
#2508=B_SPLINE_CURVE_WITH_KNOTS('',3,(#12532,#12533,#12534,#12535,#12536),
 .UNSPECIFIED.,.F.,.F.,(4,1,4),(0.,0.0166444175253973,0.0310583309395812),
 .UNSPECIFIED.);
#2509=B_SPLINE_CURVE_WITH_KNOTS('',3,(#12547,#12548,#12549,#12550,#12551),
 .UNSPECIFIED.,.F.,.F.,(4,1,4),(0.,0.00886196176758083,0.0186085892062097),
 .UNSPECIFIED.);
#2510=B_SPLINE_CURVE_WITH_KNOTS('',3,(#12552,#12553,#12554,#12555,#12556),
 .UNSPECIFIED.,.F.,.F.,(4,1,4),(0.,0.00886196176758083,0.0186085892062097),
 .UNSPECIFIED.);
#2511=B_SPLINE_CURVE_WITH_KNOTS('',3,(#12570,#12571,#12572,#12573,#12574),
 .UNSPECIFIED.,.F.,.F.,(4,1,4),(0.,0.0153910228032322,0.0312833176669527),
 .UNSPECIFIED.);
#2512=B_SPLINE_CURVE_WITH_KNOTS('',3,(#12578,#12579,#12580,#12581,#12582),
 .UNSPECIFIED.,.F.,.F.,(4,1,4),(0.,0.0153910228032322,0.0312833176669527),
 .UNSPECIFIED.);
#2513=B_SPLINE_CURVE_WITH_KNOTS('',3,(#12595,#12596,#12597,#12598,#12599),
 .UNSPECIFIED.,.F.,.F.,(4,1,4),(0.,0.0165077278512938,0.0323447832008238),
 .UNSPECIFIED.);
#2514=B_SPLINE_CURVE_WITH_KNOTS('',3,(#12602,#12603,#12604,#12605,#12606),
 .UNSPECIFIED.,.F.,.F.,(4,1,4),(0.,0.0165077278512938,0.0323447832008238),
 .UNSPECIFIED.);
#2515=B_SPLINE_CURVE_WITH_KNOTS('',3,(#12618,#12619,#12620,#12621,#12622),
 .UNSPECIFIED.,.F.,.F.,(4,1,4),(0.,0.0259431231777513,0.0457740515086631),
 .UNSPECIFIED.);
#2516=B_SPLINE_CURVE_WITH_KNOTS('',3,(#12625,#12626,#12627,#12628,#12629),
 .UNSPECIFIED.,.F.,.F.,(4,1,4),(0.,0.0259431231777513,0.0457740515086631),
 .UNSPECIFIED.);
#2517=B_SPLINE_CURVE_WITH_KNOTS('',3,(#12641,#12642,#12643,#12644,#12645),
 .UNSPECIFIED.,.F.,.F.,(4,1,4),(0.,0.0186469071725485,0.0423648897504658),
 .UNSPECIFIED.);
#2518=B_SPLINE_CURVE_WITH_KNOTS('',3,(#12648,#12649,#12650,#12651,#12652),
 .UNSPECIFIED.,.F.,.F.,(4,1,4),(0.,0.0186469071725485,0.0423648897504658),
 .UNSPECIFIED.);
#2519=B_SPLINE_CURVE_WITH_KNOTS('',3,(#12664,#12665,#12666,#12667,#12668),
 .UNSPECIFIED.,.F.,.F.,(4,1,4),(0.,0.0152468094802072,0.0311493810874141),
 .UNSPECIFIED.);
#2520=B_SPLINE_CURVE_WITH_KNOTS('',3,(#12671,#12672,#12673,#12674,#12675),
 .UNSPECIFIED.,.F.,.F.,(4,1,4),(0.,0.0152468094802072,0.0311493810874141),
 .UNSPECIFIED.);
#2521=B_SPLINE_CURVE_WITH_KNOTS('',3,(#12687,#12688,#12689,#12690,#12691),
 .UNSPECIFIED.,.F.,.F.,(4,1,4),(0.,0.0164432353236831,0.0317406293937267),
 .UNSPECIFIED.);
#2522=B_SPLINE_CURVE_WITH_KNOTS('',3,(#12694,#12695,#12696,#12697,#12698),
 .UNSPECIFIED.,.F.,.F.,(4,1,4),(0.,0.0164432353236831,0.0317406293937267),
 .UNSPECIFIED.);
#2523=B_SPLINE_CURVE_WITH_KNOTS('',3,(#12710,#12711,#12712,#12713,#12714),
 .UNSPECIFIED.,.F.,.F.,(4,1,4),(0.,0.0244941009650517,0.0438962688700639),
 .UNSPECIFIED.);
#2524=B_SPLINE_CURVE_WITH_KNOTS('',3,(#12717,#12718,#12719,#12720,#12721),
 .UNSPECIFIED.,.F.,.F.,(4,1,4),(0.,0.0244941009650517,0.0438962688700639),
 .UNSPECIFIED.);
#2525=B_SPLINE_CURVE_WITH_KNOTS('',3,(#12732,#12733,#12734,#12735,#12736),
 .UNSPECIFIED.,.F.,.F.,(4,1,4),(0.,0.0190918768074991,0.044174391635894),
 .UNSPECIFIED.);
#2526=B_SPLINE_CURVE_WITH_KNOTS('',3,(#12737,#12738,#12739,#12740,#12741),
 .UNSPECIFIED.,.F.,.F.,(4,1,4),(0.,0.0190918768074991,0.044174391635894),
 .UNSPECIFIED.);
#2527=B_SPLINE_CURVE_WITH_KNOTS('',3,(#12774,#12775,#12776,#12777,#12778),
 .UNSPECIFIED.,.F.,.F.,(4,1,4),(0.,0.0112481373250121,0.0221469922502229),
 .UNSPECIFIED.);
#2528=B_SPLINE_CURVE_WITH_KNOTS('',3,(#12781,#12782,#12783,#12784,#12785),
 .UNSPECIFIED.,.F.,.F.,(4,1,4),(0.,0.0112481373250121,0.0221469922502229),
 .UNSPECIFIED.);
#2529=B_SPLINE_CURVE_WITH_KNOTS('',3,(#12797,#12798,#12799,#12800,#12801),
 .UNSPECIFIED.,.F.,.F.,(4,1,4),(0.,0.0124574181556727,0.024163608662902),
 .UNSPECIFIED.);
#2530=B_SPLINE_CURVE_WITH_KNOTS('',3,(#12804,#12805,#12806,#12807,#12808),
 .UNSPECIFIED.,.F.,.F.,(4,1,4),(0.,0.0124574181556727,0.024163608662902),
 .UNSPECIFIED.);
#2531=B_SPLINE_CURVE_WITH_KNOTS('',3,(#12820,#12821,#12822,#12823,#12824),
 .UNSPECIFIED.,.F.,.F.,(4,1,4),(0.,0.0168629336800577,0.0340439030921273),
 .UNSPECIFIED.);
#2532=B_SPLINE_CURVE_WITH_KNOTS('',3,(#12827,#12828,#12829,#12830,#12831),
 .UNSPECIFIED.,.F.,.F.,(4,1,4),(0.,0.0168629336800577,0.0340439030921273),
 .UNSPECIFIED.);
#2533=B_SPLINE_CURVE_WITH_KNOTS('',3,(#12843,#12844,#12845,#12846,#12847),
 .UNSPECIFIED.,.F.,.F.,(4,1,4),(0.,0.0180323160433894,0.0351153560413491),
 .UNSPECIFIED.);
#2534=B_SPLINE_CURVE_WITH_KNOTS('',3,(#12850,#12851,#12852,#12853,#12854),
 .UNSPECIFIED.,.F.,.F.,(4,1,4),(0.,0.0180323160433894,0.0351153560413491),
 .UNSPECIFIED.);
#2535=B_SPLINE_CURVE_WITH_KNOTS('',3,(#12866,#12867,#12868,#12869,#12870),
 .UNSPECIFIED.,.F.,.F.,(4,1,4),(0.,0.0207643745668794,0.0402091060548333),
 .UNSPECIFIED.);
#2536=B_SPLINE_CURVE_WITH_KNOTS('',3,(#12873,#12874,#12875,#12876,#12877),
 .UNSPECIFIED.,.F.,.F.,(4,1,4),(0.,0.0207643745668794,0.0402091060548333),
 .UNSPECIFIED.);
#2537=B_SPLINE_CURVE_WITH_KNOTS('',3,(#12889,#12890,#12891,#12892,#12893),
 .UNSPECIFIED.,.F.,.F.,(4,1,4),(0.,0.0193495167390528,0.0404026552700867),
 .UNSPECIFIED.);
#2538=B_SPLINE_CURVE_WITH_KNOTS('',3,(#12896,#12897,#12898,#12899,#12900),
 .UNSPECIFIED.,.F.,.F.,(4,1,4),(0.,0.0193495167390528,0.0404026552700867),
 .UNSPECIFIED.);
#2539=B_SPLINE_CURVE_WITH_KNOTS('',3,(#12912,#12913,#12914,#12915,#12916),
 .UNSPECIFIED.,.F.,.F.,(4,1,4),(0.,0.0172377314684687,0.0352493629496904),
 .UNSPECIFIED.);
#2540=B_SPLINE_CURVE_WITH_KNOTS('',3,(#12919,#12920,#12921,#12922,#12923),
 .UNSPECIFIED.,.F.,.F.,(4,1,4),(0.,0.0172377314684687,0.0352493629496904),
 .UNSPECIFIED.);
#2541=B_SPLINE_CURVE_WITH_KNOTS('',3,(#12935,#12936,#12937,#12938,#12939),
 .UNSPECIFIED.,.F.,.F.,(4,1,4),(0.,0.0167973652708976,0.0336261125403068),
 .UNSPECIFIED.);
#2542=B_SPLINE_CURVE_WITH_KNOTS('',3,(#12942,#12943,#12944,#12945,#12946),
 .UNSPECIFIED.,.F.,.F.,(4,1,4),(0.,0.0167973652708976,0.0336261125403068),
 .UNSPECIFIED.);
#2543=B_SPLINE_CURVE_WITH_KNOTS('',3,(#12958,#12959,#12960,#12961,#12962),
 .UNSPECIFIED.,.F.,.F.,(4,1,4),(0.,0.0234734223979886,0.0475828624822944),
 .UNSPECIFIED.);
#2544=B_SPLINE_CURVE_WITH_KNOTS('',3,(#12965,#12966,#12967,#12968,#12969),
 .UNSPECIFIED.,.F.,.F.,(4,1,4),(0.,0.0234734223979886,0.0475828624822944),
 .UNSPECIFIED.);
#2545=B_SPLINE_CURVE_WITH_KNOTS('',3,(#12992,#12993,#12994,#12995,#12996),
 .UNSPECIFIED.,.F.,.F.,(4,1,4),(0.,0.0102025968401938,0.0212080248994372),
 .UNSPECIFIED.);
#2546=B_SPLINE_CURVE_WITH_KNOTS('',3,(#13000,#13001,#13002,#13003,#13004),
 .UNSPECIFIED.,.F.,.F.,(4,1,4),(0.,0.0102025968401938,0.0212080248994372),
 .UNSPECIFIED.);
#2547=B_SPLINE_CURVE_WITH_KNOTS('',3,(#13017,#13018,#13019,#13020,#13021),
 .UNSPECIFIED.,.F.,.F.,(4,1,4),(0.,0.012651928168345,0.0234555804328217),
 .UNSPECIFIED.);
#2548=B_SPLINE_CURVE_WITH_KNOTS('',3,(#13024,#13025,#13026,#13027,#13028),
 .UNSPECIFIED.,.F.,.F.,(4,1,4),(0.,0.012651928168345,0.0234555804328217),
 .UNSPECIFIED.);
#2549=B_SPLINE_CURVE_WITH_KNOTS('',3,(#13040,#13041,#13042,#13043,#13044),
 .UNSPECIFIED.,.F.,.F.,(4,1,4),(0.,0.0216419172689501,0.0356653210551156),
 .UNSPECIFIED.);
#2550=B_SPLINE_CURVE_WITH_KNOTS('',3,(#13047,#13048,#13049,#13050,#13051),
 .UNSPECIFIED.,.F.,.F.,(4,1,4),(0.,0.0216419172689501,0.0356653210551156),
 .UNSPECIFIED.);
#2551=B_SPLINE_CURVE_WITH_KNOTS('',3,(#13081,#13082,#13083,#13084,#13085),
 .UNSPECIFIED.,.F.,.F.,(4,1,4),(0.,0.0173439146541328,0.034535842066096),
 .UNSPECIFIED.);
#2552=B_SPLINE_CURVE_WITH_KNOTS('',3,(#13088,#13089,#13090,#13091,#13092),
 .UNSPECIFIED.,.F.,.F.,(4,1,4),(0.,0.0173439146541328,0.034535842066096),
 .UNSPECIFIED.);
#2553=B_SPLINE_CURVE_WITH_KNOTS('',3,(#13104,#13105,#13106,#13107,#13108),
 .UNSPECIFIED.,.F.,.F.,(4,1,4),(0.,0.0172892473421201,0.0351761156301461),
 .UNSPECIFIED.);
#2554=B_SPLINE_CURVE_WITH_KNOTS('',3,(#13111,#13112,#13113,#13114,#13115),
 .UNSPECIFIED.,.F.,.F.,(4,1,4),(0.,0.0172892473421201,0.0351761156301461),
 .UNSPECIFIED.);
#2555=B_SPLINE_CURVE_WITH_KNOTS('',3,(#13145,#13146,#13147,#13148,#13149),
 .UNSPECIFIED.,.F.,.F.,(4,1,4),(0.,0.00267513950497038,0.00638759345973096),
 .UNSPECIFIED.);
#2556=B_SPLINE_CURVE_WITH_KNOTS('',3,(#13152,#13153,#13154,#13155,#13156),
 .UNSPECIFIED.,.F.,.F.,(4,1,4),(0.,0.00267513950497038,0.00638759345973096),
 .UNSPECIFIED.);
#2557=B_SPLINE_CURVE_WITH_KNOTS('',3,(#13168,#13169,#13170,#13171,#13172),
 .UNSPECIFIED.,.F.,.F.,(4,1,4),(0.,0.00709419121374369,0.0197763117298918),
 .UNSPECIFIED.);
#2558=B_SPLINE_CURVE_WITH_KNOTS('',3,(#13175,#13176,#13177,#13178,#13179),
 .UNSPECIFIED.,.F.,.F.,(4,1,4),(0.,0.00709419121374369,0.0197763117298918),
 .UNSPECIFIED.);
#2559=B_SPLINE_CURVE_WITH_KNOTS('',3,(#13191,#13192,#13193,#13194,#13195),
 .UNSPECIFIED.,.F.,.F.,(4,1,4),(0.,0.00553925085294754,0.0111857910316005),
 .UNSPECIFIED.);
#2560=B_SPLINE_CURVE_WITH_KNOTS('',3,(#13198,#13199,#13200,#13201,#13202),
 .UNSPECIFIED.,.F.,.F.,(4,1,4),(0.,0.00553925085294754,0.0111857910316005),
 .UNSPECIFIED.);
#2561=B_SPLINE_CURVE_WITH_KNOTS('',3,(#13214,#13215,#13216,#13217,#13218),
 .UNSPECIFIED.,.F.,.F.,(4,1,4),(0.,0.00739846959784623,0.0134828303541462),
 .UNSPECIFIED.);
#2562=B_SPLINE_CURVE_WITH_KNOTS('',3,(#13221,#13222,#13223,#13224,#13225),
 .UNSPECIFIED.,.F.,.F.,(4,1,4),(0.,0.00739846959784623,0.0134828303541462),
 .UNSPECIFIED.);
#2563=B_SPLINE_CURVE_WITH_KNOTS('',3,(#13237,#13238,#13239,#13240,#13241),
 .UNSPECIFIED.,.F.,.F.,(4,1,4),(0.,0.00771327857604387,0.0142504068016044),
 .UNSPECIFIED.);
#2564=B_SPLINE_CURVE_WITH_KNOTS('',3,(#13244,#13245,#13246,#13247,#13248),
 .UNSPECIFIED.,.F.,.F.,(4,1,4),(0.,0.00771327857604387,0.0142504068016044),
 .UNSPECIFIED.);
#2565=B_SPLINE_CURVE_WITH_KNOTS('',3,(#13265,#13266,#13267,#13268,#13269),
 .UNSPECIFIED.,.F.,.F.,(4,1,4),(0.,0.00754081334434209,0.0161618819559143),
 .UNSPECIFIED.);
#2566=B_SPLINE_CURVE_WITH_KNOTS('',3,(#13270,#13271,#13272,#13273,#13274),
 .UNSPECIFIED.,.F.,.F.,(4,1,4),(0.,0.00754081334434209,0.0161618819559143),
 .UNSPECIFIED.);
#2567=B_SPLINE_CURVE_WITH_KNOTS('',3,(#13296,#13297,#13298,#13299,#13300),
 .UNSPECIFIED.,.F.,.F.,(4,1,4),(0.,0.0167670155151314,0.0403028550220627),
 .UNSPECIFIED.);
#2568=B_SPLINE_CURVE_WITH_KNOTS('',3,(#13303,#13304,#13305,#13306,#13307),
 .UNSPECIFIED.,.F.,.F.,(4,1,4),(0.,0.0167670155151314,0.0403028550220627),
 .UNSPECIFIED.);
#2569=B_SPLINE_CURVE_WITH_KNOTS('',3,(#13319,#13320,#13321,#13322,#13323),
 .UNSPECIFIED.,.F.,.F.,(4,1,4),(0.,0.0148251472329406,0.029357487316319),
 .UNSPECIFIED.);
#2570=B_SPLINE_CURVE_WITH_KNOTS('',3,(#13326,#13327,#13328,#13329,#13330),
 .UNSPECIFIED.,.F.,.F.,(4,1,4),(0.,0.0148251472329406,0.029357487316319),
 .UNSPECIFIED.);
#2571=B_SPLINE_CURVE_WITH_KNOTS('',3,(#13342,#13343,#13344,#13345,#13346),
 .UNSPECIFIED.,.F.,.F.,(4,1,4),(0.,0.00859877425405121,0.0178570624277258),
 .UNSPECIFIED.);
#2572=B_SPLINE_CURVE_WITH_KNOTS('',3,(#13349,#13350,#13351,#13352,#13353),
 .UNSPECIFIED.,.F.,.F.,(4,1,4),(0.,0.00859877425405121,0.0178570624277258),
 .UNSPECIFIED.);
#2573=B_SPLINE_CURVE_WITH_KNOTS('',3,(#13365,#13366,#13367,#13368,#13369),
 .UNSPECIFIED.,.F.,.F.,(4,1,4),(0.,0.007776563962307,0.0158509579741986),
 .UNSPECIFIED.);
#2574=B_SPLINE_CURVE_WITH_KNOTS('',3,(#13372,#13373,#13374,#13375,#13376),
 .UNSPECIFIED.,.F.,.F.,(4,1,4),(0.,0.007776563962307,0.0158509579741986),
 .UNSPECIFIED.);
#2575=B_SPLINE_CURVE_WITH_KNOTS('',3,(#13388,#13389,#13390,#13391,#13392),
 .UNSPECIFIED.,.F.,.F.,(4,1,4),(0.,0.0131334606777945,0.0227058445518161),
 .UNSPECIFIED.);
#2576=B_SPLINE_CURVE_WITH_KNOTS('',3,(#13395,#13396,#13397,#13398,#13399),
 .UNSPECIFIED.,.F.,.F.,(4,1,4),(0.,0.0131334606777945,0.0227058445518161),
 .UNSPECIFIED.);
#2577=B_SPLINE_CURVE_WITH_KNOTS('',3,(#13429,#13430,#13431,#13432,#13433),
 .UNSPECIFIED.,.F.,.F.,(4,1,4),(0.,0.00943491102854528,0.0239341466041724),
 .UNSPECIFIED.);
#2578=B_SPLINE_CURVE_WITH_KNOTS('',3,(#13436,#13437,#13438,#13439,#13440),
 .UNSPECIFIED.,.F.,.F.,(4,1,4),(0.,0.00943491102854528,0.0239341466041724),
 .UNSPECIFIED.);
#2579=B_SPLINE_CURVE_WITH_KNOTS('',3,(#13452,#13453,#13454,#13455,#13456),
 .UNSPECIFIED.,.F.,.F.,(4,1,4),(0.,0.00955717959472655,0.0197955352757169),
 .UNSPECIFIED.);
#2580=B_SPLINE_CURVE_WITH_KNOTS('',3,(#13459,#13460,#13461,#13462,#13463),
 .UNSPECIFIED.,.F.,.F.,(4,1,4),(0.,0.00955717959472655,0.0197955352757169),
 .UNSPECIFIED.);
#2581=B_SPLINE_CURVE_WITH_KNOTS('',3,(#13475,#13476,#13477,#13478,#13479),
 .UNSPECIFIED.,.F.,.F.,(4,1,4),(0.,0.0110350079518556,0.0207542119945477),
 .UNSPECIFIED.);
#2582=B_SPLINE_CURVE_WITH_KNOTS('',3,(#13482,#13483,#13484,#13485,#13486),
 .UNSPECIFIED.,.F.,.F.,(4,1,4),(0.,0.0110350079518556,0.0207542119945477),
 .UNSPECIFIED.);
#2583=B_SPLINE_CURVE_WITH_KNOTS('',3,(#13498,#13499,#13500,#13501,#13502),
 .UNSPECIFIED.,.F.,.F.,(4,1,4),(0.,0.0126231966532887,0.0246632129150755),
 .UNSPECIFIED.);
#2584=B_SPLINE_CURVE_WITH_KNOTS('',3,(#13505,#13506,#13507,#13508,#13509),
 .UNSPECIFIED.,.F.,.F.,(4,1,4),(0.,0.0126231966532887,0.0246632129150755),
 .UNSPECIFIED.);
#2585=B_SPLINE_CURVE_WITH_KNOTS('',3,(#13521,#13522,#13523,#13524,#13525),
 .UNSPECIFIED.,.F.,.F.,(4,1,4),(0.,0.0264804848593654,0.0537448056585537),
 .UNSPECIFIED.);
#2586=B_SPLINE_CURVE_WITH_KNOTS('',3,(#13528,#13529,#13530,#13531,#13532),
 .UNSPECIFIED.,.F.,.F.,(4,1,4),(0.,0.0264804848593654,0.0537448056585537),
 .UNSPECIFIED.);
#2587=B_SPLINE_CURVE_WITH_KNOTS('',3,(#13623,#13624,#13625,#13626,#13627),
 .UNSPECIFIED.,.F.,.F.,(4,1,4),(0.,0.0141617232497088,0.0337804981226302),
 .UNSPECIFIED.);
#2588=B_SPLINE_CURVE_WITH_KNOTS('',3,(#13630,#13631,#13632,#13633,#13634),
 .UNSPECIFIED.,.F.,.F.,(4,1,4),(0.,0.0141617232497088,0.0337804981226302),
 .UNSPECIFIED.);
#2589=B_SPLINE_CURVE_WITH_KNOTS('',3,(#13646,#13647,#13648,#13649,#13650),
 .UNSPECIFIED.,.F.,.F.,(4,1,4),(0.,0.0181952033111783,0.0311069583818874),
 .UNSPECIFIED.);
#2590=B_SPLINE_CURVE_WITH_KNOTS('',3,(#13653,#13654,#13655,#13656,#13657),
 .UNSPECIFIED.,.F.,.F.,(4,1,4),(0.,0.0181952033111783,0.0311069583818874),
 .UNSPECIFIED.);
#2591=VERTEX_POINT('',#8216);
#2592=VERTEX_POINT('',#8217);
#2593=VERTEX_POINT('',#8223);
#2594=VERTEX_POINT('',#8225);
#2595=VERTEX_POINT('',#8242);
#2596=VERTEX_POINT('',#8248);
#2597=VERTEX_POINT('',#8265);
#2598=VERTEX_POINT('',#8271);
#2599=VERTEX_POINT('',#8288);
#2600=VERTEX_POINT('',#8294);
#2601=VERTEX_POINT('',#8311);
#2602=VERTEX_POINT('',#8317);
#2603=VERTEX_POINT('',#8334);
#2604=VERTEX_POINT('',#8340);
#2605=VERTEX_POINT('',#8357);
#2606=VERTEX_POINT('',#8363);
#2607=VERTEX_POINT('',#8380);
#2608=VERTEX_POINT('',#8386);
#2609=VERTEX_POINT('',#8403);
#2610=VERTEX_POINT('',#8409);
#2611=VERTEX_POINT('',#8420);
#2612=VERTEX_POINT('',#8421);
#2613=VERTEX_POINT('',#8423);
#2614=VERTEX_POINT('',#8425);
#2615=VERTEX_POINT('',#8438);
#2616=VERTEX_POINT('',#8444);
#2617=VERTEX_POINT('',#8461);
#2618=VERTEX_POINT('',#8467);
#2619=VERTEX_POINT('',#8475);
#2620=VERTEX_POINT('',#8477);
#2621=VERTEX_POINT('',#8490);
#2622=VERTEX_POINT('',#8496);
#2623=VERTEX_POINT('',#8513);
#2624=VERTEX_POINT('',#8519);
#2625=VERTEX_POINT('',#8536);
#2626=VERTEX_POINT('',#8542);
#2627=VERTEX_POINT('',#8559);
#2628=VERTEX_POINT('',#8565);
#2629=VERTEX_POINT('',#8582);
#2630=VERTEX_POINT('',#8588);
#2631=VERTEX_POINT('',#8605);
#2632=VERTEX_POINT('',#8611);
#2633=VERTEX_POINT('',#8628);
#2634=VERTEX_POINT('',#8634);
#2635=VERTEX_POINT('',#8642);
#2636=VERTEX_POINT('',#8644);
#2637=VERTEX_POINT('',#8657);
#2638=VERTEX_POINT('',#8663);
#2639=VERTEX_POINT('',#8680);
#2640=VERTEX_POINT('',#8686);
#2641=VERTEX_POINT('',#8703);
#2642=VERTEX_POINT('',#8709);
#2643=VERTEX_POINT('',#8726);
#2644=VERTEX_POINT('',#8732);
#2645=VERTEX_POINT('',#8749);
#2646=VERTEX_POINT('',#8755);
#2647=VERTEX_POINT('',#8772);
#2648=VERTEX_POINT('',#8778);
#2649=VERTEX_POINT('',#8795);
#2650=VERTEX_POINT('',#8801);
#2651=VERTEX_POINT('',#8818);
#2652=VERTEX_POINT('',#8824);
#2653=VERTEX_POINT('',#8841);
#2654=VERTEX_POINT('',#8847);
#2655=VERTEX_POINT('',#8864);
#2656=VERTEX_POINT('',#8870);
#2657=VERTEX_POINT('',#8887);
#2658=VERTEX_POINT('',#8893);
#2659=VERTEX_POINT('',#8910);
#2660=VERTEX_POINT('',#8916);
#2661=VERTEX_POINT('',#8933);
#2662=VERTEX_POINT('',#8939);
#2663=VERTEX_POINT('',#8956);
#2664=VERTEX_POINT('',#8962);
#2665=VERTEX_POINT('',#8991);
#2666=VERTEX_POINT('',#8992);
#2667=VERTEX_POINT('',#8994);
#2668=VERTEX_POINT('',#8996);
#2669=VERTEX_POINT('',#9009);
#2670=VERTEX_POINT('',#9015);
#2671=VERTEX_POINT('',#9032);
#2672=VERTEX_POINT('',#9038);
#2673=VERTEX_POINT('',#9055);
#2674=VERTEX_POINT('',#9061);
#2675=VERTEX_POINT('',#9078);
#2676=VERTEX_POINT('',#9084);
#2677=VERTEX_POINT('',#9101);
#2678=VERTEX_POINT('',#9107);
#2679=VERTEX_POINT('',#9115);
#2680=VERTEX_POINT('',#9117);
#2681=VERTEX_POINT('',#9121);
#2682=VERTEX_POINT('',#9123);
#2683=VERTEX_POINT('',#9127);
#2684=VERTEX_POINT('',#9129);
#2685=VERTEX_POINT('',#9142);
#2686=VERTEX_POINT('',#9148);
#2687=VERTEX_POINT('',#9165);
#2688=VERTEX_POINT('',#9171);
#2689=VERTEX_POINT('',#9188);
#2690=VERTEX_POINT('',#9194);
#2691=VERTEX_POINT('',#9211);
#2692=VERTEX_POINT('',#9217);
#2693=VERTEX_POINT('',#9234);
#2694=VERTEX_POINT('',#9240);
#2695=VERTEX_POINT('',#9248);
#2696=VERTEX_POINT('',#9250);
#2697=VERTEX_POINT('',#9254);
#2698=VERTEX_POINT('',#9256);
#2699=VERTEX_POINT('',#9260);
#2700=VERTEX_POINT('',#9262);
#2701=VERTEX_POINT('',#9279);
#2702=VERTEX_POINT('',#9280);
#2703=VERTEX_POINT('',#9286);
#2704=VERTEX_POINT('',#9288);
#2705=VERTEX_POINT('',#9305);
#2706=VERTEX_POINT('',#9311);
#2707=VERTEX_POINT('',#9328);
#2708=VERTEX_POINT('',#9334);
#2709=VERTEX_POINT('',#9351);
#2710=VERTEX_POINT('',#9357);
#2711=VERTEX_POINT('',#9374);
#2712=VERTEX_POINT('',#9380);
#2713=VERTEX_POINT('',#9397);
#2714=VERTEX_POINT('',#9403);
#2715=VERTEX_POINT('',#9420);
#2716=VERTEX_POINT('',#9426);
#2717=VERTEX_POINT('',#9443);
#2718=VERTEX_POINT('',#9449);
#2719=VERTEX_POINT('',#9466);
#2720=VERTEX_POINT('',#9472);
#2721=VERTEX_POINT('',#9489);
#2722=VERTEX_POINT('',#9495);
#2723=VERTEX_POINT('',#9512);
#2724=VERTEX_POINT('',#9518);
#2725=VERTEX_POINT('',#9535);
#2726=VERTEX_POINT('',#9541);
#2727=VERTEX_POINT('',#9558);
#2728=VERTEX_POINT('',#9564);
#2729=VERTEX_POINT('',#9581);
#2730=VERTEX_POINT('',#9587);
#2731=VERTEX_POINT('',#9595);
#2732=VERTEX_POINT('',#9597);
#2733=VERTEX_POINT('',#9610);
#2734=VERTEX_POINT('',#9616);
#2735=VERTEX_POINT('',#9633);
#2736=VERTEX_POINT('',#9639);
#2737=VERTEX_POINT('',#9656);
#2738=VERTEX_POINT('',#9662);
#2739=VERTEX_POINT('',#9679);
#2740=VERTEX_POINT('',#9685);
#2741=VERTEX_POINT('',#9702);
#2742=VERTEX_POINT('',#9708);
#2743=VERTEX_POINT('',#9725);
#2744=VERTEX_POINT('',#9731);
#2745=VERTEX_POINT('',#9748);
#2746=VERTEX_POINT('',#9754);
#2747=VERTEX_POINT('',#9771);
#2748=VERTEX_POINT('',#9777);
#2749=VERTEX_POINT('',#9794);
#2750=VERTEX_POINT('',#9800);
#2751=VERTEX_POINT('',#9817);
#2752=VERTEX_POINT('',#9823);
#2753=VERTEX_POINT('',#9840);
#2754=VERTEX_POINT('',#9846);
#2755=VERTEX_POINT('',#9863);
#2756=VERTEX_POINT('',#9869);
#2757=VERTEX_POINT('',#9886);
#2758=VERTEX_POINT('',#9892);
#2759=VERTEX_POINT('',#9909);
#2760=VERTEX_POINT('',#9915);
#2761=VERTEX_POINT('',#9932);
#2762=VERTEX_POINT('',#9938);
#2763=VERTEX_POINT('',#9955);
#2764=VERTEX_POINT('',#9961);
#2765=VERTEX_POINT('',#9969);
#2766=VERTEX_POINT('',#9971);
#2767=VERTEX_POINT('',#9996);
#2768=VERTEX_POINT('',#9997);
#2769=VERTEX_POINT('',#9999);
#2770=VERTEX_POINT('',#10001);
#2771=VERTEX_POINT('',#10005);
#2772=VERTEX_POINT('',#10007);
#2773=VERTEX_POINT('',#10011);
#2774=VERTEX_POINT('',#10013);
#2775=VERTEX_POINT('',#10017);
#2776=VERTEX_POINT('',#10019);
#2777=VERTEX_POINT('',#10023);
#2778=VERTEX_POINT('',#10025);
#2779=VERTEX_POINT('',#10029);
#2780=VERTEX_POINT('',#10031);
#2781=VERTEX_POINT('',#10035);
#2782=VERTEX_POINT('',#10037);
#2783=VERTEX_POINT('',#10041);
#2784=VERTEX_POINT('',#10043);
#2785=VERTEX_POINT('',#10047);
#2786=VERTEX_POINT('',#10049);
#2787=VERTEX_POINT('',#10053);
#2788=VERTEX_POINT('',#10055);
#2789=VERTEX_POINT('',#10059);
#2790=VERTEX_POINT('',#10061);
#2791=VERTEX_POINT('',#10078);
#2792=VERTEX_POINT('',#10079);
#2793=VERTEX_POINT('',#10085);
#2794=VERTEX_POINT('',#10087);
#2795=VERTEX_POINT('',#10104);
#2796=VERTEX_POINT('',#10110);
#2797=VERTEX_POINT('',#10127);
#2798=VERTEX_POINT('',#10133);
#2799=VERTEX_POINT('',#10150);
#2800=VERTEX_POINT('',#10156);
#2801=VERTEX_POINT('',#10173);
#2802=VERTEX_POINT('',#10179);
#2803=VERTEX_POINT('',#10196);
#2804=VERTEX_POINT('',#10202);
#2805=VERTEX_POINT('',#10219);
#2806=VERTEX_POINT('',#10225);
#2807=VERTEX_POINT('',#10233);
#2808=VERTEX_POINT('',#10235);
#2809=VERTEX_POINT('',#10248);
#2810=VERTEX_POINT('',#10254);
#2811=VERTEX_POINT('',#10271);
#2812=VERTEX_POINT('',#10277);
#2813=VERTEX_POINT('',#10294);
#2814=VERTEX_POINT('',#10300);
#2815=VERTEX_POINT('',#10317);
#2816=VERTEX_POINT('',#10323);
#2817=VERTEX_POINT('',#10340);
#2818=VERTEX_POINT('',#10346);
#2819=VERTEX_POINT('',#10363);
#2820=VERTEX_POINT('',#10369);
#2821=VERTEX_POINT('',#10386);
#2822=VERTEX_POINT('',#10392);
#2823=VERTEX_POINT('',#10409);
#2824=VERTEX_POINT('',#10415);
#2825=VERTEX_POINT('',#10432);
#2826=VERTEX_POINT('',#10438);
#2827=VERTEX_POINT('',#10446);
#2828=VERTEX_POINT('',#10448);
#2829=VERTEX_POINT('',#10482);
#2830=VERTEX_POINT('',#10483);
#2831=VERTEX_POINT('',#10489);
#2832=VERTEX_POINT('',#10491);
#2833=VERTEX_POINT('',#10508);
#2834=VERTEX_POINT('',#10514);
#2835=VERTEX_POINT('',#10531);
#2836=VERTEX_POINT('',#10537);
#2837=VERTEX_POINT('',#10554);
#2838=VERTEX_POINT('',#10560);
#2839=VERTEX_POINT('',#10577);
#2840=VERTEX_POINT('',#10583);
#2841=VERTEX_POINT('',#10600);
#2842=VERTEX_POINT('',#10606);
#2843=VERTEX_POINT('',#10623);
#2844=VERTEX_POINT('',#10629);
#2845=VERTEX_POINT('',#10657);
#2846=VERTEX_POINT('',#10658);
#2847=VERTEX_POINT('',#10660);
#2848=VERTEX_POINT('',#10662);
#2849=VERTEX_POINT('',#10675);
#2850=VERTEX_POINT('',#10681);
#2851=VERTEX_POINT('',#10698);
#2852=VERTEX_POINT('',#10704);
#2853=VERTEX_POINT('',#10721);
#2854=VERTEX_POINT('',#10727);
#2855=VERTEX_POINT('',#10744);
#2856=VERTEX_POINT('',#10750);
#2857=VERTEX_POINT('',#10767);
#2858=VERTEX_POINT('',#10773);
#2859=VERTEX_POINT('',#10790);
#2860=VERTEX_POINT('',#10796);
#2861=VERTEX_POINT('',#10813);
#2862=VERTEX_POINT('',#10819);
#2863=VERTEX_POINT('',#10836);
#2864=VERTEX_POINT('',#10842);
#2865=VERTEX_POINT('',#10859);
#2866=VERTEX_POINT('',#10865);
#2867=VERTEX_POINT('',#10882);
#2868=VERTEX_POINT('',#10888);
#2869=VERTEX_POINT('',#10896);
#2870=VERTEX_POINT('',#10898);
#2871=VERTEX_POINT('',#10902);
#2872=VERTEX_POINT('',#10904);
#2873=VERTEX_POINT('',#10908);
#2874=VERTEX_POINT('',#10910);
#2875=VERTEX_POINT('',#10927);
#2876=VERTEX_POINT('',#10928);
#2877=VERTEX_POINT('',#10934);
#2878=VERTEX_POINT('',#10936);
#2879=VERTEX_POINT('',#10953);
#2880=VERTEX_POINT('',#10959);
#2881=VERTEX_POINT('',#10976);
#2882=VERTEX_POINT('',#10982);
#2883=VERTEX_POINT('',#10999);
#2884=VERTEX_POINT('',#11005);
#2885=VERTEX_POINT('',#11022);
#2886=VERTEX_POINT('',#11028);
#2887=VERTEX_POINT('',#11045);
#2888=VERTEX_POINT('',#11051);
#2889=VERTEX_POINT('',#11068);
#2890=VERTEX_POINT('',#11074);
#2891=VERTEX_POINT('',#11091);
#2892=VERTEX_POINT('',#11097);
#2893=VERTEX_POINT('',#11114);
#2894=VERTEX_POINT('',#11120);
#2895=VERTEX_POINT('',#11131);
#2896=VERTEX_POINT('',#11132);
#2897=VERTEX_POINT('',#11134);
#2898=VERTEX_POINT('',#11136);
#2899=VERTEX_POINT('',#11149);
#2900=VERTEX_POINT('',#11155);
#2901=VERTEX_POINT('',#11172);
#2902=VERTEX_POINT('',#11178);
#2903=VERTEX_POINT('',#11186);
#2904=VERTEX_POINT('',#11188);
#2905=VERTEX_POINT('',#11201);
#2906=VERTEX_POINT('',#11207);
#2907=VERTEX_POINT('',#11224);
#2908=VERTEX_POINT('',#11230);
#2909=VERTEX_POINT('',#11247);
#2910=VERTEX_POINT('',#11253);
#2911=VERTEX_POINT('',#11270);
#2912=VERTEX_POINT('',#11276);
#2913=VERTEX_POINT('',#11293);
#2914=VERTEX_POINT('',#11299);
#2915=VERTEX_POINT('',#11316);
#2916=VERTEX_POINT('',#11322);
#2917=VERTEX_POINT('',#11339);
#2918=VERTEX_POINT('',#11345);
#2919=VERTEX_POINT('',#11353);
#2920=VERTEX_POINT('',#11355);
#2921=VERTEX_POINT('',#11368);
#2922=VERTEX_POINT('',#11374);
#2923=VERTEX_POINT('',#11391);
#2924=VERTEX_POINT('',#11397);
#2925=VERTEX_POINT('',#11414);
#2926=VERTEX_POINT('',#11420);
#2927=VERTEX_POINT('',#11437);
#2928=VERTEX_POINT('',#11443);
#2929=VERTEX_POINT('',#11460);
#2930=VERTEX_POINT('',#11466);
#2931=VERTEX_POINT('',#11483);
#2932=VERTEX_POINT('',#11489);
#2933=VERTEX_POINT('',#11506);
#2934=VERTEX_POINT('',#11512);
#2935=VERTEX_POINT('',#11529);
#2936=VERTEX_POINT('',#11535);
#2937=VERTEX_POINT('',#11552);
#2938=VERTEX_POINT('',#11558);
#2939=VERTEX_POINT('',#11575);
#2940=VERTEX_POINT('',#11581);
#2941=VERTEX_POINT('',#11598);
#2942=VERTEX_POINT('',#11604);
#2943=VERTEX_POINT('',#11621);
#2944=VERTEX_POINT('',#11627);
#2945=VERTEX_POINT('',#11644);
#2946=VERTEX_POINT('',#11650);
#2947=VERTEX_POINT('',#11667);
#2948=VERTEX_POINT('',#11673);
#2949=VERTEX_POINT('',#11702);
#2950=VERTEX_POINT('',#11703);
#2951=VERTEX_POINT('',#11705);
#2952=VERTEX_POINT('',#11707);
#2953=VERTEX_POINT('',#11711);
#2954=VERTEX_POINT('',#11713);
#2955=VERTEX_POINT('',#11717);
#2956=VERTEX_POINT('',#11719);
#2957=VERTEX_POINT('',#11723);
#2958=VERTEX_POINT('',#11725);
#2959=VERTEX_POINT('',#11729);
#2960=VERTEX_POINT('',#11731);
#2961=VERTEX_POINT('',#11735);
#2962=VERTEX_POINT('',#11737);
#2963=VERTEX_POINT('',#11741);
#2964=VERTEX_POINT('',#11743);
#2965=VERTEX_POINT('',#11747);
#2966=VERTEX_POINT('',#11749);
#2967=VERTEX_POINT('',#11753);
#2968=VERTEX_POINT('',#11755);
#2969=VERTEX_POINT('',#11759);
#2970=VERTEX_POINT('',#11761);
#2971=VERTEX_POINT('',#11765);
#2972=VERTEX_POINT('',#11767);
#2973=VERTEX_POINT('',#11784);
#2974=VERTEX_POINT('',#11785);
#2975=VERTEX_POINT('',#11791);
#2976=VERTEX_POINT('',#11793);
#2977=VERTEX_POINT('',#11810);
#2978=VERTEX_POINT('',#11816);
#2979=VERTEX_POINT('',#11833);
#2980=VERTEX_POINT('',#11839);
#2981=VERTEX_POINT('',#11856);
#2982=VERTEX_POINT('',#11862);
#2983=VERTEX_POINT('',#11879);
#2984=VERTEX_POINT('',#11885);
#2985=VERTEX_POINT('',#11902);
#2986=VERTEX_POINT('',#11908);
#2987=VERTEX_POINT('',#11925);
#2988=VERTEX_POINT('',#11931);
#2989=VERTEX_POINT('',#11948);
#2990=VERTEX_POINT('',#11954);
#2991=VERTEX_POINT('',#11971);
#2992=VERTEX_POINT('',#11977);
#2993=VERTEX_POINT('',#11988);
#2994=VERTEX_POINT('',#11989);
#2995=VERTEX_POINT('',#11991);
#2996=VERTEX_POINT('',#11993);
#2997=VERTEX_POINT('',#12006);
#2998=VERTEX_POINT('',#12012);
#2999=VERTEX_POINT('',#12029);
#3000=VERTEX_POINT('',#12035);
#3001=VERTEX_POINT('',#12043);
#3002=VERTEX_POINT('',#12045);
#3003=VERTEX_POINT('',#12058);
#3004=VERTEX_POINT('',#12064);
#3005=VERTEX_POINT('',#12081);
#3006=VERTEX_POINT('',#12087);
#3007=VERTEX_POINT('',#12104);
#3008=VERTEX_POINT('',#12110);
#3009=VERTEX_POINT('',#12127);
#3010=VERTEX_POINT('',#12133);
#3011=VERTEX_POINT('',#12150);
#3012=VERTEX_POINT('',#12156);
#3013=VERTEX_POINT('',#12173);
#3014=VERTEX_POINT('',#12179);
#3015=VERTEX_POINT('',#12196);
#3016=VERTEX_POINT('',#12202);
#3017=VERTEX_POINT('',#12210);
#3018=VERTEX_POINT('',#12212);
#3019=VERTEX_POINT('',#12225);
#3020=VERTEX_POINT('',#12231);
#3021=VERTEX_POINT('',#12248);
#3022=VERTEX_POINT('',#12254);
#3023=VERTEX_POINT('',#12271);
#3024=VERTEX_POINT('',#12277);
#3025=VERTEX_POINT('',#12294);
#3026=VERTEX_POINT('',#12300);
#3027=VERTEX_POINT('',#12317);
#3028=VERTEX_POINT('',#12323);
#3029=VERTEX_POINT('',#12340);
#3030=VERTEX_POINT('',#12346);
#3031=VERTEX_POINT('',#12363);
#3032=VERTEX_POINT('',#12369);
#3033=VERTEX_POINT('',#12386);
#3034=VERTEX_POINT('',#12392);
#3035=VERTEX_POINT('',#12409);
#3036=VERTEX_POINT('',#12415);
#3037=VERTEX_POINT('',#12432);
#3038=VERTEX_POINT('',#12438);
#3039=VERTEX_POINT('',#12455);
#3040=VERTEX_POINT('',#12461);
#3041=VERTEX_POINT('',#12478);
#3042=VERTEX_POINT('',#12484);
#3043=VERTEX_POINT('',#12501);
#3044=VERTEX_POINT('',#12507);
#3045=VERTEX_POINT('',#12524);
#3046=VERTEX_POINT('',#12530);
#3047=VERTEX_POINT('',#12568);
#3048=VERTEX_POINT('',#12569);
#3049=VERTEX_POINT('',#12575);
#3050=VERTEX_POINT('',#12577);
#3051=VERTEX_POINT('',#12594);
#3052=VERTEX_POINT('',#12600);
#3053=VERTEX_POINT('',#12617);
#3054=VERTEX_POINT('',#12623);
#3055=VERTEX_POINT('',#12640);
#3056=VERTEX_POINT('',#12646);
#3057=VERTEX_POINT('',#12663);
#3058=VERTEX_POINT('',#12669);
#3059=VERTEX_POINT('',#12686);
#3060=VERTEX_POINT('',#12692);
#3061=VERTEX_POINT('',#12709);
#3062=VERTEX_POINT('',#12715);
#3063=VERTEX_POINT('',#12743);
#3064=VERTEX_POINT('',#12744);
#3065=VERTEX_POINT('',#12746);
#3066=VERTEX_POINT('',#12748);
#3067=VERTEX_POINT('',#12752);
#3068=VERTEX_POINT('',#12754);
#3069=VERTEX_POINT('',#12758);
#3070=VERTEX_POINT('',#12760);
#3071=VERTEX_POINT('',#12773);
#3072=VERTEX_POINT('',#12779);
#3073=VERTEX_POINT('',#12796);
#3074=VERTEX_POINT('',#12802);
#3075=VERTEX_POINT('',#12819);
#3076=VERTEX_POINT('',#12825);
#3077=VERTEX_POINT('',#12842);
#3078=VERTEX_POINT('',#12848);
#3079=VERTEX_POINT('',#12865);
#3080=VERTEX_POINT('',#12871);
#3081=VERTEX_POINT('',#12888);
#3082=VERTEX_POINT('',#12894);
#3083=VERTEX_POINT('',#12911);
#3084=VERTEX_POINT('',#12917);
#3085=VERTEX_POINT('',#12934);
#3086=VERTEX_POINT('',#12940);
#3087=VERTEX_POINT('',#12957);
#3088=VERTEX_POINT('',#12963);
#3089=VERTEX_POINT('',#12971);
#3090=VERTEX_POINT('',#12973);
#3091=VERTEX_POINT('',#12990);
#3092=VERTEX_POINT('',#12991);
#3093=VERTEX_POINT('',#12997);
#3094=VERTEX_POINT('',#12999);
#3095=VERTEX_POINT('',#13016);
#3096=VERTEX_POINT('',#13022);
#3097=VERTEX_POINT('',#13039);
#3098=VERTEX_POINT('',#13045);
#3099=VERTEX_POINT('',#13053);
#3100=VERTEX_POINT('',#13055);
#3101=VERTEX_POINT('',#13059);
#3102=VERTEX_POINT('',#13061);
#3103=VERTEX_POINT('',#13065);
#3104=VERTEX_POINT('',#13067);
#3105=VERTEX_POINT('',#13080);
#3106=VERTEX_POINT('',#13086);
#3107=VERTEX_POINT('',#13103);
#3108=VERTEX_POINT('',#13109);
#3109=VERTEX_POINT('',#13117);
#3110=VERTEX_POINT('',#13119);
#3111=VERTEX_POINT('',#13123);
#3112=VERTEX_POINT('',#13125);
#3113=VERTEX_POINT('',#13129);
#3114=VERTEX_POINT('',#13131);
#3115=VERTEX_POINT('',#13144);
#3116=VERTEX_POINT('',#13150);
#3117=VERTEX_POINT('',#13167);
#3118=VERTEX_POINT('',#13173);
#3119=VERTEX_POINT('',#13190);
#3120=VERTEX_POINT('',#13196);
#3121=VERTEX_POINT('',#13213);
#3122=VERTEX_POINT('',#13219);
#3123=VERTEX_POINT('',#13236);
#3124=VERTEX_POINT('',#13242);
#3125=VERTEX_POINT('',#13250);
#3126=VERTEX_POINT('',#13252);
#3127=VERTEX_POINT('',#13277);
#3128=VERTEX_POINT('',#13278);
#3129=VERTEX_POINT('',#13280);
#3130=VERTEX_POINT('',#13282);
#3131=VERTEX_POINT('',#13295);
#3132=VERTEX_POINT('',#13301);
#3133=VERTEX_POINT('',#13318);
#3134=VERTEX_POINT('',#13324);
#3135=VERTEX_POINT('',#13341);
#3136=VERTEX_POINT('',#13347);
#3137=VERTEX_POINT('',#13364);
#3138=VERTEX_POINT('',#13370);
#3139=VERTEX_POINT('',#13387);
#3140=VERTEX_POINT('',#13393);
#3141=VERTEX_POINT('',#13401);
#3142=VERTEX_POINT('',#13403);
#3143=VERTEX_POINT('',#13407);
#3144=VERTEX_POINT('',#13409);
#3145=VERTEX_POINT('',#13413);
#3146=VERTEX_POINT('',#13415);
#3147=VERTEX_POINT('',#13428);
#3148=VERTEX_POINT('',#13434);
#3149=VERTEX_POINT('',#13451);
#3150=VERTEX_POINT('',#13457);
#3151=VERTEX_POINT('',#13474);
#3152=VERTEX_POINT('',#13480);
#3153=VERTEX_POINT('',#13497);
#3154=VERTEX_POINT('',#13503);
#3155=VERTEX_POINT('',#13520);
#3156=VERTEX_POINT('',#13526);
#3157=VERTEX_POINT('',#13534);
#3158=VERTEX_POINT('',#13536);
#3159=VERTEX_POINT('',#13540);
#3160=VERTEX_POINT('',#13542);
#3161=VERTEX_POINT('',#13546);
#3162=VERTEX_POINT('',#13548);
#3163=VERTEX_POINT('',#13556);
#3164=VERTEX_POINT('',#13557);
#3165=VERTEX_POINT('',#13559);
#3166=VERTEX_POINT('',#13561);
#3167=VERTEX_POINT('',#13565);
#3168=VERTEX_POINT('',#13567);
#3169=VERTEX_POINT('',#13571);
#3170=VERTEX_POINT('',#13573);
#3171=VERTEX_POINT('',#13577);
#3172=VERTEX_POINT('',#13579);
#3173=VERTEX_POINT('',#13583);
#3174=VERTEX_POINT('',#13585);
#3175=VERTEX_POINT('',#13589);
#3176=VERTEX_POINT('',#13591);
#3177=VERTEX_POINT('',#13595);
#3178=VERTEX_POINT('',#13597);
#3179=VERTEX_POINT('',#13601);
#3180=VERTEX_POINT('',#13603);
#3181=VERTEX_POINT('',#13607);
#3182=VERTEX_POINT('',#13609);
#3183=VERTEX_POINT('',#13622);
#3184=VERTEX_POINT('',#13628);
#3185=VERTEX_POINT('',#13645);
#3186=VERTEX_POINT('',#13651);
#3187=VERTEX_POINT('',#13659);
#3188=VERTEX_POINT('',#13661);
#3189=VERTEX_POINT('',#13665);
#3190=VERTEX_POINT('',#13667);
#3191=VERTEX_POINT('',#13671);
#3192=VERTEX_POINT('',#13673);
#3193=VERTEX_POINT('',#13681);
#3194=VERTEX_POINT('',#13682);
#3195=VERTEX_POINT('',#13684);
#3196=VERTEX_POINT('',#13686);
#3197=VERTEX_POINT('',#13688);
#3198=VERTEX_POINT('',#13690);
#3199=VERTEX_POINT('',#13692);
#3200=VERTEX_POINT('',#13694);
#3201=VERTEX_POINT('',#13696);
#3202=VERTEX_POINT('',#13698);
#3203=VERTEX_POINT('',#13700);
#3204=VERTEX_POINT('',#13702);
#3205=VERTEX_POINT('',#13705);
#3206=VERTEX_POINT('',#13706);
#3207=VERTEX_POINT('',#13708);
#3208=VERTEX_POINT('',#13710);
#3209=VERTEX_POINT('',#13712);
#3210=VERTEX_POINT('',#13714);
#3211=VERTEX_POINT('',#13716);
#3212=VERTEX_POINT('',#13718);
#3213=VERTEX_POINT('',#13721);
#3214=VERTEX_POINT('',#13723);
#3215=VERTEX_POINT('',#13725);
#3216=VERTEX_POINT('',#13727);
#3217=VERTEX_POINT('',#13728);
#3218=VERTEX_POINT('',#13730);
#3219=VERTEX_POINT('',#13732);
#3220=VERTEX_POINT('',#13734);
#3221=VERTEX_POINT('',#13736);
#3222=VERTEX_POINT('',#13738);
#3223=VERTEX_POINT('',#13740);
#3224=VERTEX_POINT('',#13743);
#3225=VERTEX_POINT('',#13744);
#3226=VERTEX_POINT('',#13746);
#3227=VERTEX_POINT('',#13748);
#3228=VERTEX_POINT('',#13750);
#3229=VERTEX_POINT('',#13752);
#3230=VERTEX_POINT('',#13754);
#3231=VERTEX_POINT('',#13756);
#3232=VERTEX_POINT('',#13759);
#3233=VERTEX_POINT('',#13760);
#3234=VERTEX_POINT('',#13762);
#3235=VERTEX_POINT('',#13764);
#3236=VERTEX_POINT('',#13766);
#3237=VERTEX_POINT('',#13768);
#3238=VERTEX_POINT('',#13770);
#3239=VERTEX_POINT('',#13772);
#3240=VERTEX_POINT('',#13775);
#3241=VERTEX_POINT('',#13782);
#3242=VERTEX_POINT('',#13783);
#3243=VERTEX_POINT('',#13789);
#3244=VERTEX_POINT('',#13793);
#3245=VERTEX_POINT('',#13797);
#3246=VERTEX_POINT('',#13798);
#3247=VERTEX_POINT('',#13803);
#3248=VERTEX_POINT('',#13807);
#3249=VERTEX_POINT('',#13808);
#3250=VERTEX_POINT('',#13815);
#3251=VERTEX_POINT('',#13817);
#3252=VERTEX_POINT('',#13821);
#3253=VERTEX_POINT('',#13825);
#3254=VERTEX_POINT('',#13829);
#3255=VERTEX_POINT('',#13833);
#3256=VERTEX_POINT('',#13837);
#3257=VERTEX_POINT('',#13841);
#3258=VERTEX_POINT('',#13847);
#3259=VERTEX_POINT('',#13851);
#3260=VERTEX_POINT('',#13855);
#3261=VERTEX_POINT('',#13859);
#3262=VERTEX_POINT('',#13861);
#3263=VERTEX_POINT('',#13865);
#3264=VERTEX_POINT('',#13869);
#3265=VERTEX_POINT('',#13873);
#3266=VERTEX_POINT('',#13877);
#3267=VERTEX_POINT('',#13881);
#3268=VERTEX_POINT('',#13885);
#3269=VERTEX_POINT('',#13891);
#3270=VERTEX_POINT('',#13893);
#3271=VERTEX_POINT('',#13897);
#3272=VERTEX_POINT('',#13901);
#3273=VERTEX_POINT('',#13905);
#3274=VERTEX_POINT('',#13909);
#3275=VERTEX_POINT('',#13913);
#3276=VERTEX_POINT('',#13917);
#3277=VERTEX_POINT('',#13923);
#3278=VERTEX_POINT('',#13925);
#3279=VERTEX_POINT('',#13929);
#3280=VERTEX_POINT('',#13933);
#3281=VERTEX_POINT('',#13937);
#3282=VERTEX_POINT('',#13941);
#3283=VERTEX_POINT('',#13945);
#3284=VERTEX_POINT('',#13949);
#3285=VERTEX_POINT('',#13955);
#3286=VERTEX_POINT('',#13959);
#3287=VERTEX_POINT('',#13965);
#3288=VERTEX_POINT('',#13969);
#3289=EDGE_CURVE('',#2591,#2592,#2161,.T.);
#3290=EDGE_CURVE('',#2591,#2593,#1023,.T.);
#3291=EDGE_CURVE('',#2593,#2594,#2162,.T.);
#3292=EDGE_CURVE('',#2592,#2594,#1024,.T.);
#3293=EDGE_CURVE('',#2595,#2591,#2163,.T.);
#3294=EDGE_CURVE('',#2595,#2596,#1025,.T.);
#3295=EDGE_CURVE('',#2596,#2593,#2164,.T.);
#3296=EDGE_CURVE('',#2597,#2595,#2165,.T.);
#3297=EDGE_CURVE('',#2597,#2598,#1026,.T.);
#3298=EDGE_CURVE('',#2598,#2596,#2166,.T.);
#3299=EDGE_CURVE('',#2599,#2597,#2167,.T.);
#3300=EDGE_CURVE('',#2599,#2600,#1027,.T.);
#3301=EDGE_CURVE('',#2600,#2598,#2168,.T.);
#3302=EDGE_CURVE('',#2601,#2599,#2169,.T.);
#3303=EDGE_CURVE('',#2601,#2602,#1028,.T.);
#3304=EDGE_CURVE('',#2602,#2600,#2170,.T.);
#3305=EDGE_CURVE('',#2603,#2601,#2171,.T.);
#3306=EDGE_CURVE('',#2603,#2604,#1029,.T.);
#3307=EDGE_CURVE('',#2604,#2602,#2172,.T.);
#3308=EDGE_CURVE('',#2605,#2603,#2173,.T.);
#3309=EDGE_CURVE('',#2605,#2606,#1030,.T.);
#3310=EDGE_CURVE('',#2606,#2604,#2174,.T.);
#3311=EDGE_CURVE('',#2607,#2605,#2175,.T.);
#3312=EDGE_CURVE('',#2607,#2608,#1031,.T.);
#3313=EDGE_CURVE('',#2608,#2606,#2176,.T.);
#3314=EDGE_CURVE('',#2609,#2607,#2177,.T.);
#3315=EDGE_CURVE('',#2609,#2610,#1032,.T.);
#3316=EDGE_CURVE('',#2610,#2608,#2178,.T.);
#3317=EDGE_CURVE('',#2592,#2609,#1033,.T.);
#3318=EDGE_CURVE('',#2594,#2610,#1034,.T.);
#3319=EDGE_CURVE('',#2611,#2612,#1035,.T.);
#3320=EDGE_CURVE('',#2611,#2613,#1036,.T.);
#3321=EDGE_CURVE('',#2613,#2614,#1037,.T.);
#3322=EDGE_CURVE('',#2612,#2614,#1038,.T.);
#3323=EDGE_CURVE('',#2615,#2611,#2179,.T.);
#3324=EDGE_CURVE('',#2615,#2616,#1039,.T.);
#3325=EDGE_CURVE('',#2616,#2613,#2180,.T.);
#3326=EDGE_CURVE('',#2617,#2615,#2181,.T.);
#3327=EDGE_CURVE('',#2617,#2618,#1040,.T.);
#3328=EDGE_CURVE('',#2618,#2616,#2182,.T.);
#3329=EDGE_CURVE('',#2619,#2617,#1041,.T.);
#3330=EDGE_CURVE('',#2619,#2620,#1042,.T.);
#3331=EDGE_CURVE('',#2620,#2618,#1043,.T.);
#3332=EDGE_CURVE('',#2621,#2619,#2183,.T.);
#3333=EDGE_CURVE('',#2621,#2622,#1044,.T.);
#3334=EDGE_CURVE('',#2622,#2620,#2184,.T.);
#3335=EDGE_CURVE('',#2623,#2621,#2185,.T.);
#3336=EDGE_CURVE('',#2623,#2624,#1045,.T.);
#3337=EDGE_CURVE('',#2624,#2622,#2186,.T.);
#3338=EDGE_CURVE('',#2625,#2623,#2187,.T.);
#3339=EDGE_CURVE('',#2625,#2626,#1046,.T.);
#3340=EDGE_CURVE('',#2626,#2624,#2188,.T.);
#3341=EDGE_CURVE('',#2627,#2625,#2189,.T.);
#3342=EDGE_CURVE('',#2627,#2628,#1047,.T.);
#3343=EDGE_CURVE('',#2628,#2626,#2190,.T.);
#3344=EDGE_CURVE('',#2629,#2627,#2191,.T.);
#3345=EDGE_CURVE('',#2629,#2630,#1048,.T.);
#3346=EDGE_CURVE('',#2630,#2628,#2192,.T.);
#3347=EDGE_CURVE('',#2631,#2629,#2193,.T.);
#3348=EDGE_CURVE('',#2631,#2632,#1049,.T.);
#3349=EDGE_CURVE('',#2632,#2630,#2194,.T.);
#3350=EDGE_CURVE('',#2633,#2631,#2195,.T.);
#3351=EDGE_CURVE('',#2633,#2634,#1050,.T.);
#3352=EDGE_CURVE('',#2634,#2632,#2196,.T.);
#3353=EDGE_CURVE('',#2635,#2633,#1051,.T.);
#3354=EDGE_CURVE('',#2635,#2636,#1052,.T.);
#3355=EDGE_CURVE('',#2636,#2634,#1053,.T.);
#3356=EDGE_CURVE('',#2637,#2635,#2197,.T.);
#3357=EDGE_CURVE('',#2637,#2638,#1054,.T.);
#3358=EDGE_CURVE('',#2638,#2636,#2198,.T.);
#3359=EDGE_CURVE('',#2639,#2637,#2199,.T.);
#3360=EDGE_CURVE('',#2639,#2640,#1055,.T.);
#3361=EDGE_CURVE('',#2640,#2638,#2200,.T.);
#3362=EDGE_CURVE('',#2641,#2639,#2201,.T.);
#3363=EDGE_CURVE('',#2641,#2642,#1056,.T.);
#3364=EDGE_CURVE('',#2642,#2640,#2202,.T.);
#3365=EDGE_CURVE('',#2643,#2641,#2203,.T.);
#3366=EDGE_CURVE('',#2643,#2644,#1057,.T.);
#3367=EDGE_CURVE('',#2644,#2642,#2204,.T.);
#3368=EDGE_CURVE('',#2645,#2643,#2205,.T.);
#3369=EDGE_CURVE('',#2645,#2646,#1058,.T.);
#3370=EDGE_CURVE('',#2646,#2644,#2206,.T.);
#3371=EDGE_CURVE('',#2647,#2645,#2207,.T.);
#3372=EDGE_CURVE('',#2647,#2648,#1059,.T.);
#3373=EDGE_CURVE('',#2648,#2646,#2208,.T.);
#3374=EDGE_CURVE('',#2649,#2647,#2209,.T.);
#3375=EDGE_CURVE('',#2649,#2650,#1060,.T.);
#3376=EDGE_CURVE('',#2650,#2648,#2210,.T.);
#3377=EDGE_CURVE('',#2651,#2649,#2211,.T.);
#3378=EDGE_CURVE('',#2651,#2652,#1061,.T.);
#3379=EDGE_CURVE('',#2652,#2650,#2212,.T.);
#3380=EDGE_CURVE('',#2653,#2651,#2213,.T.);
#3381=EDGE_CURVE('',#2653,#2654,#1062,.T.);
#3382=EDGE_CURVE('',#2654,#2652,#2214,.T.);
#3383=EDGE_CURVE('',#2655,#2653,#2215,.T.);
#3384=EDGE_CURVE('',#2655,#2656,#1063,.T.);
#3385=EDGE_CURVE('',#2656,#2654,#2216,.T.);
#3386=EDGE_CURVE('',#2657,#2655,#2217,.T.);
#3387=EDGE_CURVE('',#2657,#2658,#1064,.T.);
#3388=EDGE_CURVE('',#2658,#2656,#2218,.T.);
#3389=EDGE_CURVE('',#2659,#2657,#2219,.T.);
#3390=EDGE_CURVE('',#2659,#2660,#1065,.T.);
#3391=EDGE_CURVE('',#2660,#2658,#2220,.T.);
#3392=EDGE_CURVE('',#2661,#2659,#2221,.T.);
#3393=EDGE_CURVE('',#2661,#2662,#1066,.T.);
#3394=EDGE_CURVE('',#2662,#2660,#2222,.T.);
#3395=EDGE_CURVE('',#2663,#2661,#2223,.T.);
#3396=EDGE_CURVE('',#2663,#2664,#1067,.T.);
#3397=EDGE_CURVE('',#2664,#2662,#2224,.T.);
#3398=EDGE_CURVE('',#2612,#2663,#2225,.T.);
#3399=EDGE_CURVE('',#2614,#2664,#2226,.T.);
#3400=EDGE_CURVE('',#2665,#2666,#1068,.T.);
#3401=EDGE_CURVE('',#2665,#2667,#1069,.T.);
#3402=EDGE_CURVE('',#2667,#2668,#1070,.T.);
#3403=EDGE_CURVE('',#2666,#2668,#1071,.T.);
#3404=EDGE_CURVE('',#2669,#2665,#2227,.T.);
#3405=EDGE_CURVE('',#2669,#2670,#1072,.T.);
#3406=EDGE_CURVE('',#2670,#2667,#2228,.T.);
#3407=EDGE_CURVE('',#2671,#2669,#2229,.T.);
#3408=EDGE_CURVE('',#2671,#2672,#1073,.T.);
#3409=EDGE_CURVE('',#2672,#2670,#2230,.T.);
#3410=EDGE_CURVE('',#2673,#2671,#2231,.T.);
#3411=EDGE_CURVE('',#2673,#2674,#1074,.T.);
#3412=EDGE_CURVE('',#2674,#2672,#2232,.T.);
#3413=EDGE_CURVE('',#2675,#2673,#2233,.T.);
#3414=EDGE_CURVE('',#2675,#2676,#1075,.T.);
#3415=EDGE_CURVE('',#2676,#2674,#2234,.T.);
#3416=EDGE_CURVE('',#2677,#2675,#2235,.T.);
#3417=EDGE_CURVE('',#2677,#2678,#1076,.T.);
#3418=EDGE_CURVE('',#2678,#2676,#2236,.T.);
#3419=EDGE_CURVE('',#2679,#2677,#1077,.T.);
#3420=EDGE_CURVE('',#2679,#2680,#1078,.T.);
#3421=EDGE_CURVE('',#2680,#2678,#1079,.T.);
#3422=EDGE_CURVE('',#2681,#2679,#1080,.T.);
#3423=EDGE_CURVE('',#2681,#2682,#1081,.T.);
#3424=EDGE_CURVE('',#2682,#2680,#1082,.T.);
#3425=EDGE_CURVE('',#2683,#2681,#1083,.T.);
#3426=EDGE_CURVE('',#2683,#2684,#1084,.T.);
#3427=EDGE_CURVE('',#2684,#2682,#1085,.T.);
#3428=EDGE_CURVE('',#2685,#2683,#2237,.T.);
#3429=EDGE_CURVE('',#2685,#2686,#1086,.T.);
#3430=EDGE_CURVE('',#2686,#2684,#2238,.T.);
#3431=EDGE_CURVE('',#2687,#2685,#2239,.T.);
#3432=EDGE_CURVE('',#2687,#2688,#1087,.T.);
#3433=EDGE_CURVE('',#2688,#2686,#2240,.T.);
#3434=EDGE_CURVE('',#2689,#2687,#2241,.T.);
#3435=EDGE_CURVE('',#2689,#2690,#1088,.T.);
#3436=EDGE_CURVE('',#2690,#2688,#2242,.T.);
#3437=EDGE_CURVE('',#2691,#2689,#2243,.T.);
#3438=EDGE_CURVE('',#2691,#2692,#1089,.T.);
#3439=EDGE_CURVE('',#2692,#2690,#2244,.T.);
#3440=EDGE_CURVE('',#2693,#2691,#2245,.T.);
#3441=EDGE_CURVE('',#2693,#2694,#1090,.T.);
#3442=EDGE_CURVE('',#2694,#2692,#2246,.T.);
#3443=EDGE_CURVE('',#2695,#2693,#1091,.T.);
#3444=EDGE_CURVE('',#2695,#2696,#1092,.T.);
#3445=EDGE_CURVE('',#2696,#2694,#1093,.T.);
#3446=EDGE_CURVE('',#2697,#2695,#1094,.T.);
#3447=EDGE_CURVE('',#2697,#2698,#1095,.T.);
#3448=EDGE_CURVE('',#2698,#2696,#1096,.T.);
#3449=EDGE_CURVE('',#2699,#2697,#1097,.T.);
#3450=EDGE_CURVE('',#2699,#2700,#1098,.T.);
#3451=EDGE_CURVE('',#2700,#2698,#1099,.T.);
#3452=EDGE_CURVE('',#2666,#2699,#1100,.T.);
#3453=EDGE_CURVE('',#2668,#2700,#1101,.T.);
#3454=EDGE_CURVE('',#2701,#2702,#2247,.T.);
#3455=EDGE_CURVE('',#2701,#2703,#1102,.T.);
#3456=EDGE_CURVE('',#2703,#2704,#2248,.T.);
#3457=EDGE_CURVE('',#2702,#2704,#1103,.T.);
#3458=EDGE_CURVE('',#2705,#2701,#2249,.T.);
#3459=EDGE_CURVE('',#2705,#2706,#1104,.T.);
#3460=EDGE_CURVE('',#2706,#2703,#2250,.T.);
#3461=EDGE_CURVE('',#2707,#2705,#2251,.T.);
#3462=EDGE_CURVE('',#2707,#2708,#1105,.T.);
#3463=EDGE_CURVE('',#2708,#2706,#2252,.T.);
#3464=EDGE_CURVE('',#2709,#2707,#2253,.T.);
#3465=EDGE_CURVE('',#2709,#2710,#1106,.T.);
#3466=EDGE_CURVE('',#2710,#2708,#2254,.T.);
#3467=EDGE_CURVE('',#2711,#2709,#2255,.T.);
#3468=EDGE_CURVE('',#2711,#2712,#1107,.T.);
#3469=EDGE_CURVE('',#2712,#2710,#2256,.T.);
#3470=EDGE_CURVE('',#2713,#2711,#2257,.T.);
#3471=EDGE_CURVE('',#2713,#2714,#1108,.T.);
#3472=EDGE_CURVE('',#2714,#2712,#2258,.T.);
#3473=EDGE_CURVE('',#2715,#2713,#2259,.T.);
#3474=EDGE_CURVE('',#2715,#2716,#1109,.T.);
#3475=EDGE_CURVE('',#2716,#2714,#2260,.T.);
#3476=EDGE_CURVE('',#2717,#2715,#2261,.T.);
#3477=EDGE_CURVE('',#2717,#2718,#1110,.T.);
#3478=EDGE_CURVE('',#2718,#2716,#2262,.T.);
#3479=EDGE_CURVE('',#2719,#2717,#2263,.T.);
#3480=EDGE_CURVE('',#2719,#2720,#1111,.T.);
#3481=EDGE_CURVE('',#2720,#2718,#2264,.T.);
#3482=EDGE_CURVE('',#2721,#2719,#2265,.T.);
#3483=EDGE_CURVE('',#2721,#2722,#1112,.T.);
#3484=EDGE_CURVE('',#2722,#2720,#2266,.T.);
#3485=EDGE_CURVE('',#2723,#2721,#2267,.T.);
#3486=EDGE_CURVE('',#2723,#2724,#1113,.T.);
#3487=EDGE_CURVE('',#2724,#2722,#2268,.T.);
#3488=EDGE_CURVE('',#2725,#2723,#2269,.T.);
#3489=EDGE_CURVE('',#2725,#2726,#1114,.T.);
#3490=EDGE_CURVE('',#2726,#2724,#2270,.T.);
#3491=EDGE_CURVE('',#2727,#2725,#2271,.T.);
#3492=EDGE_CURVE('',#2727,#2728,#1115,.T.);
#3493=EDGE_CURVE('',#2728,#2726,#2272,.T.);
#3494=EDGE_CURVE('',#2729,#2727,#2273,.T.);
#3495=EDGE_CURVE('',#2729,#2730,#1116,.T.);
#3496=EDGE_CURVE('',#2730,#2728,#2274,.T.);
#3497=EDGE_CURVE('',#2731,#2729,#1117,.T.);
#3498=EDGE_CURVE('',#2731,#2732,#1118,.T.);
#3499=EDGE_CURVE('',#2732,#2730,#1119,.T.);
#3500=EDGE_CURVE('',#2733,#2731,#2275,.T.);
#3501=EDGE_CURVE('',#2733,#2734,#1120,.T.);
#3502=EDGE_CURVE('',#2734,#2732,#2276,.T.);
#3503=EDGE_CURVE('',#2735,#2733,#2277,.T.);
#3504=EDGE_CURVE('',#2735,#2736,#1121,.T.);
#3505=EDGE_CURVE('',#2736,#2734,#2278,.T.);
#3506=EDGE_CURVE('',#2737,#2735,#2279,.T.);
#3507=EDGE_CURVE('',#2737,#2738,#1122,.T.);
#3508=EDGE_CURVE('',#2738,#2736,#2280,.T.);
#3509=EDGE_CURVE('',#2739,#2737,#2281,.T.);
#3510=EDGE_CURVE('',#2739,#2740,#1123,.T.);
#3511=EDGE_CURVE('',#2740,#2738,#2282,.T.);
#3512=EDGE_CURVE('',#2741,#2739,#2283,.T.);
#3513=EDGE_CURVE('',#2741,#2742,#1124,.T.);
#3514=EDGE_CURVE('',#2742,#2740,#2284,.T.);
#3515=EDGE_CURVE('',#2743,#2741,#2285,.T.);
#3516=EDGE_CURVE('',#2743,#2744,#1125,.T.);
#3517=EDGE_CURVE('',#2744,#2742,#2286,.T.);
#3518=EDGE_CURVE('',#2745,#2743,#2287,.T.);
#3519=EDGE_CURVE('',#2745,#2746,#1126,.T.);
#3520=EDGE_CURVE('',#2746,#2744,#2288,.T.);
#3521=EDGE_CURVE('',#2747,#2745,#2289,.T.);
#3522=EDGE_CURVE('',#2747,#2748,#1127,.T.);
#3523=EDGE_CURVE('',#2748,#2746,#2290,.T.);
#3524=EDGE_CURVE('',#2749,#2747,#2291,.T.);
#3525=EDGE_CURVE('',#2749,#2750,#1128,.T.);
#3526=EDGE_CURVE('',#2750,#2748,#2292,.T.);
#3527=EDGE_CURVE('',#2751,#2749,#2293,.T.);
#3528=EDGE_CURVE('',#2751,#2752,#1129,.T.);
#3529=EDGE_CURVE('',#2752,#2750,#2294,.T.);
#3530=EDGE_CURVE('',#2753,#2751,#2295,.T.);
#3531=EDGE_CURVE('',#2753,#2754,#1130,.T.);
#3532=EDGE_CURVE('',#2754,#2752,#2296,.T.);
#3533=EDGE_CURVE('',#2755,#2753,#2297,.T.);
#3534=EDGE_CURVE('',#2755,#2756,#1131,.T.);
#3535=EDGE_CURVE('',#2756,#2754,#2298,.T.);
#3536=EDGE_CURVE('',#2757,#2755,#2299,.T.);
#3537=EDGE_CURVE('',#2757,#2758,#1132,.T.);
#3538=EDGE_CURVE('',#2758,#2756,#2300,.T.);
#3539=EDGE_CURVE('',#2759,#2757,#2301,.T.);
#3540=EDGE_CURVE('',#2759,#2760,#1133,.T.);
#3541=EDGE_CURVE('',#2760,#2758,#2302,.T.);
#3542=EDGE_CURVE('',#2761,#2759,#2303,.T.);
#3543=EDGE_CURVE('',#2761,#2762,#1134,.T.);
#3544=EDGE_CURVE('',#2762,#2760,#2304,.T.);
#3545=EDGE_CURVE('',#2763,#2761,#2305,.T.);
#3546=EDGE_CURVE('',#2763,#2764,#1135,.T.);
#3547=EDGE_CURVE('',#2764,#2762,#2306,.T.);
#3548=EDGE_CURVE('',#2765,#2763,#1136,.T.);
#3549=EDGE_CURVE('',#2765,#2766,#1137,.T.);
#3550=EDGE_CURVE('',#2766,#2764,#1138,.T.);
#3551=EDGE_CURVE('',#2702,#2765,#2307,.T.);
#3552=EDGE_CURVE('',#2704,#2766,#2308,.T.);
#3553=EDGE_CURVE('',#2767,#2768,#1139,.T.);
#3554=EDGE_CURVE('',#2767,#2769,#1140,.T.);
#3555=EDGE_CURVE('',#2769,#2770,#1141,.T.);
#3556=EDGE_CURVE('',#2768,#2770,#1142,.T.);
#3557=EDGE_CURVE('',#2771,#2767,#1143,.T.);
#3558=EDGE_CURVE('',#2771,#2772,#1144,.T.);
#3559=EDGE_CURVE('',#2772,#2769,#1145,.T.);
#3560=EDGE_CURVE('',#2773,#2771,#1146,.T.);
#3561=EDGE_CURVE('',#2773,#2774,#1147,.T.);
#3562=EDGE_CURVE('',#2774,#2772,#1148,.T.);
#3563=EDGE_CURVE('',#2775,#2773,#1149,.T.);
#3564=EDGE_CURVE('',#2775,#2776,#1150,.T.);
#3565=EDGE_CURVE('',#2776,#2774,#1151,.T.);
#3566=EDGE_CURVE('',#2777,#2775,#1152,.T.);
#3567=EDGE_CURVE('',#2777,#2778,#1153,.T.);
#3568=EDGE_CURVE('',#2778,#2776,#1154,.T.);
#3569=EDGE_CURVE('',#2779,#2777,#1155,.T.);
#3570=EDGE_CURVE('',#2779,#2780,#1156,.T.);
#3571=EDGE_CURVE('',#2780,#2778,#1157,.T.);
#3572=EDGE_CURVE('',#2781,#2779,#1158,.T.);
#3573=EDGE_CURVE('',#2781,#2782,#1159,.T.);
#3574=EDGE_CURVE('',#2782,#2780,#1160,.T.);
#3575=EDGE_CURVE('',#2783,#2781,#1161,.T.);
#3576=EDGE_CURVE('',#2783,#2784,#1162,.T.);
#3577=EDGE_CURVE('',#2784,#2782,#1163,.T.);
#3578=EDGE_CURVE('',#2785,#2783,#1164,.T.);
#3579=EDGE_CURVE('',#2785,#2786,#1165,.T.);
#3580=EDGE_CURVE('',#2786,#2784,#1166,.T.);
#3581=EDGE_CURVE('',#2787,#2785,#1167,.T.);
#3582=EDGE_CURVE('',#2787,#2788,#1168,.T.);
#3583=EDGE_CURVE('',#2788,#2786,#1169,.T.);
#3584=EDGE_CURVE('',#2789,#2787,#1170,.T.);
#3585=EDGE_CURVE('',#2789,#2790,#1171,.T.);
#3586=EDGE_CURVE('',#2790,#2788,#1172,.T.);
#3587=EDGE_CURVE('',#2768,#2789,#1173,.T.);
#3588=EDGE_CURVE('',#2770,#2790,#1174,.T.);
#3589=EDGE_CURVE('',#2791,#2792,#2309,.T.);
#3590=EDGE_CURVE('',#2791,#2793,#1175,.T.);
#3591=EDGE_CURVE('',#2793,#2794,#2310,.T.);
#3592=EDGE_CURVE('',#2792,#2794,#1176,.T.);
#3593=EDGE_CURVE('',#2795,#2791,#2311,.T.);
#3594=EDGE_CURVE('',#2795,#2796,#1177,.T.);
#3595=EDGE_CURVE('',#2796,#2793,#2312,.T.);
#3596=EDGE_CURVE('',#2797,#2795,#2313,.T.);
#3597=EDGE_CURVE('',#2797,#2798,#1178,.T.);
#3598=EDGE_CURVE('',#2798,#2796,#2314,.T.);
#3599=EDGE_CURVE('',#2799,#2797,#2315,.T.);
#3600=EDGE_CURVE('',#2799,#2800,#1179,.T.);
#3601=EDGE_CURVE('',#2800,#2798,#2316,.T.);
#3602=EDGE_CURVE('',#2801,#2799,#2317,.T.);
#3603=EDGE_CURVE('',#2801,#2802,#1180,.T.);
#3604=EDGE_CURVE('',#2802,#2800,#2318,.T.);
#3605=EDGE_CURVE('',#2803,#2801,#2319,.T.);
#3606=EDGE_CURVE('',#2803,#2804,#1181,.T.);
#3607=EDGE_CURVE('',#2804,#2802,#2320,.T.);
#3608=EDGE_CURVE('',#2805,#2803,#2321,.T.);
#3609=EDGE_CURVE('',#2805,#2806,#1182,.T.);
#3610=EDGE_CURVE('',#2806,#2804,#2322,.T.);
#3611=EDGE_CURVE('',#2807,#2805,#1183,.T.);
#3612=EDGE_CURVE('',#2807,#2808,#1184,.T.);
#3613=EDGE_CURVE('',#2808,#2806,#1185,.T.);
#3614=EDGE_CURVE('',#2809,#2807,#2323,.T.);
#3615=EDGE_CURVE('',#2809,#2810,#1186,.T.);
#3616=EDGE_CURVE('',#2810,#2808,#2324,.T.);
#3617=EDGE_CURVE('',#2811,#2809,#2325,.T.);
#3618=EDGE_CURVE('',#2811,#2812,#1187,.T.);
#3619=EDGE_CURVE('',#2812,#2810,#2326,.T.);
#3620=EDGE_CURVE('',#2813,#2811,#2327,.T.);
#3621=EDGE_CURVE('',#2813,#2814,#1188,.T.);
#3622=EDGE_CURVE('',#2814,#2812,#2328,.T.);
#3623=EDGE_CURVE('',#2815,#2813,#2329,.T.);
#3624=EDGE_CURVE('',#2815,#2816,#1189,.T.);
#3625=EDGE_CURVE('',#2816,#2814,#2330,.T.);
#3626=EDGE_CURVE('',#2817,#2815,#2331,.T.);
#3627=EDGE_CURVE('',#2817,#2818,#1190,.T.);
#3628=EDGE_CURVE('',#2818,#2816,#2332,.T.);
#3629=EDGE_CURVE('',#2819,#2817,#2333,.T.);
#3630=EDGE_CURVE('',#2819,#2820,#1191,.T.);
#3631=EDGE_CURVE('',#2820,#2818,#2334,.T.);
#3632=EDGE_CURVE('',#2821,#2819,#2335,.T.);
#3633=EDGE_CURVE('',#2821,#2822,#1192,.T.);
#3634=EDGE_CURVE('',#2822,#2820,#2336,.T.);
#3635=EDGE_CURVE('',#2823,#2821,#2337,.T.);
#3636=EDGE_CURVE('',#2823,#2824,#1193,.T.);
#3637=EDGE_CURVE('',#2824,#2822,#2338,.T.);
#3638=EDGE_CURVE('',#2825,#2823,#2339,.T.);
#3639=EDGE_CURVE('',#2825,#2826,#1194,.T.);
#3640=EDGE_CURVE('',#2826,#2824,#2340,.T.);
#3641=EDGE_CURVE('',#2827,#2825,#1195,.T.);
#3642=EDGE_CURVE('',#2827,#2828,#1196,.T.);
#3643=EDGE_CURVE('',#2828,#2826,#1197,.T.);
#3644=EDGE_CURVE('',#2792,#2827,#2341,.T.);
#3645=EDGE_CURVE('',#2794,#2828,#2342,.T.);
#3646=EDGE_CURVE('',#2829,#2830,#2343,.T.);
#3647=EDGE_CURVE('',#2829,#2831,#1198,.T.);
#3648=EDGE_CURVE('',#2831,#2832,#2344,.T.);
#3649=EDGE_CURVE('',#2830,#2832,#1199,.T.);
#3650=EDGE_CURVE('',#2833,#2829,#2345,.T.);
#3651=EDGE_CURVE('',#2833,#2834,#1200,.T.);
#3652=EDGE_CURVE('',#2834,#2831,#2346,.T.);
#3653=EDGE_CURVE('',#2835,#2833,#2347,.T.);
#3654=EDGE_CURVE('',#2835,#2836,#1201,.T.);
#3655=EDGE_CURVE('',#2836,#2834,#2348,.T.);
#3656=EDGE_CURVE('',#2837,#2835,#2349,.T.);
#3657=EDGE_CURVE('',#2837,#2838,#1202,.T.);
#3658=EDGE_CURVE('',#2838,#2836,#2350,.T.);
#3659=EDGE_CURVE('',#2839,#2837,#2351,.T.);
#3660=EDGE_CURVE('',#2839,#2840,#1203,.T.);
#3661=EDGE_CURVE('',#2840,#2838,#2352,.T.);
#3662=EDGE_CURVE('',#2841,#2839,#2353,.T.);
#3663=EDGE_CURVE('',#2841,#2842,#1204,.T.);
#3664=EDGE_CURVE('',#2842,#2840,#2354,.T.);
#3665=EDGE_CURVE('',#2843,#2841,#2355,.T.);
#3666=EDGE_CURVE('',#2843,#2844,#1205,.T.);
#3667=EDGE_CURVE('',#2844,#2842,#2356,.T.);
#3668=EDGE_CURVE('',#2830,#2843,#2357,.T.);
#3669=EDGE_CURVE('',#2832,#2844,#2358,.T.);
#3670=EDGE_CURVE('',#2845,#2846,#1206,.T.);
#3671=EDGE_CURVE('',#2845,#2847,#1207,.T.);
#3672=EDGE_CURVE('',#2847,#2848,#1208,.T.);
#3673=EDGE_CURVE('',#2846,#2848,#1209,.T.);
#3674=EDGE_CURVE('',#2849,#2845,#2359,.T.);
#3675=EDGE_CURVE('',#2849,#2850,#1210,.T.);
#3676=EDGE_CURVE('',#2850,#2847,#2360,.T.);
#3677=EDGE_CURVE('',#2851,#2849,#2361,.T.);
#3678=EDGE_CURVE('',#2851,#2852,#1211,.T.);
#3679=EDGE_CURVE('',#2852,#2850,#2362,.T.);
#3680=EDGE_CURVE('',#2853,#2851,#2363,.T.);
#3681=EDGE_CURVE('',#2853,#2854,#1212,.T.);
#3682=EDGE_CURVE('',#2854,#2852,#2364,.T.);
#3683=EDGE_CURVE('',#2855,#2853,#2365,.T.);
#3684=EDGE_CURVE('',#2855,#2856,#1213,.T.);
#3685=EDGE_CURVE('',#2856,#2854,#2366,.T.);
#3686=EDGE_CURVE('',#2857,#2855,#2367,.T.);
#3687=EDGE_CURVE('',#2857,#2858,#1214,.T.);
#3688=EDGE_CURVE('',#2858,#2856,#2368,.T.);
#3689=EDGE_CURVE('',#2859,#2857,#2369,.T.);
#3690=EDGE_CURVE('',#2859,#2860,#1215,.T.);
#3691=EDGE_CURVE('',#2860,#2858,#2370,.T.);
#3692=EDGE_CURVE('',#2861,#2859,#2371,.T.);
#3693=EDGE_CURVE('',#2861,#2862,#1216,.T.);
#3694=EDGE_CURVE('',#2862,#2860,#2372,.T.);
#3695=EDGE_CURVE('',#2863,#2861,#2373,.T.);
#3696=EDGE_CURVE('',#2863,#2864,#1217,.T.);
#3697=EDGE_CURVE('',#2864,#2862,#2374,.T.);
#3698=EDGE_CURVE('',#2865,#2863,#2375,.T.);
#3699=EDGE_CURVE('',#2865,#2866,#1218,.T.);
#3700=EDGE_CURVE('',#2866,#2864,#2376,.T.);
#3701=EDGE_CURVE('',#2867,#2865,#2377,.T.);
#3702=EDGE_CURVE('',#2867,#2868,#1219,.T.);
#3703=EDGE_CURVE('',#2868,#2866,#2378,.T.);
#3704=EDGE_CURVE('',#2869,#2867,#1220,.T.);
#3705=EDGE_CURVE('',#2869,#2870,#1221,.T.);
#3706=EDGE_CURVE('',#2870,#2868,#1222,.T.);
#3707=EDGE_CURVE('',#2871,#2869,#1223,.T.);
#3708=EDGE_CURVE('',#2871,#2872,#1224,.T.);
#3709=EDGE_CURVE('',#2872,#2870,#1225,.T.);
#3710=EDGE_CURVE('',#2873,#2871,#1226,.T.);
#3711=EDGE_CURVE('',#2873,#2874,#1227,.T.);
#3712=EDGE_CURVE('',#2874,#2872,#1228,.T.);
#3713=EDGE_CURVE('',#2846,#2873,#1229,.T.);
#3714=EDGE_CURVE('',#2848,#2874,#1230,.T.);
#3715=EDGE_CURVE('',#2875,#2876,#2379,.T.);
#3716=EDGE_CURVE('',#2875,#2877,#1231,.T.);
#3717=EDGE_CURVE('',#2877,#2878,#2380,.T.);
#3718=EDGE_CURVE('',#2876,#2878,#1232,.T.);
#3719=EDGE_CURVE('',#2879,#2875,#2381,.T.);
#3720=EDGE_CURVE('',#2879,#2880,#1233,.T.);
#3721=EDGE_CURVE('',#2880,#2877,#2382,.T.);
#3722=EDGE_CURVE('',#2881,#2879,#2383,.T.);
#3723=EDGE_CURVE('',#2881,#2882,#1234,.T.);
#3724=EDGE_CURVE('',#2882,#2880,#2384,.T.);
#3725=EDGE_CURVE('',#2883,#2881,#2385,.T.);
#3726=EDGE_CURVE('',#2883,#2884,#1235,.T.);
#3727=EDGE_CURVE('',#2884,#2882,#2386,.T.);
#3728=EDGE_CURVE('',#2885,#2883,#2387,.T.);
#3729=EDGE_CURVE('',#2885,#2886,#1236,.T.);
#3730=EDGE_CURVE('',#2886,#2884,#2388,.T.);
#3731=EDGE_CURVE('',#2887,#2885,#2389,.T.);
#3732=EDGE_CURVE('',#2887,#2888,#1237,.T.);
#3733=EDGE_CURVE('',#2888,#2886,#2390,.T.);
#3734=EDGE_CURVE('',#2889,#2887,#2391,.T.);
#3735=EDGE_CURVE('',#2889,#2890,#1238,.T.);
#3736=EDGE_CURVE('',#2890,#2888,#2392,.T.);
#3737=EDGE_CURVE('',#2891,#2889,#2393,.T.);
#3738=EDGE_CURVE('',#2891,#2892,#1239,.T.);
#3739=EDGE_CURVE('',#2892,#2890,#2394,.T.);
#3740=EDGE_CURVE('',#2893,#2891,#2395,.T.);
#3741=EDGE_CURVE('',#2893,#2894,#1240,.T.);
#3742=EDGE_CURVE('',#2894,#2892,#2396,.T.);
#3743=EDGE_CURVE('',#2876,#2893,#1241,.T.);
#3744=EDGE_CURVE('',#2878,#2894,#1242,.T.);
#3745=EDGE_CURVE('',#2895,#2896,#1243,.T.);
#3746=EDGE_CURVE('',#2895,#2897,#1244,.T.);
#3747=EDGE_CURVE('',#2897,#2898,#1245,.T.);
#3748=EDGE_CURVE('',#2896,#2898,#1246,.T.);
#3749=EDGE_CURVE('',#2899,#2895,#2397,.T.);
#3750=EDGE_CURVE('',#2899,#2900,#1247,.T.);
#3751=EDGE_CURVE('',#2900,#2897,#2398,.T.);
#3752=EDGE_CURVE('',#2901,#2899,#2399,.T.);
#3753=EDGE_CURVE('',#2901,#2902,#1248,.T.);
#3754=EDGE_CURVE('',#2902,#2900,#2400,.T.);
#3755=EDGE_CURVE('',#2903,#2901,#1249,.T.);
#3756=EDGE_CURVE('',#2903,#2904,#1250,.T.);
#3757=EDGE_CURVE('',#2904,#2902,#1251,.T.);
#3758=EDGE_CURVE('',#2905,#2903,#2401,.T.);
#3759=EDGE_CURVE('',#2905,#2906,#1252,.T.);
#3760=EDGE_CURVE('',#2906,#2904,#2402,.T.);
#3761=EDGE_CURVE('',#2907,#2905,#2403,.T.);
#3762=EDGE_CURVE('',#2907,#2908,#1253,.T.);
#3763=EDGE_CURVE('',#2908,#2906,#2404,.T.);
#3764=EDGE_CURVE('',#2909,#2907,#2405,.T.);
#3765=EDGE_CURVE('',#2909,#2910,#1254,.T.);
#3766=EDGE_CURVE('',#2910,#2908,#2406,.T.);
#3767=EDGE_CURVE('',#2911,#2909,#2407,.T.);
#3768=EDGE_CURVE('',#2911,#2912,#1255,.T.);
#3769=EDGE_CURVE('',#2912,#2910,#2408,.T.);
#3770=EDGE_CURVE('',#2913,#2911,#2409,.T.);
#3771=EDGE_CURVE('',#2913,#2914,#1256,.T.);
#3772=EDGE_CURVE('',#2914,#2912,#2410,.T.);
#3773=EDGE_CURVE('',#2915,#2913,#2411,.T.);
#3774=EDGE_CURVE('',#2915,#2916,#1257,.T.);
#3775=EDGE_CURVE('',#2916,#2914,#2412,.T.);
#3776=EDGE_CURVE('',#2917,#2915,#2413,.T.);
#3777=EDGE_CURVE('',#2917,#2918,#1258,.T.);
#3778=EDGE_CURVE('',#2918,#2916,#2414,.T.);
#3779=EDGE_CURVE('',#2919,#2917,#1259,.T.);
#3780=EDGE_CURVE('',#2919,#2920,#1260,.T.);
#3781=EDGE_CURVE('',#2920,#2918,#1261,.T.);
#3782=EDGE_CURVE('',#2921,#2919,#2415,.T.);
#3783=EDGE_CURVE('',#2921,#2922,#1262,.T.);
#3784=EDGE_CURVE('',#2922,#2920,#2416,.T.);
#3785=EDGE_CURVE('',#2923,#2921,#2417,.T.);
#3786=EDGE_CURVE('',#2923,#2924,#1263,.T.);
#3787=EDGE_CURVE('',#2924,#2922,#2418,.T.);
#3788=EDGE_CURVE('',#2925,#2923,#2419,.T.);
#3789=EDGE_CURVE('',#2925,#2926,#1264,.T.);
#3790=EDGE_CURVE('',#2926,#2924,#2420,.T.);
#3791=EDGE_CURVE('',#2927,#2925,#2421,.T.);
#3792=EDGE_CURVE('',#2927,#2928,#1265,.T.);
#3793=EDGE_CURVE('',#2928,#2926,#2422,.T.);
#3794=EDGE_CURVE('',#2929,#2927,#2423,.T.);
#3795=EDGE_CURVE('',#2929,#2930,#1266,.T.);
#3796=EDGE_CURVE('',#2930,#2928,#2424,.T.);
#3797=EDGE_CURVE('',#2931,#2929,#2425,.T.);
#3798=EDGE_CURVE('',#2931,#2932,#1267,.T.);
#3799=EDGE_CURVE('',#2932,#2930,#2426,.T.);
#3800=EDGE_CURVE('',#2933,#2931,#2427,.T.);
#3801=EDGE_CURVE('',#2933,#2934,#1268,.T.);
#3802=EDGE_CURVE('',#2934,#2932,#2428,.T.);
#3803=EDGE_CURVE('',#2935,#2933,#2429,.T.);
#3804=EDGE_CURVE('',#2935,#2936,#1269,.T.);
#3805=EDGE_CURVE('',#2936,#2934,#2430,.T.);
#3806=EDGE_CURVE('',#2937,#2935,#2431,.T.);
#3807=EDGE_CURVE('',#2937,#2938,#1270,.T.);
#3808=EDGE_CURVE('',#2938,#2936,#2432,.T.);
#3809=EDGE_CURVE('',#2939,#2937,#2433,.T.);
#3810=EDGE_CURVE('',#2939,#2940,#1271,.T.);
#3811=EDGE_CURVE('',#2940,#2938,#2434,.T.);
#3812=EDGE_CURVE('',#2941,#2939,#2435,.T.);
#3813=EDGE_CURVE('',#2941,#2942,#1272,.T.);
#3814=EDGE_CURVE('',#2942,#2940,#2436,.T.);
#3815=EDGE_CURVE('',#2943,#2941,#2437,.T.);
#3816=EDGE_CURVE('',#2943,#2944,#1273,.T.);
#3817=EDGE_CURVE('',#2944,#2942,#2438,.T.);
#3818=EDGE_CURVE('',#2945,#2943,#2439,.T.);
#3819=EDGE_CURVE('',#2945,#2946,#1274,.T.);
#3820=EDGE_CURVE('',#2946,#2944,#2440,.T.);
#3821=EDGE_CURVE('',#2947,#2945,#2441,.T.);
#3822=EDGE_CURVE('',#2947,#2948,#1275,.T.);
#3823=EDGE_CURVE('',#2948,#2946,#2442,.T.);
#3824=EDGE_CURVE('',#2896,#2947,#2443,.T.);
#3825=EDGE_CURVE('',#2898,#2948,#2444,.T.);
#3826=EDGE_CURVE('',#2949,#2950,#1276,.T.);
#3827=EDGE_CURVE('',#2949,#2951,#1277,.T.);
#3828=EDGE_CURVE('',#2951,#2952,#1278,.T.);
#3829=EDGE_CURVE('',#2950,#2952,#1279,.T.);
#3830=EDGE_CURVE('',#2953,#2949,#1280,.T.);
#3831=EDGE_CURVE('',#2953,#2954,#1281,.T.);
#3832=EDGE_CURVE('',#2954,#2951,#1282,.T.);
#3833=EDGE_CURVE('',#2955,#2953,#1283,.T.);
#3834=EDGE_CURVE('',#2955,#2956,#1284,.T.);
#3835=EDGE_CURVE('',#2956,#2954,#1285,.T.);
#3836=EDGE_CURVE('',#2957,#2955,#1286,.T.);
#3837=EDGE_CURVE('',#2957,#2958,#1287,.T.);
#3838=EDGE_CURVE('',#2958,#2956,#1288,.T.);
#3839=EDGE_CURVE('',#2959,#2957,#1289,.T.);
#3840=EDGE_CURVE('',#2959,#2960,#1290,.T.);
#3841=EDGE_CURVE('',#2960,#2958,#1291,.T.);
#3842=EDGE_CURVE('',#2961,#2959,#1292,.T.);
#3843=EDGE_CURVE('',#2961,#2962,#1293,.T.);
#3844=EDGE_CURVE('',#2962,#2960,#1294,.T.);
#3845=EDGE_CURVE('',#2963,#2961,#1295,.T.);
#3846=EDGE_CURVE('',#2963,#2964,#1296,.T.);
#3847=EDGE_CURVE('',#2964,#2962,#1297,.T.);
#3848=EDGE_CURVE('',#2965,#2963,#1298,.T.);
#3849=EDGE_CURVE('',#2965,#2966,#1299,.T.);
#3850=EDGE_CURVE('',#2966,#2964,#1300,.T.);
#3851=EDGE_CURVE('',#2967,#2965,#1301,.T.);
#3852=EDGE_CURVE('',#2967,#2968,#1302,.T.);
#3853=EDGE_CURVE('',#2968,#2966,#1303,.T.);
#3854=EDGE_CURVE('',#2969,#2967,#1304,.T.);
#3855=EDGE_CURVE('',#2969,#2970,#1305,.T.);
#3856=EDGE_CURVE('',#2970,#2968,#1306,.T.);
#3857=EDGE_CURVE('',#2971,#2969,#1307,.T.);
#3858=EDGE_CURVE('',#2971,#2972,#1308,.T.);
#3859=EDGE_CURVE('',#2972,#2970,#1309,.T.);
#3860=EDGE_CURVE('',#2950,#2971,#1310,.T.);
#3861=EDGE_CURVE('',#2952,#2972,#1311,.T.);
#3862=EDGE_CURVE('',#2973,#2974,#2445,.T.);
#3863=EDGE_CURVE('',#2973,#2975,#1312,.T.);
#3864=EDGE_CURVE('',#2975,#2976,#2446,.T.);
#3865=EDGE_CURVE('',#2974,#2976,#1313,.T.);
#3866=EDGE_CURVE('',#2977,#2973,#2447,.T.);
#3867=EDGE_CURVE('',#2977,#2978,#1314,.T.);
#3868=EDGE_CURVE('',#2978,#2975,#2448,.T.);
#3869=EDGE_CURVE('',#2979,#2977,#2449,.T.);
#3870=EDGE_CURVE('',#2979,#2980,#1315,.T.);
#3871=EDGE_CURVE('',#2980,#2978,#2450,.T.);
#3872=EDGE_CURVE('',#2981,#2979,#2451,.T.);
#3873=EDGE_CURVE('',#2981,#2982,#1316,.T.);
#3874=EDGE_CURVE('',#2982,#2980,#2452,.T.);
#3875=EDGE_CURVE('',#2983,#2981,#2453,.T.);
#3876=EDGE_CURVE('',#2983,#2984,#1317,.T.);
#3877=EDGE_CURVE('',#2984,#2982,#2454,.T.);
#3878=EDGE_CURVE('',#2985,#2983,#2455,.T.);
#3879=EDGE_CURVE('',#2985,#2986,#1318,.T.);
#3880=EDGE_CURVE('',#2986,#2984,#2456,.T.);
#3881=EDGE_CURVE('',#2987,#2985,#2457,.T.);
#3882=EDGE_CURVE('',#2987,#2988,#1319,.T.);
#3883=EDGE_CURVE('',#2988,#2986,#2458,.T.);
#3884=EDGE_CURVE('',#2989,#2987,#2459,.T.);
#3885=EDGE_CURVE('',#2989,#2990,#1320,.T.);
#3886=EDGE_CURVE('',#2990,#2988,#2460,.T.);
#3887=EDGE_CURVE('',#2991,#2989,#2461,.T.);
#3888=EDGE_CURVE('',#2991,#2992,#1321,.T.);
#3889=EDGE_CURVE('',#2992,#2990,#2462,.T.);
#3890=EDGE_CURVE('',#2974,#2991,#1322,.T.);
#3891=EDGE_CURVE('',#2976,#2992,#1323,.T.);
#3892=EDGE_CURVE('',#2993,#2994,#1324,.T.);
#3893=EDGE_CURVE('',#2993,#2995,#1325,.T.);
#3894=EDGE_CURVE('',#2995,#2996,#1326,.T.);
#3895=EDGE_CURVE('',#2994,#2996,#1327,.T.);
#3896=EDGE_CURVE('',#2997,#2993,#2463,.T.);
#3897=EDGE_CURVE('',#2997,#2998,#1328,.T.);
#3898=EDGE_CURVE('',#2998,#2995,#2464,.T.);
#3899=EDGE_CURVE('',#2999,#2997,#2465,.T.);
#3900=EDGE_CURVE('',#2999,#3000,#1329,.T.);
#3901=EDGE_CURVE('',#3000,#2998,#2466,.T.);
#3902=EDGE_CURVE('',#3001,#2999,#1330,.T.);
#3903=EDGE_CURVE('',#3001,#3002,#1331,.T.);
#3904=EDGE_CURVE('',#3002,#3000,#1332,.T.);
#3905=EDGE_CURVE('',#3003,#3001,#2467,.T.);
#3906=EDGE_CURVE('',#3003,#3004,#1333,.T.);
#3907=EDGE_CURVE('',#3004,#3002,#2468,.T.);
#3908=EDGE_CURVE('',#3005,#3003,#2469,.T.);
#3909=EDGE_CURVE('',#3005,#3006,#1334,.T.);
#3910=EDGE_CURVE('',#3006,#3004,#2470,.T.);
#3911=EDGE_CURVE('',#3007,#3005,#2471,.T.);
#3912=EDGE_CURVE('',#3007,#3008,#1335,.T.);
#3913=EDGE_CURVE('',#3008,#3006,#2472,.T.);
#3914=EDGE_CURVE('',#3009,#3007,#2473,.T.);
#3915=EDGE_CURVE('',#3009,#3010,#1336,.T.);
#3916=EDGE_CURVE('',#3010,#3008,#2474,.T.);
#3917=EDGE_CURVE('',#3011,#3009,#2475,.T.);
#3918=EDGE_CURVE('',#3011,#3012,#1337,.T.);
#3919=EDGE_CURVE('',#3012,#3010,#2476,.T.);
#3920=EDGE_CURVE('',#3013,#3011,#2477,.T.);
#3921=EDGE_CURVE('',#3013,#3014,#1338,.T.);
#3922=EDGE_CURVE('',#3014,#3012,#2478,.T.);
#3923=EDGE_CURVE('',#3015,#3013,#2479,.T.);
#3924=EDGE_CURVE('',#3015,#3016,#1339,.T.);
#3925=EDGE_CURVE('',#3016,#3014,#2480,.T.);
#3926=EDGE_CURVE('',#3017,#3015,#1340,.T.);
#3927=EDGE_CURVE('',#3017,#3018,#1341,.T.);
#3928=EDGE_CURVE('',#3018,#3016,#1342,.T.);
#3929=EDGE_CURVE('',#3019,#3017,#2481,.T.);
#3930=EDGE_CURVE('',#3019,#3020,#1343,.T.);
#3931=EDGE_CURVE('',#3020,#3018,#2482,.T.);
#3932=EDGE_CURVE('',#3021,#3019,#2483,.T.);
#3933=EDGE_CURVE('',#3021,#3022,#1344,.T.);
#3934=EDGE_CURVE('',#3022,#3020,#2484,.T.);
#3935=EDGE_CURVE('',#3023,#3021,#2485,.T.);
#3936=EDGE_CURVE('',#3023,#3024,#1345,.T.);
#3937=EDGE_CURVE('',#3024,#3022,#2486,.T.);
#3938=EDGE_CURVE('',#3025,#3023,#2487,.T.);
#3939=EDGE_CURVE('',#3025,#3026,#1346,.T.);
#3940=EDGE_CURVE('',#3026,#3024,#2488,.T.);
#3941=EDGE_CURVE('',#3027,#3025,#2489,.T.);
#3942=EDGE_CURVE('',#3027,#3028,#1347,.T.);
#3943=EDGE_CURVE('',#3028,#3026,#2490,.T.);
#3944=EDGE_CURVE('',#3029,#3027,#2491,.T.);
#3945=EDGE_CURVE('',#3029,#3030,#1348,.T.);
#3946=EDGE_CURVE('',#3030,#3028,#2492,.T.);
#3947=EDGE_CURVE('',#3031,#3029,#2493,.T.);
#3948=EDGE_CURVE('',#3031,#3032,#1349,.T.);
#3949=EDGE_CURVE('',#3032,#3030,#2494,.T.);
#3950=EDGE_CURVE('',#3033,#3031,#2495,.T.);
#3951=EDGE_CURVE('',#3033,#3034,#1350,.T.);
#3952=EDGE_CURVE('',#3034,#3032,#2496,.T.);
#3953=EDGE_CURVE('',#3035,#3033,#2497,.T.);
#3954=EDGE_CURVE('',#3035,#3036,#1351,.T.);
#3955=EDGE_CURVE('',#3036,#3034,#2498,.T.);
#3956=EDGE_CURVE('',#3037,#3035,#2499,.T.);
#3957=EDGE_CURVE('',#3037,#3038,#1352,.T.);
#3958=EDGE_CURVE('',#3038,#3036,#2500,.T.);
#3959=EDGE_CURVE('',#3039,#3037,#2501,.T.);
#3960=EDGE_CURVE('',#3039,#3040,#1353,.T.);
#3961=EDGE_CURVE('',#3040,#3038,#2502,.T.);
#3962=EDGE_CURVE('',#3041,#3039,#2503,.T.);
#3963=EDGE_CURVE('',#3041,#3042,#1354,.T.);
#3964=EDGE_CURVE('',#3042,#3040,#2504,.T.);
#3965=EDGE_CURVE('',#3043,#3041,#2505,.T.);
#3966=EDGE_CURVE('',#3043,#3044,#1355,.T.);
#3967=EDGE_CURVE('',#3044,#3042,#2506,.T.);
#3968=EDGE_CURVE('',#3045,#3043,#2507,.T.);
#3969=EDGE_CURVE('',#3045,#3046,#1356,.T.);
#3970=EDGE_CURVE('',#3046,#3044,#2508,.T.);
#3971=EDGE_CURVE('',#2994,#3045,#2509,.T.);
#3972=EDGE_CURVE('',#2996,#3046,#2510,.T.);
#3973=EDGE_CURVE('',#3047,#3048,#2511,.T.);
#3974=EDGE_CURVE('',#3047,#3049,#1357,.T.);
#3975=EDGE_CURVE('',#3049,#3050,#2512,.T.);
#3976=EDGE_CURVE('',#3048,#3050,#1358,.T.);
#3977=EDGE_CURVE('',#3051,#3047,#2513,.T.);
#3978=EDGE_CURVE('',#3051,#3052,#1359,.T.);
#3979=EDGE_CURVE('',#3052,#3049,#2514,.T.);
#3980=EDGE_CURVE('',#3053,#3051,#2515,.T.);
#3981=EDGE_CURVE('',#3053,#3054,#1360,.T.);
#3982=EDGE_CURVE('',#3054,#3052,#2516,.T.);
#3983=EDGE_CURVE('',#3055,#3053,#2517,.T.);
#3984=EDGE_CURVE('',#3055,#3056,#1361,.T.);
#3985=EDGE_CURVE('',#3056,#3054,#2518,.T.);
#3986=EDGE_CURVE('',#3057,#3055,#2519,.T.);
#3987=EDGE_CURVE('',#3057,#3058,#1362,.T.);
#3988=EDGE_CURVE('',#3058,#3056,#2520,.T.);
#3989=EDGE_CURVE('',#3059,#3057,#2521,.T.);
#3990=EDGE_CURVE('',#3059,#3060,#1363,.T.);
#3991=EDGE_CURVE('',#3060,#3058,#2522,.T.);
#3992=EDGE_CURVE('',#3061,#3059,#2523,.T.);
#3993=EDGE_CURVE('',#3061,#3062,#1364,.T.);
#3994=EDGE_CURVE('',#3062,#3060,#2524,.T.);
#3995=EDGE_CURVE('',#3048,#3061,#2525,.T.);
#3996=EDGE_CURVE('',#3050,#3062,#2526,.T.);
#3997=EDGE_CURVE('',#3063,#3064,#1365,.T.);
#3998=EDGE_CURVE('',#3063,#3065,#1366,.T.);
#3999=EDGE_CURVE('',#3065,#3066,#1367,.T.);
#4000=EDGE_CURVE('',#3064,#3066,#1368,.T.);
#4001=EDGE_CURVE('',#3067,#3063,#1369,.T.);
#4002=EDGE_CURVE('',#3067,#3068,#1370,.T.);
#4003=EDGE_CURVE('',#3068,#3065,#1371,.T.);
#4004=EDGE_CURVE('',#3069,#3067,#1372,.T.);
#4005=EDGE_CURVE('',#3069,#3070,#1373,.T.);
#4006=EDGE_CURVE('',#3070,#3068,#1374,.T.);
#4007=EDGE_CURVE('',#3071,#3069,#2527,.T.);
#4008=EDGE_CURVE('',#3071,#3072,#1375,.T.);
#4009=EDGE_CURVE('',#3072,#3070,#2528,.T.);
#4010=EDGE_CURVE('',#3073,#3071,#2529,.T.);
#4011=EDGE_CURVE('',#3073,#3074,#1376,.T.);
#4012=EDGE_CURVE('',#3074,#3072,#2530,.T.);
#4013=EDGE_CURVE('',#3075,#3073,#2531,.T.);
#4014=EDGE_CURVE('',#3075,#3076,#1377,.T.);
#4015=EDGE_CURVE('',#3076,#3074,#2532,.T.);
#4016=EDGE_CURVE('',#3077,#3075,#2533,.T.);
#4017=EDGE_CURVE('',#3077,#3078,#1378,.T.);
#4018=EDGE_CURVE('',#3078,#3076,#2534,.T.);
#4019=EDGE_CURVE('',#3079,#3077,#2535,.T.);
#4020=EDGE_CURVE('',#3079,#3080,#1379,.T.);
#4021=EDGE_CURVE('',#3080,#3078,#2536,.T.);
#4022=EDGE_CURVE('',#3081,#3079,#2537,.T.);
#4023=EDGE_CURVE('',#3081,#3082,#1380,.T.);
#4024=EDGE_CURVE('',#3082,#3080,#2538,.T.);
#4025=EDGE_CURVE('',#3083,#3081,#2539,.T.);
#4026=EDGE_CURVE('',#3083,#3084,#1381,.T.);
#4027=EDGE_CURVE('',#3084,#3082,#2540,.T.);
#4028=EDGE_CURVE('',#3085,#3083,#2541,.T.);
#4029=EDGE_CURVE('',#3085,#3086,#1382,.T.);
#4030=EDGE_CURVE('',#3086,#3084,#2542,.T.);
#4031=EDGE_CURVE('',#3087,#3085,#2543,.T.);
#4032=EDGE_CURVE('',#3087,#3088,#1383,.T.);
#4033=EDGE_CURVE('',#3088,#3086,#2544,.T.);
#4034=EDGE_CURVE('',#3089,#3087,#1384,.T.);
#4035=EDGE_CURVE('',#3089,#3090,#1385,.T.);
#4036=EDGE_CURVE('',#3090,#3088,#1386,.T.);
#4037=EDGE_CURVE('',#3064,#3089,#1387,.T.);
#4038=EDGE_CURVE('',#3066,#3090,#1388,.T.);
#4039=EDGE_CURVE('',#3091,#3092,#2545,.T.);
#4040=EDGE_CURVE('',#3091,#3093,#1389,.T.);
#4041=EDGE_CURVE('',#3093,#3094,#2546,.T.);
#4042=EDGE_CURVE('',#3092,#3094,#1390,.T.);
#4043=EDGE_CURVE('',#3095,#3091,#2547,.T.);
#4044=EDGE_CURVE('',#3095,#3096,#1391,.T.);
#4045=EDGE_CURVE('',#3096,#3093,#2548,.T.);
#4046=EDGE_CURVE('',#3097,#3095,#2549,.T.);
#4047=EDGE_CURVE('',#3097,#3098,#1392,.T.);
#4048=EDGE_CURVE('',#3098,#3096,#2550,.T.);
#4049=EDGE_CURVE('',#3099,#3097,#1393,.T.);
#4050=EDGE_CURVE('',#3099,#3100,#1394,.T.);
#4051=EDGE_CURVE('',#3100,#3098,#1395,.T.);
#4052=EDGE_CURVE('',#3101,#3099,#1396,.T.);
#4053=EDGE_CURVE('',#3101,#3102,#1397,.T.);
#4054=EDGE_CURVE('',#3102,#3100,#1398,.T.);
#4055=EDGE_CURVE('',#3103,#3101,#1399,.T.);
#4056=EDGE_CURVE('',#3103,#3104,#1400,.T.);
#4057=EDGE_CURVE('',#3104,#3102,#1401,.T.);
#4058=EDGE_CURVE('',#3105,#3103,#2551,.T.);
#4059=EDGE_CURVE('',#3105,#3106,#1402,.T.);
#4060=EDGE_CURVE('',#3106,#3104,#2552,.T.);
#4061=EDGE_CURVE('',#3107,#3105,#2553,.T.);
#4062=EDGE_CURVE('',#3107,#3108,#1403,.T.);
#4063=EDGE_CURVE('',#3108,#3106,#2554,.T.);
#4064=EDGE_CURVE('',#3109,#3107,#1404,.T.);
#4065=EDGE_CURVE('',#3109,#3110,#1405,.T.);
#4066=EDGE_CURVE('',#3110,#3108,#1406,.T.);
#4067=EDGE_CURVE('',#3111,#3109,#1407,.T.);
#4068=EDGE_CURVE('',#3111,#3112,#1408,.T.);
#4069=EDGE_CURVE('',#3112,#3110,#1409,.T.);
#4070=EDGE_CURVE('',#3113,#3111,#1410,.T.);
#4071=EDGE_CURVE('',#3113,#3114,#1411,.T.);
#4072=EDGE_CURVE('',#3114,#3112,#1412,.T.);
#4073=EDGE_CURVE('',#3115,#3113,#2555,.T.);
#4074=EDGE_CURVE('',#3115,#3116,#1413,.T.);
#4075=EDGE_CURVE('',#3116,#3114,#2556,.T.);
#4076=EDGE_CURVE('',#3117,#3115,#2557,.T.);
#4077=EDGE_CURVE('',#3117,#3118,#1414,.T.);
#4078=EDGE_CURVE('',#3118,#3116,#2558,.T.);
#4079=EDGE_CURVE('',#3119,#3117,#2559,.T.);
#4080=EDGE_CURVE('',#3119,#3120,#1415,.T.);
#4081=EDGE_CURVE('',#3120,#3118,#2560,.T.);
#4082=EDGE_CURVE('',#3121,#3119,#2561,.T.);
#4083=EDGE_CURVE('',#3121,#3122,#1416,.T.);
#4084=EDGE_CURVE('',#3122,#3120,#2562,.T.);
#4085=EDGE_CURVE('',#3123,#3121,#2563,.T.);
#4086=EDGE_CURVE('',#3123,#3124,#1417,.T.);
#4087=EDGE_CURVE('',#3124,#3122,#2564,.T.);
#4088=EDGE_CURVE('',#3125,#3123,#1418,.T.);
#4089=EDGE_CURVE('',#3125,#3126,#1419,.T.);
#4090=EDGE_CURVE('',#3126,#3124,#1420,.T.);
#4091=EDGE_CURVE('',#3092,#3125,#2565,.T.);
#4092=EDGE_CURVE('',#3094,#3126,#2566,.T.);
#4093=EDGE_CURVE('',#3127,#3128,#1421,.T.);
#4094=EDGE_CURVE('',#3127,#3129,#1422,.T.);
#4095=EDGE_CURVE('',#3129,#3130,#1423,.T.);
#4096=EDGE_CURVE('',#3128,#3130,#1424,.T.);
#4097=EDGE_CURVE('',#3131,#3127,#2567,.T.);
#4098=EDGE_CURVE('',#3131,#3132,#1425,.T.);
#4099=EDGE_CURVE('',#3132,#3129,#2568,.T.);
#4100=EDGE_CURVE('',#3133,#3131,#2569,.T.);
#4101=EDGE_CURVE('',#3133,#3134,#1426,.T.);
#4102=EDGE_CURVE('',#3134,#3132,#2570,.T.);
#4103=EDGE_CURVE('',#3135,#3133,#2571,.T.);
#4104=EDGE_CURVE('',#3135,#3136,#1427,.T.);
#4105=EDGE_CURVE('',#3136,#3134,#2572,.T.);
#4106=EDGE_CURVE('',#3137,#3135,#2573,.T.);
#4107=EDGE_CURVE('',#3137,#3138,#1428,.T.);
#4108=EDGE_CURVE('',#3138,#3136,#2574,.T.);
#4109=EDGE_CURVE('',#3139,#3137,#2575,.T.);
#4110=EDGE_CURVE('',#3139,#3140,#1429,.T.);
#4111=EDGE_CURVE('',#3140,#3138,#2576,.T.);
#4112=EDGE_CURVE('',#3141,#3139,#1430,.T.);
#4113=EDGE_CURVE('',#3141,#3142,#1431,.T.);
#4114=EDGE_CURVE('',#3142,#3140,#1432,.T.);
#4115=EDGE_CURVE('',#3143,#3141,#1433,.T.);
#4116=EDGE_CURVE('',#3143,#3144,#1434,.T.);
#4117=EDGE_CURVE('',#3144,#3142,#1435,.T.);
#4118=EDGE_CURVE('',#3145,#3143,#1436,.T.);
#4119=EDGE_CURVE('',#3145,#3146,#1437,.T.);
#4120=EDGE_CURVE('',#3146,#3144,#1438,.T.);
#4121=EDGE_CURVE('',#3147,#3145,#2577,.T.);
#4122=EDGE_CURVE('',#3147,#3148,#1439,.T.);
#4123=EDGE_CURVE('',#3148,#3146,#2578,.T.);
#4124=EDGE_CURVE('',#3149,#3147,#2579,.T.);
#4125=EDGE_CURVE('',#3149,#3150,#1440,.T.);
#4126=EDGE_CURVE('',#3150,#3148,#2580,.T.);
#4127=EDGE_CURVE('',#3151,#3149,#2581,.T.);
#4128=EDGE_CURVE('',#3151,#3152,#1441,.T.);
#4129=EDGE_CURVE('',#3152,#3150,#2582,.T.);
#4130=EDGE_CURVE('',#3153,#3151,#2583,.T.);
#4131=EDGE_CURVE('',#3153,#3154,#1442,.T.);
#4132=EDGE_CURVE('',#3154,#3152,#2584,.T.);
#4133=EDGE_CURVE('',#3155,#3153,#2585,.T.);
#4134=EDGE_CURVE('',#3155,#3156,#1443,.T.);
#4135=EDGE_CURVE('',#3156,#3154,#2586,.T.);
#4136=EDGE_CURVE('',#3157,#3155,#1444,.T.);
#4137=EDGE_CURVE('',#3157,#3158,#1445,.T.);
#4138=EDGE_CURVE('',#3158,#3156,#1446,.T.);
#4139=EDGE_CURVE('',#3159,#3157,#1447,.T.);
#4140=EDGE_CURVE('',#3159,#3160,#1448,.T.);
#4141=EDGE_CURVE('',#3160,#3158,#1449,.T.);
#4142=EDGE_CURVE('',#3161,#3159,#1450,.T.);
#4143=EDGE_CURVE('',#3161,#3162,#1451,.T.);
#4144=EDGE_CURVE('',#3162,#3160,#1452,.T.);
#4145=EDGE_CURVE('',#3128,#3161,#1453,.T.);
#4146=EDGE_CURVE('',#3130,#3162,#1454,.T.);
#4147=EDGE_CURVE('',#3163,#3164,#1455,.T.);
#4148=EDGE_CURVE('',#3163,#3165,#1456,.T.);
#4149=EDGE_CURVE('',#3165,#3166,#1457,.T.);
#4150=EDGE_CURVE('',#3164,#3166,#1458,.T.);
#4151=EDGE_CURVE('',#3167,#3163,#1459,.T.);
#4152=EDGE_CURVE('',#3167,#3168,#1460,.T.);
#4153=EDGE_CURVE('',#3168,#3165,#1461,.T.);
#4154=EDGE_CURVE('',#3169,#3167,#1462,.T.);
#4155=EDGE_CURVE('',#3169,#3170,#1463,.T.);
#4156=EDGE_CURVE('',#3170,#3168,#1464,.T.);
#4157=EDGE_CURVE('',#3171,#3169,#1465,.T.);
#4158=EDGE_CURVE('',#3171,#3172,#1466,.T.);
#4159=EDGE_CURVE('',#3172,#3170,#1467,.T.);
#4160=EDGE_CURVE('',#3173,#3171,#1468,.T.);
#4161=EDGE_CURVE('',#3173,#3174,#1469,.T.);
#4162=EDGE_CURVE('',#3174,#3172,#1470,.T.);
#4163=EDGE_CURVE('',#3175,#3173,#1471,.T.);
#4164=EDGE_CURVE('',#3175,#3176,#1472,.T.);
#4165=EDGE_CURVE('',#3176,#3174,#1473,.T.);
#4166=EDGE_CURVE('',#3177,#3175,#1474,.T.);
#4167=EDGE_CURVE('',#3177,#3178,#1475,.T.);
#4168=EDGE_CURVE('',#3178,#3176,#1476,.T.);
#4169=EDGE_CURVE('',#3179,#3177,#1477,.T.);
#4170=EDGE_CURVE('',#3179,#3180,#1478,.T.);
#4171=EDGE_CURVE('',#3180,#3178,#1479,.T.);
#4172=EDGE_CURVE('',#3181,#3179,#1480,.T.);
#4173=EDGE_CURVE('',#3181,#3182,#1481,.T.);
#4174=EDGE_CURVE('',#3182,#3180,#1482,.T.);
#4175=EDGE_CURVE('',#3183,#3181,#2587,.T.);
#4176=EDGE_CURVE('',#3183,#3184,#1483,.T.);
#4177=EDGE_CURVE('',#3184,#3182,#2588,.T.);
#4178=EDGE_CURVE('',#3185,#3183,#2589,.T.);
#4179=EDGE_CURVE('',#3185,#3186,#1484,.T.);
#4180=EDGE_CURVE('',#3186,#3184,#2590,.T.);
#4181=EDGE_CURVE('',#3187,#3185,#1485,.T.);
#4182=EDGE_CURVE('',#3187,#3188,#1486,.T.);
#4183=EDGE_CURVE('',#3188,#3186,#1487,.T.);
#4184=EDGE_CURVE('',#3189,#3187,#1488,.T.);
#4185=EDGE_CURVE('',#3189,#3190,#1489,.T.);
#4186=EDGE_CURVE('',#3190,#3188,#1490,.T.);
#4187=EDGE_CURVE('',#3191,#3189,#1491,.T.);
#4188=EDGE_CURVE('',#3191,#3192,#1492,.T.);
#4189=EDGE_CURVE('',#3192,#3190,#1493,.T.);
#4190=EDGE_CURVE('',#3164,#3191,#1494,.T.);
#4191=EDGE_CURVE('',#3166,#3192,#1495,.T.);
#4192=EDGE_CURVE('',#3193,#3194,#39,.T.);
#4193=EDGE_CURVE('',#3193,#3195,#1496,.T.);
#4194=EDGE_CURVE('',#3196,#3195,#40,.T.);
#4195=EDGE_CURVE('',#3196,#3197,#1497,.T.);
#4196=EDGE_CURVE('',#3197,#3198,#1498,.T.);
#4197=EDGE_CURVE('',#3198,#3199,#1499,.T.);
#4198=EDGE_CURVE('',#3199,#3200,#1500,.T.);
#4199=EDGE_CURVE('',#3200,#3201,#1501,.T.);
#4200=EDGE_CURVE('',#3202,#3201,#41,.T.);
#4201=EDGE_CURVE('',#3202,#3203,#1502,.T.);
#4202=EDGE_CURVE('',#3204,#3203,#42,.T.);
#4203=EDGE_CURVE('',#3204,#3194,#1503,.T.);
#4204=EDGE_CURVE('',#3205,#3206,#43,.T.);
#4205=EDGE_CURVE('',#3207,#3205,#1504,.T.);
#4206=EDGE_CURVE('',#3208,#3207,#44,.T.);
#4207=EDGE_CURVE('',#3209,#3208,#1505,.T.);
#4208=EDGE_CURVE('',#3210,#3209,#45,.T.);
#4209=EDGE_CURVE('',#3211,#3210,#1506,.T.);
#4210=EDGE_CURVE('',#3212,#3211,#46,.T.);
#4211=EDGE_CURVE('',#3206,#3212,#1507,.T.);
#4212=EDGE_CURVE('',#3213,#3213,#47,.T.);
#4213=EDGE_CURVE('',#3214,#3214,#48,.T.);
#4214=EDGE_CURVE('',#3215,#3215,#49,.T.);
#4215=EDGE_CURVE('',#3216,#3217,#50,.T.);
#4216=EDGE_CURVE('',#3218,#3216,#1508,.T.);
#4217=EDGE_CURVE('',#3219,#3218,#51,.T.);
#4218=EDGE_CURVE('',#3220,#3219,#1509,.T.);
#4219=EDGE_CURVE('',#3221,#3220,#52,.T.);
#4220=EDGE_CURVE('',#3222,#3221,#1510,.T.);
#4221=EDGE_CURVE('',#3223,#3222,#53,.T.);
#4222=EDGE_CURVE('',#3217,#3223,#1511,.T.);
#4223=EDGE_CURVE('',#3224,#3225,#54,.T.);
#4224=EDGE_CURVE('',#3226,#3224,#1512,.T.);
#4225=EDGE_CURVE('',#3227,#3226,#55,.T.);
#4226=EDGE_CURVE('',#3228,#3227,#1513,.T.);
#4227=EDGE_CURVE('',#3229,#3228,#56,.T.);
#4228=EDGE_CURVE('',#3230,#3229,#1514,.T.);
#4229=EDGE_CURVE('',#3231,#3230,#57,.T.);
#4230=EDGE_CURVE('',#3225,#3231,#1515,.T.);
#4231=EDGE_CURVE('',#3232,#3233,#58,.T.);
#4232=EDGE_CURVE('',#3234,#3232,#1516,.T.);
#4233=EDGE_CURVE('',#3235,#3234,#59,.T.);
#4234=EDGE_CURVE('',#3236,#3235,#1517,.T.);
#4235=EDGE_CURVE('',#3237,#3236,#60,.T.);
#4236=EDGE_CURVE('',#3238,#3237,#1518,.T.);
#4237=EDGE_CURVE('',#3239,#3238,#61,.T.);
#4238=EDGE_CURVE('',#3233,#3239,#1519,.T.);
#4239=EDGE_CURVE('',#3240,#3240,#62,.T.);
#4240=EDGE_CURVE('',#3241,#3242,#63,.T.);
#4241=EDGE_CURVE('',#3242,#3193,#1520,.T.);
#4242=EDGE_CURVE('',#3194,#3241,#1521,.T.);
#4243=EDGE_CURVE('',#3243,#3242,#1522,.T.);
#4244=EDGE_CURVE('',#3195,#3243,#1523,.T.);
#4245=EDGE_CURVE('',#3243,#3244,#64,.T.);
#4246=EDGE_CURVE('',#3244,#3196,#1524,.T.);
#4247=EDGE_CURVE('',#3245,#3246,#65,.T.);
#4248=EDGE_CURVE('',#3246,#3202,#1525,.T.);
#4249=EDGE_CURVE('',#3201,#3245,#1526,.T.);
#4250=EDGE_CURVE('',#3200,#3247,#1527,.T.);
#4251=EDGE_CURVE('',#3245,#3247,#1528,.T.);
#4252=EDGE_CURVE('',#3248,#3249,#66,.T.);
#4253=EDGE_CURVE('',#3249,#3204,#1529,.T.);
#4254=EDGE_CURVE('',#3203,#3248,#1530,.T.);
#4255=EDGE_CURVE('',#3241,#3249,#1531,.T.);
#4256=EDGE_CURVE('',#3205,#3250,#1532,.T.);
#4257=EDGE_CURVE('',#3251,#3250,#1533,.T.);
#4258=EDGE_CURVE('',#3207,#3251,#1534,.T.);
#4259=EDGE_CURVE('',#3252,#3251,#67,.T.);
#4260=EDGE_CURVE('',#3208,#3252,#1535,.T.);
#4261=EDGE_CURVE('',#3253,#3252,#1536,.T.);
#4262=EDGE_CURVE('',#3209,#3253,#1537,.T.);
#4263=EDGE_CURVE('',#3254,#3253,#68,.T.);
#4264=EDGE_CURVE('',#3210,#3254,#1538,.T.);
#4265=EDGE_CURVE('',#3255,#3254,#1539,.T.);
#4266=EDGE_CURVE('',#3211,#3255,#1540,.T.);
#4267=EDGE_CURVE('',#3256,#3255,#69,.T.);
#4268=EDGE_CURVE('',#3212,#3256,#1541,.T.);
#4269=EDGE_CURVE('',#3257,#3256,#1542,.T.);
#4270=EDGE_CURVE('',#3206,#3257,#1543,.T.);
#4271=EDGE_CURVE('',#3250,#3257,#70,.T.);
#4272=EDGE_CURVE('',#3258,#3258,#71,.T.);
#4273=EDGE_CURVE('',#3258,#3213,#1544,.T.);
#4274=EDGE_CURVE('',#3259,#3259,#72,.T.);
#4275=EDGE_CURVE('',#3259,#3214,#1545,.T.);
#4276=EDGE_CURVE('',#3260,#3260,#73,.T.);
#4277=EDGE_CURVE('',#3260,#3215,#1546,.T.);
#4278=EDGE_CURVE('',#3216,#3261,#1547,.T.);
#4279=EDGE_CURVE('',#3262,#3261,#1548,.T.);
#4280=EDGE_CURVE('',#3218,#3262,#1549,.T.);
#4281=EDGE_CURVE('',#3263,#3262,#74,.T.);
#4282=EDGE_CURVE('',#3219,#3263,#1550,.T.);
#4283=EDGE_CURVE('',#3264,#3263,#1551,.T.);
#4284=EDGE_CURVE('',#3220,#3264,#1552,.T.);
#4285=EDGE_CURVE('',#3265,#3264,#75,.T.);
#4286=EDGE_CURVE('',#3221,#3265,#1553,.T.);
#4287=EDGE_CURVE('',#3266,#3265,#1554,.T.);
#4288=EDGE_CURVE('',#3222,#3266,#1555,.T.);
#4289=EDGE_CURVE('',#3267,#3266,#76,.T.);
#4290=EDGE_CURVE('',#3223,#3267,#1556,.T.);
#4291=EDGE_CURVE('',#3268,#3267,#1557,.T.);
#4292=EDGE_CURVE('',#3217,#3268,#1558,.T.);
#4293=EDGE_CURVE('',#3261,#3268,#77,.T.);
#4294=EDGE_CURVE('',#3224,#3269,#1559,.T.);
#4295=EDGE_CURVE('',#3270,#3269,#1560,.T.);
#4296=EDGE_CURVE('',#3226,#3270,#1561,.T.);
#4297=EDGE_CURVE('',#3271,#3270,#78,.T.);
#4298=EDGE_CURVE('',#3227,#3271,#1562,.T.);
#4299=EDGE_CURVE('',#3272,#3271,#1563,.T.);
#4300=EDGE_CURVE('',#3228,#3272,#1564,.T.);
#4301=EDGE_CURVE('',#3273,#3272,#79,.T.);
#4302=EDGE_CURVE('',#3229,#3273,#1565,.T.);
#4303=EDGE_CURVE('',#3274,#3273,#1566,.T.);
#4304=EDGE_CURVE('',#3230,#3274,#1567,.T.);
#4305=EDGE_CURVE('',#3275,#3274,#80,.T.);
#4306=EDGE_CURVE('',#3231,#3275,#1568,.T.);
#4307=EDGE_CURVE('',#3276,#3275,#1569,.T.);
#4308=EDGE_CURVE('',#3225,#3276,#1570,.T.);
#4309=EDGE_CURVE('',#3269,#3276,#81,.T.);
#4310=EDGE_CURVE('',#3232,#3277,#1571,.T.);
#4311=EDGE_CURVE('',#3278,#3277,#1572,.T.);
#4312=EDGE_CURVE('',#3234,#3278,#1573,.T.);
#4313=EDGE_CURVE('',#3279,#3278,#82,.T.);
#4314=EDGE_CURVE('',#3235,#3279,#1574,.T.);
#4315=EDGE_CURVE('',#3280,#3279,#1575,.T.);
#4316=EDGE_CURVE('',#3236,#3280,#1576,.T.);
#4317=EDGE_CURVE('',#3281,#3280,#83,.T.);
#4318=EDGE_CURVE('',#3237,#3281,#1577,.T.);
#4319=EDGE_CURVE('',#3282,#3281,#1578,.T.);
#4320=EDGE_CURVE('',#3238,#3282,#1579,.T.);
#4321=EDGE_CURVE('',#3283,#3282,#84,.T.);
#4322=EDGE_CURVE('',#3239,#3283,#1580,.T.);
#4323=EDGE_CURVE('',#3284,#3283,#1581,.T.);
#4324=EDGE_CURVE('',#3233,#3284,#1582,.T.);
#4325=EDGE_CURVE('',#3277,#3284,#85,.T.);
#4326=EDGE_CURVE('',#3285,#3285,#86,.T.);
#4327=EDGE_CURVE('',#3285,#3240,#1583,.T.);
#4328=EDGE_CURVE('',#3199,#3286,#1584,.T.);
#4329=EDGE_CURVE('',#3247,#3286,#1585,.T.);
#4330=EDGE_CURVE('',#3248,#3246,#1586,.T.);
#4331=EDGE_CURVE('',#3287,#3244,#1587,.T.);
#4332=EDGE_CURVE('',#3197,#3287,#1588,.T.);
#4333=EDGE_CURVE('',#3288,#3287,#1589,.T.);
#4334=EDGE_CURVE('',#3198,#3288,#1590,.T.);
#4335=EDGE_CURVE('',#3286,#3288,#1591,.T.);
#4336=ORIENTED_EDGE('',*,*,#3289,.F.);
#4337=ORIENTED_EDGE('',*,*,#3290,.T.);
#4338=ORIENTED_EDGE('',*,*,#3291,.T.);
#4339=ORIENTED_EDGE('',*,*,#3292,.F.);
#4340=ORIENTED_EDGE('',*,*,#3293,.F.);
#4341=ORIENTED_EDGE('',*,*,#3294,.T.);
#4342=ORIENTED_EDGE('',*,*,#3295,.T.);
#4343=ORIENTED_EDGE('',*,*,#3290,.F.);
#4344=ORIENTED_EDGE('',*,*,#3296,.F.);
#4345=ORIENTED_EDGE('',*,*,#3297,.T.);
#4346=ORIENTED_EDGE('',*,*,#3298,.T.);
#4347=ORIENTED_EDGE('',*,*,#3294,.F.);
#4348=ORIENTED_EDGE('',*,*,#3299,.F.);
#4349=ORIENTED_EDGE('',*,*,#3300,.T.);
#4350=ORIENTED_EDGE('',*,*,#3301,.T.);
#4351=ORIENTED_EDGE('',*,*,#3297,.F.);
#4352=ORIENTED_EDGE('',*,*,#3302,.F.);
#4353=ORIENTED_EDGE('',*,*,#3303,.T.);
#4354=ORIENTED_EDGE('',*,*,#3304,.T.);
#4355=ORIENTED_EDGE('',*,*,#3300,.F.);
#4356=ORIENTED_EDGE('',*,*,#3305,.F.);
#4357=ORIENTED_EDGE('',*,*,#3306,.T.);
#4358=ORIENTED_EDGE('',*,*,#3307,.T.);
#4359=ORIENTED_EDGE('',*,*,#3303,.F.);
#4360=ORIENTED_EDGE('',*,*,#3308,.F.);
#4361=ORIENTED_EDGE('',*,*,#3309,.T.);
#4362=ORIENTED_EDGE('',*,*,#3310,.T.);
#4363=ORIENTED_EDGE('',*,*,#3306,.F.);
#4364=ORIENTED_EDGE('',*,*,#3311,.F.);
#4365=ORIENTED_EDGE('',*,*,#3312,.T.);
#4366=ORIENTED_EDGE('',*,*,#3313,.T.);
#4367=ORIENTED_EDGE('',*,*,#3309,.F.);
#4368=ORIENTED_EDGE('',*,*,#3314,.F.);
#4369=ORIENTED_EDGE('',*,*,#3315,.T.);
#4370=ORIENTED_EDGE('',*,*,#3316,.T.);
#4371=ORIENTED_EDGE('',*,*,#3312,.F.);
#4372=ORIENTED_EDGE('',*,*,#3317,.F.);
#4373=ORIENTED_EDGE('',*,*,#3292,.T.);
#4374=ORIENTED_EDGE('',*,*,#3318,.T.);
#4375=ORIENTED_EDGE('',*,*,#3315,.F.);
#4376=ORIENTED_EDGE('',*,*,#3319,.F.);
#4377=ORIENTED_EDGE('',*,*,#3320,.T.);
#4378=ORIENTED_EDGE('',*,*,#3321,.T.);
#4379=ORIENTED_EDGE('',*,*,#3322,.F.);
#4380=ORIENTED_EDGE('',*,*,#3323,.F.);
#4381=ORIENTED_EDGE('',*,*,#3324,.T.);
#4382=ORIENTED_EDGE('',*,*,#3325,.T.);
#4383=ORIENTED_EDGE('',*,*,#3320,.F.);
#4384=ORIENTED_EDGE('',*,*,#3326,.F.);
#4385=ORIENTED_EDGE('',*,*,#3327,.T.);
#4386=ORIENTED_EDGE('',*,*,#3328,.T.);
#4387=ORIENTED_EDGE('',*,*,#3324,.F.);
#4388=ORIENTED_EDGE('',*,*,#3329,.F.);
#4389=ORIENTED_EDGE('',*,*,#3330,.T.);
#4390=ORIENTED_EDGE('',*,*,#3331,.T.);
#4391=ORIENTED_EDGE('',*,*,#3327,.F.);
#4392=ORIENTED_EDGE('',*,*,#3332,.F.);
#4393=ORIENTED_EDGE('',*,*,#3333,.T.);
#4394=ORIENTED_EDGE('',*,*,#3334,.T.);
#4395=ORIENTED_EDGE('',*,*,#3330,.F.);
#4396=ORIENTED_EDGE('',*,*,#3335,.F.);
#4397=ORIENTED_EDGE('',*,*,#3336,.T.);
#4398=ORIENTED_EDGE('',*,*,#3337,.T.);
#4399=ORIENTED_EDGE('',*,*,#3333,.F.);
#4400=ORIENTED_EDGE('',*,*,#3338,.F.);
#4401=ORIENTED_EDGE('',*,*,#3339,.T.);
#4402=ORIENTED_EDGE('',*,*,#3340,.T.);
#4403=ORIENTED_EDGE('',*,*,#3336,.F.);
#4404=ORIENTED_EDGE('',*,*,#3341,.F.);
#4405=ORIENTED_EDGE('',*,*,#3342,.T.);
#4406=ORIENTED_EDGE('',*,*,#3343,.T.);
#4407=ORIENTED_EDGE('',*,*,#3339,.F.);
#4408=ORIENTED_EDGE('',*,*,#3344,.F.);
#4409=ORIENTED_EDGE('',*,*,#3345,.T.);
#4410=ORIENTED_EDGE('',*,*,#3346,.T.);
#4411=ORIENTED_EDGE('',*,*,#3342,.F.);
#4412=ORIENTED_EDGE('',*,*,#3347,.F.);
#4413=ORIENTED_EDGE('',*,*,#3348,.T.);
#4414=ORIENTED_EDGE('',*,*,#3349,.T.);
#4415=ORIENTED_EDGE('',*,*,#3345,.F.);
#4416=ORIENTED_EDGE('',*,*,#3350,.F.);
#4417=ORIENTED_EDGE('',*,*,#3351,.T.);
#4418=ORIENTED_EDGE('',*,*,#3352,.T.);
#4419=ORIENTED_EDGE('',*,*,#3348,.F.);
#4420=ORIENTED_EDGE('',*,*,#3353,.F.);
#4421=ORIENTED_EDGE('',*,*,#3354,.T.);
#4422=ORIENTED_EDGE('',*,*,#3355,.T.);
#4423=ORIENTED_EDGE('',*,*,#3351,.F.);
#4424=ORIENTED_EDGE('',*,*,#3356,.F.);
#4425=ORIENTED_EDGE('',*,*,#3357,.T.);
#4426=ORIENTED_EDGE('',*,*,#3358,.T.);
#4427=ORIENTED_EDGE('',*,*,#3354,.F.);
#4428=ORIENTED_EDGE('',*,*,#3359,.F.);
#4429=ORIENTED_EDGE('',*,*,#3360,.T.);
#4430=ORIENTED_EDGE('',*,*,#3361,.T.);
#4431=ORIENTED_EDGE('',*,*,#3357,.F.);
#4432=ORIENTED_EDGE('',*,*,#3362,.F.);
#4433=ORIENTED_EDGE('',*,*,#3363,.T.);
#4434=ORIENTED_EDGE('',*,*,#3364,.T.);
#4435=ORIENTED_EDGE('',*,*,#3360,.F.);
#4436=ORIENTED_EDGE('',*,*,#3365,.F.);
#4437=ORIENTED_EDGE('',*,*,#3366,.T.);
#4438=ORIENTED_EDGE('',*,*,#3367,.T.);
#4439=ORIENTED_EDGE('',*,*,#3363,.F.);
#4440=ORIENTED_EDGE('',*,*,#3368,.F.);
#4441=ORIENTED_EDGE('',*,*,#3369,.T.);
#4442=ORIENTED_EDGE('',*,*,#3370,.T.);
#4443=ORIENTED_EDGE('',*,*,#3366,.F.);
#4444=ORIENTED_EDGE('',*,*,#3371,.F.);
#4445=ORIENTED_EDGE('',*,*,#3372,.T.);
#4446=ORIENTED_EDGE('',*,*,#3373,.T.);
#4447=ORIENTED_EDGE('',*,*,#3369,.F.);
#4448=ORIENTED_EDGE('',*,*,#3374,.F.);
#4449=ORIENTED_EDGE('',*,*,#3375,.T.);
#4450=ORIENTED_EDGE('',*,*,#3376,.T.);
#4451=ORIENTED_EDGE('',*,*,#3372,.F.);
#4452=ORIENTED_EDGE('',*,*,#3377,.F.);
#4453=ORIENTED_EDGE('',*,*,#3378,.T.);
#4454=ORIENTED_EDGE('',*,*,#3379,.T.);
#4455=ORIENTED_EDGE('',*,*,#3375,.F.);
#4456=ORIENTED_EDGE('',*,*,#3380,.F.);
#4457=ORIENTED_EDGE('',*,*,#3381,.T.);
#4458=ORIENTED_EDGE('',*,*,#3382,.T.);
#4459=ORIENTED_EDGE('',*,*,#3378,.F.);
#4460=ORIENTED_EDGE('',*,*,#3383,.F.);
#4461=ORIENTED_EDGE('',*,*,#3384,.T.);
#4462=ORIENTED_EDGE('',*,*,#3385,.T.);
#4463=ORIENTED_EDGE('',*,*,#3381,.F.);
#4464=ORIENTED_EDGE('',*,*,#3386,.F.);
#4465=ORIENTED_EDGE('',*,*,#3387,.T.);
#4466=ORIENTED_EDGE('',*,*,#3388,.T.);
#4467=ORIENTED_EDGE('',*,*,#3384,.F.);
#4468=ORIENTED_EDGE('',*,*,#3389,.F.);
#4469=ORIENTED_EDGE('',*,*,#3390,.T.);
#4470=ORIENTED_EDGE('',*,*,#3391,.T.);
#4471=ORIENTED_EDGE('',*,*,#3387,.F.);
#4472=ORIENTED_EDGE('',*,*,#3392,.F.);
#4473=ORIENTED_EDGE('',*,*,#3393,.T.);
#4474=ORIENTED_EDGE('',*,*,#3394,.T.);
#4475=ORIENTED_EDGE('',*,*,#3390,.F.);
#4476=ORIENTED_EDGE('',*,*,#3395,.F.);
#4477=ORIENTED_EDGE('',*,*,#3396,.T.);
#4478=ORIENTED_EDGE('',*,*,#3397,.T.);
#4479=ORIENTED_EDGE('',*,*,#3393,.F.);
#4480=ORIENTED_EDGE('',*,*,#3398,.F.);
#4481=ORIENTED_EDGE('',*,*,#3322,.T.);
#4482=ORIENTED_EDGE('',*,*,#3399,.T.);
#4483=ORIENTED_EDGE('',*,*,#3396,.F.);
#4484=ORIENTED_EDGE('',*,*,#3399,.F.);
#4485=ORIENTED_EDGE('',*,*,#3321,.F.);
#4486=ORIENTED_EDGE('',*,*,#3325,.F.);
#4487=ORIENTED_EDGE('',*,*,#3328,.F.);
#4488=ORIENTED_EDGE('',*,*,#3331,.F.);
#4489=ORIENTED_EDGE('',*,*,#3334,.F.);
#4490=ORIENTED_EDGE('',*,*,#3337,.F.);
#4491=ORIENTED_EDGE('',*,*,#3340,.F.);
#4492=ORIENTED_EDGE('',*,*,#3343,.F.);
#4493=ORIENTED_EDGE('',*,*,#3346,.F.);
#4494=ORIENTED_EDGE('',*,*,#3349,.F.);
#4495=ORIENTED_EDGE('',*,*,#3352,.F.);
#4496=ORIENTED_EDGE('',*,*,#3355,.F.);
#4497=ORIENTED_EDGE('',*,*,#3358,.F.);
#4498=ORIENTED_EDGE('',*,*,#3361,.F.);
#4499=ORIENTED_EDGE('',*,*,#3364,.F.);
#4500=ORIENTED_EDGE('',*,*,#3367,.F.);
#4501=ORIENTED_EDGE('',*,*,#3370,.F.);
#4502=ORIENTED_EDGE('',*,*,#3373,.F.);
#4503=ORIENTED_EDGE('',*,*,#3376,.F.);
#4504=ORIENTED_EDGE('',*,*,#3379,.F.);
#4505=ORIENTED_EDGE('',*,*,#3382,.F.);
#4506=ORIENTED_EDGE('',*,*,#3385,.F.);
#4507=ORIENTED_EDGE('',*,*,#3388,.F.);
#4508=ORIENTED_EDGE('',*,*,#3391,.F.);
#4509=ORIENTED_EDGE('',*,*,#3394,.F.);
#4510=ORIENTED_EDGE('',*,*,#3397,.F.);
#4511=ORIENTED_EDGE('',*,*,#3318,.F.);
#4512=ORIENTED_EDGE('',*,*,#3291,.F.);
#4513=ORIENTED_EDGE('',*,*,#3295,.F.);
#4514=ORIENTED_EDGE('',*,*,#3298,.F.);
#4515=ORIENTED_EDGE('',*,*,#3301,.F.);
#4516=ORIENTED_EDGE('',*,*,#3304,.F.);
#4517=ORIENTED_EDGE('',*,*,#3307,.F.);
#4518=ORIENTED_EDGE('',*,*,#3310,.F.);
#4519=ORIENTED_EDGE('',*,*,#3313,.F.);
#4520=ORIENTED_EDGE('',*,*,#3316,.F.);
#4521=ORIENTED_EDGE('',*,*,#3400,.F.);
#4522=ORIENTED_EDGE('',*,*,#3401,.T.);
#4523=ORIENTED_EDGE('',*,*,#3402,.T.);
#4524=ORIENTED_EDGE('',*,*,#3403,.F.);
#4525=ORIENTED_EDGE('',*,*,#3404,.F.);
#4526=ORIENTED_EDGE('',*,*,#3405,.T.);
#4527=ORIENTED_EDGE('',*,*,#3406,.T.);
#4528=ORIENTED_EDGE('',*,*,#3401,.F.);
#4529=ORIENTED_EDGE('',*,*,#3407,.F.);
#4530=ORIENTED_EDGE('',*,*,#3408,.T.);
#4531=ORIENTED_EDGE('',*,*,#3409,.T.);
#4532=ORIENTED_EDGE('',*,*,#3405,.F.);
#4533=ORIENTED_EDGE('',*,*,#3410,.F.);
#4534=ORIENTED_EDGE('',*,*,#3411,.T.);
#4535=ORIENTED_EDGE('',*,*,#3412,.T.);
#4536=ORIENTED_EDGE('',*,*,#3408,.F.);
#4537=ORIENTED_EDGE('',*,*,#3413,.F.);
#4538=ORIENTED_EDGE('',*,*,#3414,.T.);
#4539=ORIENTED_EDGE('',*,*,#3415,.T.);
#4540=ORIENTED_EDGE('',*,*,#3411,.F.);
#4541=ORIENTED_EDGE('',*,*,#3416,.F.);
#4542=ORIENTED_EDGE('',*,*,#3417,.T.);
#4543=ORIENTED_EDGE('',*,*,#3418,.T.);
#4544=ORIENTED_EDGE('',*,*,#3414,.F.);
#4545=ORIENTED_EDGE('',*,*,#3419,.F.);
#4546=ORIENTED_EDGE('',*,*,#3420,.T.);
#4547=ORIENTED_EDGE('',*,*,#3421,.T.);
#4548=ORIENTED_EDGE('',*,*,#3417,.F.);
#4549=ORIENTED_EDGE('',*,*,#3422,.F.);
#4550=ORIENTED_EDGE('',*,*,#3423,.T.);
#4551=ORIENTED_EDGE('',*,*,#3424,.T.);
#4552=ORIENTED_EDGE('',*,*,#3420,.F.);
#4553=ORIENTED_EDGE('',*,*,#3425,.F.);
#4554=ORIENTED_EDGE('',*,*,#3426,.T.);
#4555=ORIENTED_EDGE('',*,*,#3427,.T.);
#4556=ORIENTED_EDGE('',*,*,#3423,.F.);
#4557=ORIENTED_EDGE('',*,*,#3428,.F.);
#4558=ORIENTED_EDGE('',*,*,#3429,.T.);
#4559=ORIENTED_EDGE('',*,*,#3430,.T.);
#4560=ORIENTED_EDGE('',*,*,#3426,.F.);
#4561=ORIENTED_EDGE('',*,*,#3431,.F.);
#4562=ORIENTED_EDGE('',*,*,#3432,.T.);
#4563=ORIENTED_EDGE('',*,*,#3433,.T.);
#4564=ORIENTED_EDGE('',*,*,#3429,.F.);
#4565=ORIENTED_EDGE('',*,*,#3434,.F.);
#4566=ORIENTED_EDGE('',*,*,#3435,.T.);
#4567=ORIENTED_EDGE('',*,*,#3436,.T.);
#4568=ORIENTED_EDGE('',*,*,#3432,.F.);
#4569=ORIENTED_EDGE('',*,*,#3437,.F.);
#4570=ORIENTED_EDGE('',*,*,#3438,.T.);
#4571=ORIENTED_EDGE('',*,*,#3439,.T.);
#4572=ORIENTED_EDGE('',*,*,#3435,.F.);
#4573=ORIENTED_EDGE('',*,*,#3440,.F.);
#4574=ORIENTED_EDGE('',*,*,#3441,.T.);
#4575=ORIENTED_EDGE('',*,*,#3442,.T.);
#4576=ORIENTED_EDGE('',*,*,#3438,.F.);
#4577=ORIENTED_EDGE('',*,*,#3443,.F.);
#4578=ORIENTED_EDGE('',*,*,#3444,.T.);
#4579=ORIENTED_EDGE('',*,*,#3445,.T.);
#4580=ORIENTED_EDGE('',*,*,#3441,.F.);
#4581=ORIENTED_EDGE('',*,*,#3446,.F.);
#4582=ORIENTED_EDGE('',*,*,#3447,.T.);
#4583=ORIENTED_EDGE('',*,*,#3448,.T.);
#4584=ORIENTED_EDGE('',*,*,#3444,.F.);
#4585=ORIENTED_EDGE('',*,*,#3449,.F.);
#4586=ORIENTED_EDGE('',*,*,#3450,.T.);
#4587=ORIENTED_EDGE('',*,*,#3451,.T.);
#4588=ORIENTED_EDGE('',*,*,#3447,.F.);
#4589=ORIENTED_EDGE('',*,*,#3452,.F.);
#4590=ORIENTED_EDGE('',*,*,#3403,.T.);
#4591=ORIENTED_EDGE('',*,*,#3453,.T.);
#4592=ORIENTED_EDGE('',*,*,#3450,.F.);
#4593=ORIENTED_EDGE('',*,*,#3453,.F.);
#4594=ORIENTED_EDGE('',*,*,#3402,.F.);
#4595=ORIENTED_EDGE('',*,*,#3406,.F.);
#4596=ORIENTED_EDGE('',*,*,#3409,.F.);
#4597=ORIENTED_EDGE('',*,*,#3412,.F.);
#4598=ORIENTED_EDGE('',*,*,#3415,.F.);
#4599=ORIENTED_EDGE('',*,*,#3418,.F.);
#4600=ORIENTED_EDGE('',*,*,#3421,.F.);
#4601=ORIENTED_EDGE('',*,*,#3424,.F.);
#4602=ORIENTED_EDGE('',*,*,#3427,.F.);
#4603=ORIENTED_EDGE('',*,*,#3430,.F.);
#4604=ORIENTED_EDGE('',*,*,#3433,.F.);
#4605=ORIENTED_EDGE('',*,*,#3436,.F.);
#4606=ORIENTED_EDGE('',*,*,#3439,.F.);
#4607=ORIENTED_EDGE('',*,*,#3442,.F.);
#4608=ORIENTED_EDGE('',*,*,#3445,.F.);
#4609=ORIENTED_EDGE('',*,*,#3448,.F.);
#4610=ORIENTED_EDGE('',*,*,#3451,.F.);
#4611=ORIENTED_EDGE('',*,*,#3454,.F.);
#4612=ORIENTED_EDGE('',*,*,#3455,.T.);
#4613=ORIENTED_EDGE('',*,*,#3456,.T.);
#4614=ORIENTED_EDGE('',*,*,#3457,.F.);
#4615=ORIENTED_EDGE('',*,*,#3458,.F.);
#4616=ORIENTED_EDGE('',*,*,#3459,.T.);
#4617=ORIENTED_EDGE('',*,*,#3460,.T.);
#4618=ORIENTED_EDGE('',*,*,#3455,.F.);
#4619=ORIENTED_EDGE('',*,*,#3461,.F.);
#4620=ORIENTED_EDGE('',*,*,#3462,.T.);
#4621=ORIENTED_EDGE('',*,*,#3463,.T.);
#4622=ORIENTED_EDGE('',*,*,#3459,.F.);
#4623=ORIENTED_EDGE('',*,*,#3464,.F.);
#4624=ORIENTED_EDGE('',*,*,#3465,.T.);
#4625=ORIENTED_EDGE('',*,*,#3466,.T.);
#4626=ORIENTED_EDGE('',*,*,#3462,.F.);
#4627=ORIENTED_EDGE('',*,*,#3467,.F.);
#4628=ORIENTED_EDGE('',*,*,#3468,.T.);
#4629=ORIENTED_EDGE('',*,*,#3469,.T.);
#4630=ORIENTED_EDGE('',*,*,#3465,.F.);
#4631=ORIENTED_EDGE('',*,*,#3470,.F.);
#4632=ORIENTED_EDGE('',*,*,#3471,.T.);
#4633=ORIENTED_EDGE('',*,*,#3472,.T.);
#4634=ORIENTED_EDGE('',*,*,#3468,.F.);
#4635=ORIENTED_EDGE('',*,*,#3473,.F.);
#4636=ORIENTED_EDGE('',*,*,#3474,.T.);
#4637=ORIENTED_EDGE('',*,*,#3475,.T.);
#4638=ORIENTED_EDGE('',*,*,#3471,.F.);
#4639=ORIENTED_EDGE('',*,*,#3476,.F.);
#4640=ORIENTED_EDGE('',*,*,#3477,.T.);
#4641=ORIENTED_EDGE('',*,*,#3478,.T.);
#4642=ORIENTED_EDGE('',*,*,#3474,.F.);
#4643=ORIENTED_EDGE('',*,*,#3479,.F.);
#4644=ORIENTED_EDGE('',*,*,#3480,.T.);
#4645=ORIENTED_EDGE('',*,*,#3481,.T.);
#4646=ORIENTED_EDGE('',*,*,#3477,.F.);
#4647=ORIENTED_EDGE('',*,*,#3482,.F.);
#4648=ORIENTED_EDGE('',*,*,#3483,.T.);
#4649=ORIENTED_EDGE('',*,*,#3484,.T.);
#4650=ORIENTED_EDGE('',*,*,#3480,.F.);
#4651=ORIENTED_EDGE('',*,*,#3485,.F.);
#4652=ORIENTED_EDGE('',*,*,#3486,.T.);
#4653=ORIENTED_EDGE('',*,*,#3487,.T.);
#4654=ORIENTED_EDGE('',*,*,#3483,.F.);
#4655=ORIENTED_EDGE('',*,*,#3488,.F.);
#4656=ORIENTED_EDGE('',*,*,#3489,.T.);
#4657=ORIENTED_EDGE('',*,*,#3490,.T.);
#4658=ORIENTED_EDGE('',*,*,#3486,.F.);
#4659=ORIENTED_EDGE('',*,*,#3491,.F.);
#4660=ORIENTED_EDGE('',*,*,#3492,.T.);
#4661=ORIENTED_EDGE('',*,*,#3493,.T.);
#4662=ORIENTED_EDGE('',*,*,#3489,.F.);
#4663=ORIENTED_EDGE('',*,*,#3494,.F.);
#4664=ORIENTED_EDGE('',*,*,#3495,.T.);
#4665=ORIENTED_EDGE('',*,*,#3496,.T.);
#4666=ORIENTED_EDGE('',*,*,#3492,.F.);
#4667=ORIENTED_EDGE('',*,*,#3497,.F.);
#4668=ORIENTED_EDGE('',*,*,#3498,.T.);
#4669=ORIENTED_EDGE('',*,*,#3499,.T.);
#4670=ORIENTED_EDGE('',*,*,#3495,.F.);
#4671=ORIENTED_EDGE('',*,*,#3500,.F.);
#4672=ORIENTED_EDGE('',*,*,#3501,.T.);
#4673=ORIENTED_EDGE('',*,*,#3502,.T.);
#4674=ORIENTED_EDGE('',*,*,#3498,.F.);
#4675=ORIENTED_EDGE('',*,*,#3503,.F.);
#4676=ORIENTED_EDGE('',*,*,#3504,.T.);
#4677=ORIENTED_EDGE('',*,*,#3505,.T.);
#4678=ORIENTED_EDGE('',*,*,#3501,.F.);
#4679=ORIENTED_EDGE('',*,*,#3506,.F.);
#4680=ORIENTED_EDGE('',*,*,#3507,.T.);
#4681=ORIENTED_EDGE('',*,*,#3508,.T.);
#4682=ORIENTED_EDGE('',*,*,#3504,.F.);
#4683=ORIENTED_EDGE('',*,*,#3509,.F.);
#4684=ORIENTED_EDGE('',*,*,#3510,.T.);
#4685=ORIENTED_EDGE('',*,*,#3511,.T.);
#4686=ORIENTED_EDGE('',*,*,#3507,.F.);
#4687=ORIENTED_EDGE('',*,*,#3512,.F.);
#4688=ORIENTED_EDGE('',*,*,#3513,.T.);
#4689=ORIENTED_EDGE('',*,*,#3514,.T.);
#4690=ORIENTED_EDGE('',*,*,#3510,.F.);
#4691=ORIENTED_EDGE('',*,*,#3515,.F.);
#4692=ORIENTED_EDGE('',*,*,#3516,.T.);
#4693=ORIENTED_EDGE('',*,*,#3517,.T.);
#4694=ORIENTED_EDGE('',*,*,#3513,.F.);
#4695=ORIENTED_EDGE('',*,*,#3518,.F.);
#4696=ORIENTED_EDGE('',*,*,#3519,.T.);
#4697=ORIENTED_EDGE('',*,*,#3520,.T.);
#4698=ORIENTED_EDGE('',*,*,#3516,.F.);
#4699=ORIENTED_EDGE('',*,*,#3521,.F.);
#4700=ORIENTED_EDGE('',*,*,#3522,.T.);
#4701=ORIENTED_EDGE('',*,*,#3523,.T.);
#4702=ORIENTED_EDGE('',*,*,#3519,.F.);
#4703=ORIENTED_EDGE('',*,*,#3524,.F.);
#4704=ORIENTED_EDGE('',*,*,#3525,.T.);
#4705=ORIENTED_EDGE('',*,*,#3526,.T.);
#4706=ORIENTED_EDGE('',*,*,#3522,.F.);
#4707=ORIENTED_EDGE('',*,*,#3527,.F.);
#4708=ORIENTED_EDGE('',*,*,#3528,.T.);
#4709=ORIENTED_EDGE('',*,*,#3529,.T.);
#4710=ORIENTED_EDGE('',*,*,#3525,.F.);
#4711=ORIENTED_EDGE('',*,*,#3530,.F.);
#4712=ORIENTED_EDGE('',*,*,#3531,.T.);
#4713=ORIENTED_EDGE('',*,*,#3532,.T.);
#4714=ORIENTED_EDGE('',*,*,#3528,.F.);
#4715=ORIENTED_EDGE('',*,*,#3533,.F.);
#4716=ORIENTED_EDGE('',*,*,#3534,.T.);
#4717=ORIENTED_EDGE('',*,*,#3535,.T.);
#4718=ORIENTED_EDGE('',*,*,#3531,.F.);
#4719=ORIENTED_EDGE('',*,*,#3536,.F.);
#4720=ORIENTED_EDGE('',*,*,#3537,.T.);
#4721=ORIENTED_EDGE('',*,*,#3538,.T.);
#4722=ORIENTED_EDGE('',*,*,#3534,.F.);
#4723=ORIENTED_EDGE('',*,*,#3539,.F.);
#4724=ORIENTED_EDGE('',*,*,#3540,.T.);
#4725=ORIENTED_EDGE('',*,*,#3541,.T.);
#4726=ORIENTED_EDGE('',*,*,#3537,.F.);
#4727=ORIENTED_EDGE('',*,*,#3542,.F.);
#4728=ORIENTED_EDGE('',*,*,#3543,.T.);
#4729=ORIENTED_EDGE('',*,*,#3544,.T.);
#4730=ORIENTED_EDGE('',*,*,#3540,.F.);
#4731=ORIENTED_EDGE('',*,*,#3545,.F.);
#4732=ORIENTED_EDGE('',*,*,#3546,.T.);
#4733=ORIENTED_EDGE('',*,*,#3547,.T.);
#4734=ORIENTED_EDGE('',*,*,#3543,.F.);
#4735=ORIENTED_EDGE('',*,*,#3548,.F.);
#4736=ORIENTED_EDGE('',*,*,#3549,.T.);
#4737=ORIENTED_EDGE('',*,*,#3550,.T.);
#4738=ORIENTED_EDGE('',*,*,#3546,.F.);
#4739=ORIENTED_EDGE('',*,*,#3551,.F.);
#4740=ORIENTED_EDGE('',*,*,#3457,.T.);
#4741=ORIENTED_EDGE('',*,*,#3552,.T.);
#4742=ORIENTED_EDGE('',*,*,#3549,.F.);
#4743=ORIENTED_EDGE('',*,*,#3552,.F.);
#4744=ORIENTED_EDGE('',*,*,#3456,.F.);
#4745=ORIENTED_EDGE('',*,*,#3460,.F.);
#4746=ORIENTED_EDGE('',*,*,#3463,.F.);
#4747=ORIENTED_EDGE('',*,*,#3466,.F.);
#4748=ORIENTED_EDGE('',*,*,#3469,.F.);
#4749=ORIENTED_EDGE('',*,*,#3472,.F.);
#4750=ORIENTED_EDGE('',*,*,#3475,.F.);
#4751=ORIENTED_EDGE('',*,*,#3478,.F.);
#4752=ORIENTED_EDGE('',*,*,#3481,.F.);
#4753=ORIENTED_EDGE('',*,*,#3484,.F.);
#4754=ORIENTED_EDGE('',*,*,#3487,.F.);
#4755=ORIENTED_EDGE('',*,*,#3490,.F.);
#4756=ORIENTED_EDGE('',*,*,#3493,.F.);
#4757=ORIENTED_EDGE('',*,*,#3496,.F.);
#4758=ORIENTED_EDGE('',*,*,#3499,.F.);
#4759=ORIENTED_EDGE('',*,*,#3502,.F.);
#4760=ORIENTED_EDGE('',*,*,#3505,.F.);
#4761=ORIENTED_EDGE('',*,*,#3508,.F.);
#4762=ORIENTED_EDGE('',*,*,#3511,.F.);
#4763=ORIENTED_EDGE('',*,*,#3514,.F.);
#4764=ORIENTED_EDGE('',*,*,#3517,.F.);
#4765=ORIENTED_EDGE('',*,*,#3520,.F.);
#4766=ORIENTED_EDGE('',*,*,#3523,.F.);
#4767=ORIENTED_EDGE('',*,*,#3526,.F.);
#4768=ORIENTED_EDGE('',*,*,#3529,.F.);
#4769=ORIENTED_EDGE('',*,*,#3532,.F.);
#4770=ORIENTED_EDGE('',*,*,#3535,.F.);
#4771=ORIENTED_EDGE('',*,*,#3538,.F.);
#4772=ORIENTED_EDGE('',*,*,#3541,.F.);
#4773=ORIENTED_EDGE('',*,*,#3544,.F.);
#4774=ORIENTED_EDGE('',*,*,#3547,.F.);
#4775=ORIENTED_EDGE('',*,*,#3550,.F.);
#4776=ORIENTED_EDGE('',*,*,#3553,.F.);
#4777=ORIENTED_EDGE('',*,*,#3554,.T.);
#4778=ORIENTED_EDGE('',*,*,#3555,.T.);
#4779=ORIENTED_EDGE('',*,*,#3556,.F.);
#4780=ORIENTED_EDGE('',*,*,#3557,.F.);
#4781=ORIENTED_EDGE('',*,*,#3558,.T.);
#4782=ORIENTED_EDGE('',*,*,#3559,.T.);
#4783=ORIENTED_EDGE('',*,*,#3554,.F.);
#4784=ORIENTED_EDGE('',*,*,#3560,.F.);
#4785=ORIENTED_EDGE('',*,*,#3561,.T.);
#4786=ORIENTED_EDGE('',*,*,#3562,.T.);
#4787=ORIENTED_EDGE('',*,*,#3558,.F.);
#4788=ORIENTED_EDGE('',*,*,#3563,.F.);
#4789=ORIENTED_EDGE('',*,*,#3564,.T.);
#4790=ORIENTED_EDGE('',*,*,#3565,.T.);
#4791=ORIENTED_EDGE('',*,*,#3561,.F.);
#4792=ORIENTED_EDGE('',*,*,#3566,.F.);
#4793=ORIENTED_EDGE('',*,*,#3567,.T.);
#4794=ORIENTED_EDGE('',*,*,#3568,.T.);
#4795=ORIENTED_EDGE('',*,*,#3564,.F.);
#4796=ORIENTED_EDGE('',*,*,#3569,.F.);
#4797=ORIENTED_EDGE('',*,*,#3570,.T.);
#4798=ORIENTED_EDGE('',*,*,#3571,.T.);
#4799=ORIENTED_EDGE('',*,*,#3567,.F.);
#4800=ORIENTED_EDGE('',*,*,#3572,.F.);
#4801=ORIENTED_EDGE('',*,*,#3573,.T.);
#4802=ORIENTED_EDGE('',*,*,#3574,.T.);
#4803=ORIENTED_EDGE('',*,*,#3570,.F.);
#4804=ORIENTED_EDGE('',*,*,#3575,.F.);
#4805=ORIENTED_EDGE('',*,*,#3576,.T.);
#4806=ORIENTED_EDGE('',*,*,#3577,.T.);
#4807=ORIENTED_EDGE('',*,*,#3573,.F.);
#4808=ORIENTED_EDGE('',*,*,#3578,.F.);
#4809=ORIENTED_EDGE('',*,*,#3579,.T.);
#4810=ORIENTED_EDGE('',*,*,#3580,.T.);
#4811=ORIENTED_EDGE('',*,*,#3576,.F.);
#4812=ORIENTED_EDGE('',*,*,#3581,.F.);
#4813=ORIENTED_EDGE('',*,*,#3582,.T.);
#4814=ORIENTED_EDGE('',*,*,#3583,.T.);
#4815=ORIENTED_EDGE('',*,*,#3579,.F.);
#4816=ORIENTED_EDGE('',*,*,#3584,.F.);
#4817=ORIENTED_EDGE('',*,*,#3585,.T.);
#4818=ORIENTED_EDGE('',*,*,#3586,.T.);
#4819=ORIENTED_EDGE('',*,*,#3582,.F.);
#4820=ORIENTED_EDGE('',*,*,#3587,.F.);
#4821=ORIENTED_EDGE('',*,*,#3556,.T.);
#4822=ORIENTED_EDGE('',*,*,#3588,.T.);
#4823=ORIENTED_EDGE('',*,*,#3585,.F.);
#4824=ORIENTED_EDGE('',*,*,#3588,.F.);
#4825=ORIENTED_EDGE('',*,*,#3555,.F.);
#4826=ORIENTED_EDGE('',*,*,#3559,.F.);
#4827=ORIENTED_EDGE('',*,*,#3562,.F.);
#4828=ORIENTED_EDGE('',*,*,#3565,.F.);
#4829=ORIENTED_EDGE('',*,*,#3568,.F.);
#4830=ORIENTED_EDGE('',*,*,#3571,.F.);
#4831=ORIENTED_EDGE('',*,*,#3574,.F.);
#4832=ORIENTED_EDGE('',*,*,#3577,.F.);
#4833=ORIENTED_EDGE('',*,*,#3580,.F.);
#4834=ORIENTED_EDGE('',*,*,#3583,.F.);
#4835=ORIENTED_EDGE('',*,*,#3586,.F.);
#4836=ORIENTED_EDGE('',*,*,#3589,.F.);
#4837=ORIENTED_EDGE('',*,*,#3590,.T.);
#4838=ORIENTED_EDGE('',*,*,#3591,.T.);
#4839=ORIENTED_EDGE('',*,*,#3592,.F.);
#4840=ORIENTED_EDGE('',*,*,#3593,.F.);
#4841=ORIENTED_EDGE('',*,*,#3594,.T.);
#4842=ORIENTED_EDGE('',*,*,#3595,.T.);
#4843=ORIENTED_EDGE('',*,*,#3590,.F.);
#4844=ORIENTED_EDGE('',*,*,#3596,.F.);
#4845=ORIENTED_EDGE('',*,*,#3597,.T.);
#4846=ORIENTED_EDGE('',*,*,#3598,.T.);
#4847=ORIENTED_EDGE('',*,*,#3594,.F.);
#4848=ORIENTED_EDGE('',*,*,#3599,.F.);
#4849=ORIENTED_EDGE('',*,*,#3600,.T.);
#4850=ORIENTED_EDGE('',*,*,#3601,.T.);
#4851=ORIENTED_EDGE('',*,*,#3597,.F.);
#4852=ORIENTED_EDGE('',*,*,#3602,.F.);
#4853=ORIENTED_EDGE('',*,*,#3603,.T.);
#4854=ORIENTED_EDGE('',*,*,#3604,.T.);
#4855=ORIENTED_EDGE('',*,*,#3600,.F.);
#4856=ORIENTED_EDGE('',*,*,#3605,.F.);
#4857=ORIENTED_EDGE('',*,*,#3606,.T.);
#4858=ORIENTED_EDGE('',*,*,#3607,.T.);
#4859=ORIENTED_EDGE('',*,*,#3603,.F.);
#4860=ORIENTED_EDGE('',*,*,#3608,.F.);
#4861=ORIENTED_EDGE('',*,*,#3609,.T.);
#4862=ORIENTED_EDGE('',*,*,#3610,.T.);
#4863=ORIENTED_EDGE('',*,*,#3606,.F.);
#4864=ORIENTED_EDGE('',*,*,#3611,.F.);
#4865=ORIENTED_EDGE('',*,*,#3612,.T.);
#4866=ORIENTED_EDGE('',*,*,#3613,.T.);
#4867=ORIENTED_EDGE('',*,*,#3609,.F.);
#4868=ORIENTED_EDGE('',*,*,#3614,.F.);
#4869=ORIENTED_EDGE('',*,*,#3615,.T.);
#4870=ORIENTED_EDGE('',*,*,#3616,.T.);
#4871=ORIENTED_EDGE('',*,*,#3612,.F.);
#4872=ORIENTED_EDGE('',*,*,#3617,.F.);
#4873=ORIENTED_EDGE('',*,*,#3618,.T.);
#4874=ORIENTED_EDGE('',*,*,#3619,.T.);
#4875=ORIENTED_EDGE('',*,*,#3615,.F.);
#4876=ORIENTED_EDGE('',*,*,#3620,.F.);
#4877=ORIENTED_EDGE('',*,*,#3621,.T.);
#4878=ORIENTED_EDGE('',*,*,#3622,.T.);
#4879=ORIENTED_EDGE('',*,*,#3618,.F.);
#4880=ORIENTED_EDGE('',*,*,#3623,.F.);
#4881=ORIENTED_EDGE('',*,*,#3624,.T.);
#4882=ORIENTED_EDGE('',*,*,#3625,.T.);
#4883=ORIENTED_EDGE('',*,*,#3621,.F.);
#4884=ORIENTED_EDGE('',*,*,#3626,.F.);
#4885=ORIENTED_EDGE('',*,*,#3627,.T.);
#4886=ORIENTED_EDGE('',*,*,#3628,.T.);
#4887=ORIENTED_EDGE('',*,*,#3624,.F.);
#4888=ORIENTED_EDGE('',*,*,#3629,.F.);
#4889=ORIENTED_EDGE('',*,*,#3630,.T.);
#4890=ORIENTED_EDGE('',*,*,#3631,.T.);
#4891=ORIENTED_EDGE('',*,*,#3627,.F.);
#4892=ORIENTED_EDGE('',*,*,#3632,.F.);
#4893=ORIENTED_EDGE('',*,*,#3633,.T.);
#4894=ORIENTED_EDGE('',*,*,#3634,.T.);
#4895=ORIENTED_EDGE('',*,*,#3630,.F.);
#4896=ORIENTED_EDGE('',*,*,#3635,.F.);
#4897=ORIENTED_EDGE('',*,*,#3636,.T.);
#4898=ORIENTED_EDGE('',*,*,#3637,.T.);
#4899=ORIENTED_EDGE('',*,*,#3633,.F.);
#4900=ORIENTED_EDGE('',*,*,#3638,.F.);
#4901=ORIENTED_EDGE('',*,*,#3639,.T.);
#4902=ORIENTED_EDGE('',*,*,#3640,.T.);
#4903=ORIENTED_EDGE('',*,*,#3636,.F.);
#4904=ORIENTED_EDGE('',*,*,#3641,.F.);
#4905=ORIENTED_EDGE('',*,*,#3642,.T.);
#4906=ORIENTED_EDGE('',*,*,#3643,.T.);
#4907=ORIENTED_EDGE('',*,*,#3639,.F.);
#4908=ORIENTED_EDGE('',*,*,#3644,.F.);
#4909=ORIENTED_EDGE('',*,*,#3592,.T.);
#4910=ORIENTED_EDGE('',*,*,#3645,.T.);
#4911=ORIENTED_EDGE('',*,*,#3642,.F.);
#4912=ORIENTED_EDGE('',*,*,#3645,.F.);
#4913=ORIENTED_EDGE('',*,*,#3591,.F.);
#4914=ORIENTED_EDGE('',*,*,#3595,.F.);
#4915=ORIENTED_EDGE('',*,*,#3598,.F.);
#4916=ORIENTED_EDGE('',*,*,#3601,.F.);
#4917=ORIENTED_EDGE('',*,*,#3604,.F.);
#4918=ORIENTED_EDGE('',*,*,#3607,.F.);
#4919=ORIENTED_EDGE('',*,*,#3610,.F.);
#4920=ORIENTED_EDGE('',*,*,#3613,.F.);
#4921=ORIENTED_EDGE('',*,*,#3616,.F.);
#4922=ORIENTED_EDGE('',*,*,#3619,.F.);
#4923=ORIENTED_EDGE('',*,*,#3622,.F.);
#4924=ORIENTED_EDGE('',*,*,#3625,.F.);
#4925=ORIENTED_EDGE('',*,*,#3628,.F.);
#4926=ORIENTED_EDGE('',*,*,#3631,.F.);
#4927=ORIENTED_EDGE('',*,*,#3634,.F.);
#4928=ORIENTED_EDGE('',*,*,#3637,.F.);
#4929=ORIENTED_EDGE('',*,*,#3640,.F.);
#4930=ORIENTED_EDGE('',*,*,#3643,.F.);
#4931=ORIENTED_EDGE('',*,*,#3646,.F.);
#4932=ORIENTED_EDGE('',*,*,#3647,.T.);
#4933=ORIENTED_EDGE('',*,*,#3648,.T.);
#4934=ORIENTED_EDGE('',*,*,#3649,.F.);
#4935=ORIENTED_EDGE('',*,*,#3650,.F.);
#4936=ORIENTED_EDGE('',*,*,#3651,.T.);
#4937=ORIENTED_EDGE('',*,*,#3652,.T.);
#4938=ORIENTED_EDGE('',*,*,#3647,.F.);
#4939=ORIENTED_EDGE('',*,*,#3653,.F.);
#4940=ORIENTED_EDGE('',*,*,#3654,.T.);
#4941=ORIENTED_EDGE('',*,*,#3655,.T.);
#4942=ORIENTED_EDGE('',*,*,#3651,.F.);
#4943=ORIENTED_EDGE('',*,*,#3656,.F.);
#4944=ORIENTED_EDGE('',*,*,#3657,.T.);
#4945=ORIENTED_EDGE('',*,*,#3658,.T.);
#4946=ORIENTED_EDGE('',*,*,#3654,.F.);
#4947=ORIENTED_EDGE('',*,*,#3659,.F.);
#4948=ORIENTED_EDGE('',*,*,#3660,.T.);
#4949=ORIENTED_EDGE('',*,*,#3661,.T.);
#4950=ORIENTED_EDGE('',*,*,#3657,.F.);
#4951=ORIENTED_EDGE('',*,*,#3662,.F.);
#4952=ORIENTED_EDGE('',*,*,#3663,.T.);
#4953=ORIENTED_EDGE('',*,*,#3664,.T.);
#4954=ORIENTED_EDGE('',*,*,#3660,.F.);
#4955=ORIENTED_EDGE('',*,*,#3665,.F.);
#4956=ORIENTED_EDGE('',*,*,#3666,.T.);
#4957=ORIENTED_EDGE('',*,*,#3667,.T.);
#4958=ORIENTED_EDGE('',*,*,#3663,.F.);
#4959=ORIENTED_EDGE('',*,*,#3668,.F.);
#4960=ORIENTED_EDGE('',*,*,#3649,.T.);
#4961=ORIENTED_EDGE('',*,*,#3669,.T.);
#4962=ORIENTED_EDGE('',*,*,#3666,.F.);
#4963=ORIENTED_EDGE('',*,*,#3670,.F.);
#4964=ORIENTED_EDGE('',*,*,#3671,.T.);
#4965=ORIENTED_EDGE('',*,*,#3672,.T.);
#4966=ORIENTED_EDGE('',*,*,#3673,.F.);
#4967=ORIENTED_EDGE('',*,*,#3674,.F.);
#4968=ORIENTED_EDGE('',*,*,#3675,.T.);
#4969=ORIENTED_EDGE('',*,*,#3676,.T.);
#4970=ORIENTED_EDGE('',*,*,#3671,.F.);
#4971=ORIENTED_EDGE('',*,*,#3677,.F.);
#4972=ORIENTED_EDGE('',*,*,#3678,.T.);
#4973=ORIENTED_EDGE('',*,*,#3679,.T.);
#4974=ORIENTED_EDGE('',*,*,#3675,.F.);
#4975=ORIENTED_EDGE('',*,*,#3680,.F.);
#4976=ORIENTED_EDGE('',*,*,#3681,.T.);
#4977=ORIENTED_EDGE('',*,*,#3682,.T.);
#4978=ORIENTED_EDGE('',*,*,#3678,.F.);
#4979=ORIENTED_EDGE('',*,*,#3683,.F.);
#4980=ORIENTED_EDGE('',*,*,#3684,.T.);
#4981=ORIENTED_EDGE('',*,*,#3685,.T.);
#4982=ORIENTED_EDGE('',*,*,#3681,.F.);
#4983=ORIENTED_EDGE('',*,*,#3686,.F.);
#4984=ORIENTED_EDGE('',*,*,#3687,.T.);
#4985=ORIENTED_EDGE('',*,*,#3688,.T.);
#4986=ORIENTED_EDGE('',*,*,#3684,.F.);
#4987=ORIENTED_EDGE('',*,*,#3689,.F.);
#4988=ORIENTED_EDGE('',*,*,#3690,.T.);
#4989=ORIENTED_EDGE('',*,*,#3691,.T.);
#4990=ORIENTED_EDGE('',*,*,#3687,.F.);
#4991=ORIENTED_EDGE('',*,*,#3692,.F.);
#4992=ORIENTED_EDGE('',*,*,#3693,.T.);
#4993=ORIENTED_EDGE('',*,*,#3694,.T.);
#4994=ORIENTED_EDGE('',*,*,#3690,.F.);
#4995=ORIENTED_EDGE('',*,*,#3695,.F.);
#4996=ORIENTED_EDGE('',*,*,#3696,.T.);
#4997=ORIENTED_EDGE('',*,*,#3697,.T.);
#4998=ORIENTED_EDGE('',*,*,#3693,.F.);
#4999=ORIENTED_EDGE('',*,*,#3698,.F.);
#5000=ORIENTED_EDGE('',*,*,#3699,.T.);
#5001=ORIENTED_EDGE('',*,*,#3700,.T.);
#5002=ORIENTED_EDGE('',*,*,#3696,.F.);
#5003=ORIENTED_EDGE('',*,*,#3701,.F.);
#5004=ORIENTED_EDGE('',*,*,#3702,.T.);
#5005=ORIENTED_EDGE('',*,*,#3703,.T.);
#5006=ORIENTED_EDGE('',*,*,#3699,.F.);
#5007=ORIENTED_EDGE('',*,*,#3704,.F.);
#5008=ORIENTED_EDGE('',*,*,#3705,.T.);
#5009=ORIENTED_EDGE('',*,*,#3706,.T.);
#5010=ORIENTED_EDGE('',*,*,#3702,.F.);
#5011=ORIENTED_EDGE('',*,*,#3707,.F.);
#5012=ORIENTED_EDGE('',*,*,#3708,.T.);
#5013=ORIENTED_EDGE('',*,*,#3709,.T.);
#5014=ORIENTED_EDGE('',*,*,#3705,.F.);
#5015=ORIENTED_EDGE('',*,*,#3710,.F.);
#5016=ORIENTED_EDGE('',*,*,#3711,.T.);
#5017=ORIENTED_EDGE('',*,*,#3712,.T.);
#5018=ORIENTED_EDGE('',*,*,#3708,.F.);
#5019=ORIENTED_EDGE('',*,*,#3713,.F.);
#5020=ORIENTED_EDGE('',*,*,#3673,.T.);
#5021=ORIENTED_EDGE('',*,*,#3714,.T.);
#5022=ORIENTED_EDGE('',*,*,#3711,.F.);
#5023=ORIENTED_EDGE('',*,*,#3714,.F.);
#5024=ORIENTED_EDGE('',*,*,#3672,.F.);
#5025=ORIENTED_EDGE('',*,*,#3676,.F.);
#5026=ORIENTED_EDGE('',*,*,#3679,.F.);
#5027=ORIENTED_EDGE('',*,*,#3682,.F.);
#5028=ORIENTED_EDGE('',*,*,#3685,.F.);
#5029=ORIENTED_EDGE('',*,*,#3688,.F.);
#5030=ORIENTED_EDGE('',*,*,#3691,.F.);
#5031=ORIENTED_EDGE('',*,*,#3694,.F.);
#5032=ORIENTED_EDGE('',*,*,#3697,.F.);
#5033=ORIENTED_EDGE('',*,*,#3700,.F.);
#5034=ORIENTED_EDGE('',*,*,#3703,.F.);
#5035=ORIENTED_EDGE('',*,*,#3706,.F.);
#5036=ORIENTED_EDGE('',*,*,#3709,.F.);
#5037=ORIENTED_EDGE('',*,*,#3712,.F.);
#5038=ORIENTED_EDGE('',*,*,#3669,.F.);
#5039=ORIENTED_EDGE('',*,*,#3648,.F.);
#5040=ORIENTED_EDGE('',*,*,#3652,.F.);
#5041=ORIENTED_EDGE('',*,*,#3655,.F.);
#5042=ORIENTED_EDGE('',*,*,#3658,.F.);
#5043=ORIENTED_EDGE('',*,*,#3661,.F.);
#5044=ORIENTED_EDGE('',*,*,#3664,.F.);
#5045=ORIENTED_EDGE('',*,*,#3667,.F.);
#5046=ORIENTED_EDGE('',*,*,#3715,.F.);
#5047=ORIENTED_EDGE('',*,*,#3716,.T.);
#5048=ORIENTED_EDGE('',*,*,#3717,.T.);
#5049=ORIENTED_EDGE('',*,*,#3718,.F.);
#5050=ORIENTED_EDGE('',*,*,#3719,.F.);
#5051=ORIENTED_EDGE('',*,*,#3720,.T.);
#5052=ORIENTED_EDGE('',*,*,#3721,.T.);
#5053=ORIENTED_EDGE('',*,*,#3716,.F.);
#5054=ORIENTED_EDGE('',*,*,#3722,.F.);
#5055=ORIENTED_EDGE('',*,*,#3723,.T.);
#5056=ORIENTED_EDGE('',*,*,#3724,.T.);
#5057=ORIENTED_EDGE('',*,*,#3720,.F.);
#5058=ORIENTED_EDGE('',*,*,#3725,.F.);
#5059=ORIENTED_EDGE('',*,*,#3726,.T.);
#5060=ORIENTED_EDGE('',*,*,#3727,.T.);
#5061=ORIENTED_EDGE('',*,*,#3723,.F.);
#5062=ORIENTED_EDGE('',*,*,#3728,.F.);
#5063=ORIENTED_EDGE('',*,*,#3729,.T.);
#5064=ORIENTED_EDGE('',*,*,#3730,.T.);
#5065=ORIENTED_EDGE('',*,*,#3726,.F.);
#5066=ORIENTED_EDGE('',*,*,#3731,.F.);
#5067=ORIENTED_EDGE('',*,*,#3732,.T.);
#5068=ORIENTED_EDGE('',*,*,#3733,.T.);
#5069=ORIENTED_EDGE('',*,*,#3729,.F.);
#5070=ORIENTED_EDGE('',*,*,#3734,.F.);
#5071=ORIENTED_EDGE('',*,*,#3735,.T.);
#5072=ORIENTED_EDGE('',*,*,#3736,.T.);
#5073=ORIENTED_EDGE('',*,*,#3732,.F.);
#5074=ORIENTED_EDGE('',*,*,#3737,.F.);
#5075=ORIENTED_EDGE('',*,*,#3738,.T.);
#5076=ORIENTED_EDGE('',*,*,#3739,.T.);
#5077=ORIENTED_EDGE('',*,*,#3735,.F.);
#5078=ORIENTED_EDGE('',*,*,#3740,.F.);
#5079=ORIENTED_EDGE('',*,*,#3741,.T.);
#5080=ORIENTED_EDGE('',*,*,#3742,.T.);
#5081=ORIENTED_EDGE('',*,*,#3738,.F.);
#5082=ORIENTED_EDGE('',*,*,#3743,.F.);
#5083=ORIENTED_EDGE('',*,*,#3718,.T.);
#5084=ORIENTED_EDGE('',*,*,#3744,.T.);
#5085=ORIENTED_EDGE('',*,*,#3741,.F.);
#5086=ORIENTED_EDGE('',*,*,#3745,.F.);
#5087=ORIENTED_EDGE('',*,*,#3746,.T.);
#5088=ORIENTED_EDGE('',*,*,#3747,.T.);
#5089=ORIENTED_EDGE('',*,*,#3748,.F.);
#5090=ORIENTED_EDGE('',*,*,#3749,.F.);
#5091=ORIENTED_EDGE('',*,*,#3750,.T.);
#5092=ORIENTED_EDGE('',*,*,#3751,.T.);
#5093=ORIENTED_EDGE('',*,*,#3746,.F.);
#5094=ORIENTED_EDGE('',*,*,#3752,.F.);
#5095=ORIENTED_EDGE('',*,*,#3753,.T.);
#5096=ORIENTED_EDGE('',*,*,#3754,.T.);
#5097=ORIENTED_EDGE('',*,*,#3750,.F.);
#5098=ORIENTED_EDGE('',*,*,#3755,.F.);
#5099=ORIENTED_EDGE('',*,*,#3756,.T.);
#5100=ORIENTED_EDGE('',*,*,#3757,.T.);
#5101=ORIENTED_EDGE('',*,*,#3753,.F.);
#5102=ORIENTED_EDGE('',*,*,#3758,.F.);
#5103=ORIENTED_EDGE('',*,*,#3759,.T.);
#5104=ORIENTED_EDGE('',*,*,#3760,.T.);
#5105=ORIENTED_EDGE('',*,*,#3756,.F.);
#5106=ORIENTED_EDGE('',*,*,#3761,.F.);
#5107=ORIENTED_EDGE('',*,*,#3762,.T.);
#5108=ORIENTED_EDGE('',*,*,#3763,.T.);
#5109=ORIENTED_EDGE('',*,*,#3759,.F.);
#5110=ORIENTED_EDGE('',*,*,#3764,.F.);
#5111=ORIENTED_EDGE('',*,*,#3765,.T.);
#5112=ORIENTED_EDGE('',*,*,#3766,.T.);
#5113=ORIENTED_EDGE('',*,*,#3762,.F.);
#5114=ORIENTED_EDGE('',*,*,#3767,.F.);
#5115=ORIENTED_EDGE('',*,*,#3768,.T.);
#5116=ORIENTED_EDGE('',*,*,#3769,.T.);
#5117=ORIENTED_EDGE('',*,*,#3765,.F.);
#5118=ORIENTED_EDGE('',*,*,#3770,.F.);
#5119=ORIENTED_EDGE('',*,*,#3771,.T.);
#5120=ORIENTED_EDGE('',*,*,#3772,.T.);
#5121=ORIENTED_EDGE('',*,*,#3768,.F.);
#5122=ORIENTED_EDGE('',*,*,#3773,.F.);
#5123=ORIENTED_EDGE('',*,*,#3774,.T.);
#5124=ORIENTED_EDGE('',*,*,#3775,.T.);
#5125=ORIENTED_EDGE('',*,*,#3771,.F.);
#5126=ORIENTED_EDGE('',*,*,#3776,.F.);
#5127=ORIENTED_EDGE('',*,*,#3777,.T.);
#5128=ORIENTED_EDGE('',*,*,#3778,.T.);
#5129=ORIENTED_EDGE('',*,*,#3774,.F.);
#5130=ORIENTED_EDGE('',*,*,#3779,.F.);
#5131=ORIENTED_EDGE('',*,*,#3780,.T.);
#5132=ORIENTED_EDGE('',*,*,#3781,.T.);
#5133=ORIENTED_EDGE('',*,*,#3777,.F.);
#5134=ORIENTED_EDGE('',*,*,#3782,.F.);
#5135=ORIENTED_EDGE('',*,*,#3783,.T.);
#5136=ORIENTED_EDGE('',*,*,#3784,.T.);
#5137=ORIENTED_EDGE('',*,*,#3780,.F.);
#5138=ORIENTED_EDGE('',*,*,#3785,.F.);
#5139=ORIENTED_EDGE('',*,*,#3786,.T.);
#5140=ORIENTED_EDGE('',*,*,#3787,.T.);
#5141=ORIENTED_EDGE('',*,*,#3783,.F.);
#5142=ORIENTED_EDGE('',*,*,#3788,.F.);
#5143=ORIENTED_EDGE('',*,*,#3789,.T.);
#5144=ORIENTED_EDGE('',*,*,#3790,.T.);
#5145=ORIENTED_EDGE('',*,*,#3786,.F.);
#5146=ORIENTED_EDGE('',*,*,#3791,.F.);
#5147=ORIENTED_EDGE('',*,*,#3792,.T.);
#5148=ORIENTED_EDGE('',*,*,#3793,.T.);
#5149=ORIENTED_EDGE('',*,*,#3789,.F.);
#5150=ORIENTED_EDGE('',*,*,#3794,.F.);
#5151=ORIENTED_EDGE('',*,*,#3795,.T.);
#5152=ORIENTED_EDGE('',*,*,#3796,.T.);
#5153=ORIENTED_EDGE('',*,*,#3792,.F.);
#5154=ORIENTED_EDGE('',*,*,#3797,.F.);
#5155=ORIENTED_EDGE('',*,*,#3798,.T.);
#5156=ORIENTED_EDGE('',*,*,#3799,.T.);
#5157=ORIENTED_EDGE('',*,*,#3795,.F.);
#5158=ORIENTED_EDGE('',*,*,#3800,.F.);
#5159=ORIENTED_EDGE('',*,*,#3801,.T.);
#5160=ORIENTED_EDGE('',*,*,#3802,.T.);
#5161=ORIENTED_EDGE('',*,*,#3798,.F.);
#5162=ORIENTED_EDGE('',*,*,#3803,.F.);
#5163=ORIENTED_EDGE('',*,*,#3804,.T.);
#5164=ORIENTED_EDGE('',*,*,#3805,.T.);
#5165=ORIENTED_EDGE('',*,*,#3801,.F.);
#5166=ORIENTED_EDGE('',*,*,#3806,.F.);
#5167=ORIENTED_EDGE('',*,*,#3807,.T.);
#5168=ORIENTED_EDGE('',*,*,#3808,.T.);
#5169=ORIENTED_EDGE('',*,*,#3804,.F.);
#5170=ORIENTED_EDGE('',*,*,#3809,.F.);
#5171=ORIENTED_EDGE('',*,*,#3810,.T.);
#5172=ORIENTED_EDGE('',*,*,#3811,.T.);
#5173=ORIENTED_EDGE('',*,*,#3807,.F.);
#5174=ORIENTED_EDGE('',*,*,#3812,.F.);
#5175=ORIENTED_EDGE('',*,*,#3813,.T.);
#5176=ORIENTED_EDGE('',*,*,#3814,.T.);
#5177=ORIENTED_EDGE('',*,*,#3810,.F.);
#5178=ORIENTED_EDGE('',*,*,#3815,.F.);
#5179=ORIENTED_EDGE('',*,*,#3816,.T.);
#5180=ORIENTED_EDGE('',*,*,#3817,.T.);
#5181=ORIENTED_EDGE('',*,*,#3813,.F.);
#5182=ORIENTED_EDGE('',*,*,#3818,.F.);
#5183=ORIENTED_EDGE('',*,*,#3819,.T.);
#5184=ORIENTED_EDGE('',*,*,#3820,.T.);
#5185=ORIENTED_EDGE('',*,*,#3816,.F.);
#5186=ORIENTED_EDGE('',*,*,#3821,.F.);
#5187=ORIENTED_EDGE('',*,*,#3822,.T.);
#5188=ORIENTED_EDGE('',*,*,#3823,.T.);
#5189=ORIENTED_EDGE('',*,*,#3819,.F.);
#5190=ORIENTED_EDGE('',*,*,#3824,.F.);
#5191=ORIENTED_EDGE('',*,*,#3748,.T.);
#5192=ORIENTED_EDGE('',*,*,#3825,.T.);
#5193=ORIENTED_EDGE('',*,*,#3822,.F.);
#5194=ORIENTED_EDGE('',*,*,#3825,.F.);
#5195=ORIENTED_EDGE('',*,*,#3747,.F.);
#5196=ORIENTED_EDGE('',*,*,#3751,.F.);
#5197=ORIENTED_EDGE('',*,*,#3754,.F.);
#5198=ORIENTED_EDGE('',*,*,#3757,.F.);
#5199=ORIENTED_EDGE('',*,*,#3760,.F.);
#5200=ORIENTED_EDGE('',*,*,#3763,.F.);
#5201=ORIENTED_EDGE('',*,*,#3766,.F.);
#5202=ORIENTED_EDGE('',*,*,#3769,.F.);
#5203=ORIENTED_EDGE('',*,*,#3772,.F.);
#5204=ORIENTED_EDGE('',*,*,#3775,.F.);
#5205=ORIENTED_EDGE('',*,*,#3778,.F.);
#5206=ORIENTED_EDGE('',*,*,#3781,.F.);
#5207=ORIENTED_EDGE('',*,*,#3784,.F.);
#5208=ORIENTED_EDGE('',*,*,#3787,.F.);
#5209=ORIENTED_EDGE('',*,*,#3790,.F.);
#5210=ORIENTED_EDGE('',*,*,#3793,.F.);
#5211=ORIENTED_EDGE('',*,*,#3796,.F.);
#5212=ORIENTED_EDGE('',*,*,#3799,.F.);
#5213=ORIENTED_EDGE('',*,*,#3802,.F.);
#5214=ORIENTED_EDGE('',*,*,#3805,.F.);
#5215=ORIENTED_EDGE('',*,*,#3808,.F.);
#5216=ORIENTED_EDGE('',*,*,#3811,.F.);
#5217=ORIENTED_EDGE('',*,*,#3814,.F.);
#5218=ORIENTED_EDGE('',*,*,#3817,.F.);
#5219=ORIENTED_EDGE('',*,*,#3820,.F.);
#5220=ORIENTED_EDGE('',*,*,#3823,.F.);
#5221=ORIENTED_EDGE('',*,*,#3744,.F.);
#5222=ORIENTED_EDGE('',*,*,#3717,.F.);
#5223=ORIENTED_EDGE('',*,*,#3721,.F.);
#5224=ORIENTED_EDGE('',*,*,#3724,.F.);
#5225=ORIENTED_EDGE('',*,*,#3727,.F.);
#5226=ORIENTED_EDGE('',*,*,#3730,.F.);
#5227=ORIENTED_EDGE('',*,*,#3733,.F.);
#5228=ORIENTED_EDGE('',*,*,#3736,.F.);
#5229=ORIENTED_EDGE('',*,*,#3739,.F.);
#5230=ORIENTED_EDGE('',*,*,#3742,.F.);
#5231=ORIENTED_EDGE('',*,*,#3826,.F.);
#5232=ORIENTED_EDGE('',*,*,#3827,.T.);
#5233=ORIENTED_EDGE('',*,*,#3828,.T.);
#5234=ORIENTED_EDGE('',*,*,#3829,.F.);
#5235=ORIENTED_EDGE('',*,*,#3830,.F.);
#5236=ORIENTED_EDGE('',*,*,#3831,.T.);
#5237=ORIENTED_EDGE('',*,*,#3832,.T.);
#5238=ORIENTED_EDGE('',*,*,#3827,.F.);
#5239=ORIENTED_EDGE('',*,*,#3833,.F.);
#5240=ORIENTED_EDGE('',*,*,#3834,.T.);
#5241=ORIENTED_EDGE('',*,*,#3835,.T.);
#5242=ORIENTED_EDGE('',*,*,#3831,.F.);
#5243=ORIENTED_EDGE('',*,*,#3836,.F.);
#5244=ORIENTED_EDGE('',*,*,#3837,.T.);
#5245=ORIENTED_EDGE('',*,*,#3838,.T.);
#5246=ORIENTED_EDGE('',*,*,#3834,.F.);
#5247=ORIENTED_EDGE('',*,*,#3839,.F.);
#5248=ORIENTED_EDGE('',*,*,#3840,.T.);
#5249=ORIENTED_EDGE('',*,*,#3841,.T.);
#5250=ORIENTED_EDGE('',*,*,#3837,.F.);
#5251=ORIENTED_EDGE('',*,*,#3842,.F.);
#5252=ORIENTED_EDGE('',*,*,#3843,.T.);
#5253=ORIENTED_EDGE('',*,*,#3844,.T.);
#5254=ORIENTED_EDGE('',*,*,#3840,.F.);
#5255=ORIENTED_EDGE('',*,*,#3845,.F.);
#5256=ORIENTED_EDGE('',*,*,#3846,.T.);
#5257=ORIENTED_EDGE('',*,*,#3847,.T.);
#5258=ORIENTED_EDGE('',*,*,#3843,.F.);
#5259=ORIENTED_EDGE('',*,*,#3848,.F.);
#5260=ORIENTED_EDGE('',*,*,#3849,.T.);
#5261=ORIENTED_EDGE('',*,*,#3850,.T.);
#5262=ORIENTED_EDGE('',*,*,#3846,.F.);
#5263=ORIENTED_EDGE('',*,*,#3851,.F.);
#5264=ORIENTED_EDGE('',*,*,#3852,.T.);
#5265=ORIENTED_EDGE('',*,*,#3853,.T.);
#5266=ORIENTED_EDGE('',*,*,#3849,.F.);
#5267=ORIENTED_EDGE('',*,*,#3854,.F.);
#5268=ORIENTED_EDGE('',*,*,#3855,.T.);
#5269=ORIENTED_EDGE('',*,*,#3856,.T.);
#5270=ORIENTED_EDGE('',*,*,#3852,.F.);
#5271=ORIENTED_EDGE('',*,*,#3857,.F.);
#5272=ORIENTED_EDGE('',*,*,#3858,.T.);
#5273=ORIENTED_EDGE('',*,*,#3859,.T.);
#5274=ORIENTED_EDGE('',*,*,#3855,.F.);
#5275=ORIENTED_EDGE('',*,*,#3860,.F.);
#5276=ORIENTED_EDGE('',*,*,#3829,.T.);
#5277=ORIENTED_EDGE('',*,*,#3861,.T.);
#5278=ORIENTED_EDGE('',*,*,#3858,.F.);
#5279=ORIENTED_EDGE('',*,*,#3861,.F.);
#5280=ORIENTED_EDGE('',*,*,#3828,.F.);
#5281=ORIENTED_EDGE('',*,*,#3832,.F.);
#5282=ORIENTED_EDGE('',*,*,#3835,.F.);
#5283=ORIENTED_EDGE('',*,*,#3838,.F.);
#5284=ORIENTED_EDGE('',*,*,#3841,.F.);
#5285=ORIENTED_EDGE('',*,*,#3844,.F.);
#5286=ORIENTED_EDGE('',*,*,#3847,.F.);
#5287=ORIENTED_EDGE('',*,*,#3850,.F.);
#5288=ORIENTED_EDGE('',*,*,#3853,.F.);
#5289=ORIENTED_EDGE('',*,*,#3856,.F.);
#5290=ORIENTED_EDGE('',*,*,#3859,.F.);
#5291=ORIENTED_EDGE('',*,*,#3862,.F.);
#5292=ORIENTED_EDGE('',*,*,#3863,.T.);
#5293=ORIENTED_EDGE('',*,*,#3864,.T.);
#5294=ORIENTED_EDGE('',*,*,#3865,.F.);
#5295=ORIENTED_EDGE('',*,*,#3866,.F.);
#5296=ORIENTED_EDGE('',*,*,#3867,.T.);
#5297=ORIENTED_EDGE('',*,*,#3868,.T.);
#5298=ORIENTED_EDGE('',*,*,#3863,.F.);
#5299=ORIENTED_EDGE('',*,*,#3869,.F.);
#5300=ORIENTED_EDGE('',*,*,#3870,.T.);
#5301=ORIENTED_EDGE('',*,*,#3871,.T.);
#5302=ORIENTED_EDGE('',*,*,#3867,.F.);
#5303=ORIENTED_EDGE('',*,*,#3872,.F.);
#5304=ORIENTED_EDGE('',*,*,#3873,.T.);
#5305=ORIENTED_EDGE('',*,*,#3874,.T.);
#5306=ORIENTED_EDGE('',*,*,#3870,.F.);
#5307=ORIENTED_EDGE('',*,*,#3875,.F.);
#5308=ORIENTED_EDGE('',*,*,#3876,.T.);
#5309=ORIENTED_EDGE('',*,*,#3877,.T.);
#5310=ORIENTED_EDGE('',*,*,#3873,.F.);
#5311=ORIENTED_EDGE('',*,*,#3878,.F.);
#5312=ORIENTED_EDGE('',*,*,#3879,.T.);
#5313=ORIENTED_EDGE('',*,*,#3880,.T.);
#5314=ORIENTED_EDGE('',*,*,#3876,.F.);
#5315=ORIENTED_EDGE('',*,*,#3881,.F.);
#5316=ORIENTED_EDGE('',*,*,#3882,.T.);
#5317=ORIENTED_EDGE('',*,*,#3883,.T.);
#5318=ORIENTED_EDGE('',*,*,#3879,.F.);
#5319=ORIENTED_EDGE('',*,*,#3884,.F.);
#5320=ORIENTED_EDGE('',*,*,#3885,.T.);
#5321=ORIENTED_EDGE('',*,*,#3886,.T.);
#5322=ORIENTED_EDGE('',*,*,#3882,.F.);
#5323=ORIENTED_EDGE('',*,*,#3887,.F.);
#5324=ORIENTED_EDGE('',*,*,#3888,.T.);
#5325=ORIENTED_EDGE('',*,*,#3889,.T.);
#5326=ORIENTED_EDGE('',*,*,#3885,.F.);
#5327=ORIENTED_EDGE('',*,*,#3890,.F.);
#5328=ORIENTED_EDGE('',*,*,#3865,.T.);
#5329=ORIENTED_EDGE('',*,*,#3891,.T.);
#5330=ORIENTED_EDGE('',*,*,#3888,.F.);
#5331=ORIENTED_EDGE('',*,*,#3892,.F.);
#5332=ORIENTED_EDGE('',*,*,#3893,.T.);
#5333=ORIENTED_EDGE('',*,*,#3894,.T.);
#5334=ORIENTED_EDGE('',*,*,#3895,.F.);
#5335=ORIENTED_EDGE('',*,*,#3896,.F.);
#5336=ORIENTED_EDGE('',*,*,#3897,.T.);
#5337=ORIENTED_EDGE('',*,*,#3898,.T.);
#5338=ORIENTED_EDGE('',*,*,#3893,.F.);
#5339=ORIENTED_EDGE('',*,*,#3899,.F.);
#5340=ORIENTED_EDGE('',*,*,#3900,.T.);
#5341=ORIENTED_EDGE('',*,*,#3901,.T.);
#5342=ORIENTED_EDGE('',*,*,#3897,.F.);
#5343=ORIENTED_EDGE('',*,*,#3902,.F.);
#5344=ORIENTED_EDGE('',*,*,#3903,.T.);
#5345=ORIENTED_EDGE('',*,*,#3904,.T.);
#5346=ORIENTED_EDGE('',*,*,#3900,.F.);
#5347=ORIENTED_EDGE('',*,*,#3905,.F.);
#5348=ORIENTED_EDGE('',*,*,#3906,.T.);
#5349=ORIENTED_EDGE('',*,*,#3907,.T.);
#5350=ORIENTED_EDGE('',*,*,#3903,.F.);
#5351=ORIENTED_EDGE('',*,*,#3908,.F.);
#5352=ORIENTED_EDGE('',*,*,#3909,.T.);
#5353=ORIENTED_EDGE('',*,*,#3910,.T.);
#5354=ORIENTED_EDGE('',*,*,#3906,.F.);
#5355=ORIENTED_EDGE('',*,*,#3911,.F.);
#5356=ORIENTED_EDGE('',*,*,#3912,.T.);
#5357=ORIENTED_EDGE('',*,*,#3913,.T.);
#5358=ORIENTED_EDGE('',*,*,#3909,.F.);
#5359=ORIENTED_EDGE('',*,*,#3914,.F.);
#5360=ORIENTED_EDGE('',*,*,#3915,.T.);
#5361=ORIENTED_EDGE('',*,*,#3916,.T.);
#5362=ORIENTED_EDGE('',*,*,#3912,.F.);
#5363=ORIENTED_EDGE('',*,*,#3917,.F.);
#5364=ORIENTED_EDGE('',*,*,#3918,.T.);
#5365=ORIENTED_EDGE('',*,*,#3919,.T.);
#5366=ORIENTED_EDGE('',*,*,#3915,.F.);
#5367=ORIENTED_EDGE('',*,*,#3920,.F.);
#5368=ORIENTED_EDGE('',*,*,#3921,.T.);
#5369=ORIENTED_EDGE('',*,*,#3922,.T.);
#5370=ORIENTED_EDGE('',*,*,#3918,.F.);
#5371=ORIENTED_EDGE('',*,*,#3923,.F.);
#5372=ORIENTED_EDGE('',*,*,#3924,.T.);
#5373=ORIENTED_EDGE('',*,*,#3925,.T.);
#5374=ORIENTED_EDGE('',*,*,#3921,.F.);
#5375=ORIENTED_EDGE('',*,*,#3926,.F.);
#5376=ORIENTED_EDGE('',*,*,#3927,.T.);
#5377=ORIENTED_EDGE('',*,*,#3928,.T.);
#5378=ORIENTED_EDGE('',*,*,#3924,.F.);
#5379=ORIENTED_EDGE('',*,*,#3929,.F.);
#5380=ORIENTED_EDGE('',*,*,#3930,.T.);
#5381=ORIENTED_EDGE('',*,*,#3931,.T.);
#5382=ORIENTED_EDGE('',*,*,#3927,.F.);
#5383=ORIENTED_EDGE('',*,*,#3932,.F.);
#5384=ORIENTED_EDGE('',*,*,#3933,.T.);
#5385=ORIENTED_EDGE('',*,*,#3934,.T.);
#5386=ORIENTED_EDGE('',*,*,#3930,.F.);
#5387=ORIENTED_EDGE('',*,*,#3935,.F.);
#5388=ORIENTED_EDGE('',*,*,#3936,.T.);
#5389=ORIENTED_EDGE('',*,*,#3937,.T.);
#5390=ORIENTED_EDGE('',*,*,#3933,.F.);
#5391=ORIENTED_EDGE('',*,*,#3938,.F.);
#5392=ORIENTED_EDGE('',*,*,#3939,.T.);
#5393=ORIENTED_EDGE('',*,*,#3940,.T.);
#5394=ORIENTED_EDGE('',*,*,#3936,.F.);
#5395=ORIENTED_EDGE('',*,*,#3941,.F.);
#5396=ORIENTED_EDGE('',*,*,#3942,.T.);
#5397=ORIENTED_EDGE('',*,*,#3943,.T.);
#5398=ORIENTED_EDGE('',*,*,#3939,.F.);
#5399=ORIENTED_EDGE('',*,*,#3944,.F.);
#5400=ORIENTED_EDGE('',*,*,#3945,.T.);
#5401=ORIENTED_EDGE('',*,*,#3946,.T.);
#5402=ORIENTED_EDGE('',*,*,#3942,.F.);
#5403=ORIENTED_EDGE('',*,*,#3947,.F.);
#5404=ORIENTED_EDGE('',*,*,#3948,.T.);
#5405=ORIENTED_EDGE('',*,*,#3949,.T.);
#5406=ORIENTED_EDGE('',*,*,#3945,.F.);
#5407=ORIENTED_EDGE('',*,*,#3950,.F.);
#5408=ORIENTED_EDGE('',*,*,#3951,.T.);
#5409=ORIENTED_EDGE('',*,*,#3952,.T.);
#5410=ORIENTED_EDGE('',*,*,#3948,.F.);
#5411=ORIENTED_EDGE('',*,*,#3953,.F.);
#5412=ORIENTED_EDGE('',*,*,#3954,.T.);
#5413=ORIENTED_EDGE('',*,*,#3955,.T.);
#5414=ORIENTED_EDGE('',*,*,#3951,.F.);
#5415=ORIENTED_EDGE('',*,*,#3956,.F.);
#5416=ORIENTED_EDGE('',*,*,#3957,.T.);
#5417=ORIENTED_EDGE('',*,*,#3958,.T.);
#5418=ORIENTED_EDGE('',*,*,#3954,.F.);
#5419=ORIENTED_EDGE('',*,*,#3959,.F.);
#5420=ORIENTED_EDGE('',*,*,#3960,.T.);
#5421=ORIENTED_EDGE('',*,*,#3961,.T.);
#5422=ORIENTED_EDGE('',*,*,#3957,.F.);
#5423=ORIENTED_EDGE('',*,*,#3962,.F.);
#5424=ORIENTED_EDGE('',*,*,#3963,.T.);
#5425=ORIENTED_EDGE('',*,*,#3964,.T.);
#5426=ORIENTED_EDGE('',*,*,#3960,.F.);
#5427=ORIENTED_EDGE('',*,*,#3965,.F.);
#5428=ORIENTED_EDGE('',*,*,#3966,.T.);
#5429=ORIENTED_EDGE('',*,*,#3967,.T.);
#5430=ORIENTED_EDGE('',*,*,#3963,.F.);
#5431=ORIENTED_EDGE('',*,*,#3968,.F.);
#5432=ORIENTED_EDGE('',*,*,#3969,.T.);
#5433=ORIENTED_EDGE('',*,*,#3970,.T.);
#5434=ORIENTED_EDGE('',*,*,#3966,.F.);
#5435=ORIENTED_EDGE('',*,*,#3971,.F.);
#5436=ORIENTED_EDGE('',*,*,#3895,.T.);
#5437=ORIENTED_EDGE('',*,*,#3972,.T.);
#5438=ORIENTED_EDGE('',*,*,#3969,.F.);
#5439=ORIENTED_EDGE('',*,*,#3972,.F.);
#5440=ORIENTED_EDGE('',*,*,#3894,.F.);
#5441=ORIENTED_EDGE('',*,*,#3898,.F.);
#5442=ORIENTED_EDGE('',*,*,#3901,.F.);
#5443=ORIENTED_EDGE('',*,*,#3904,.F.);
#5444=ORIENTED_EDGE('',*,*,#3907,.F.);
#5445=ORIENTED_EDGE('',*,*,#3910,.F.);
#5446=ORIENTED_EDGE('',*,*,#3913,.F.);
#5447=ORIENTED_EDGE('',*,*,#3916,.F.);
#5448=ORIENTED_EDGE('',*,*,#3919,.F.);
#5449=ORIENTED_EDGE('',*,*,#3922,.F.);
#5450=ORIENTED_EDGE('',*,*,#3925,.F.);
#5451=ORIENTED_EDGE('',*,*,#3928,.F.);
#5452=ORIENTED_EDGE('',*,*,#3931,.F.);
#5453=ORIENTED_EDGE('',*,*,#3934,.F.);
#5454=ORIENTED_EDGE('',*,*,#3937,.F.);
#5455=ORIENTED_EDGE('',*,*,#3940,.F.);
#5456=ORIENTED_EDGE('',*,*,#3943,.F.);
#5457=ORIENTED_EDGE('',*,*,#3946,.F.);
#5458=ORIENTED_EDGE('',*,*,#3949,.F.);
#5459=ORIENTED_EDGE('',*,*,#3952,.F.);
#5460=ORIENTED_EDGE('',*,*,#3955,.F.);
#5461=ORIENTED_EDGE('',*,*,#3958,.F.);
#5462=ORIENTED_EDGE('',*,*,#3961,.F.);
#5463=ORIENTED_EDGE('',*,*,#3964,.F.);
#5464=ORIENTED_EDGE('',*,*,#3967,.F.);
#5465=ORIENTED_EDGE('',*,*,#3970,.F.);
#5466=ORIENTED_EDGE('',*,*,#3891,.F.);
#5467=ORIENTED_EDGE('',*,*,#3864,.F.);
#5468=ORIENTED_EDGE('',*,*,#3868,.F.);
#5469=ORIENTED_EDGE('',*,*,#3871,.F.);
#5470=ORIENTED_EDGE('',*,*,#3874,.F.);
#5471=ORIENTED_EDGE('',*,*,#3877,.F.);
#5472=ORIENTED_EDGE('',*,*,#3880,.F.);
#5473=ORIENTED_EDGE('',*,*,#3883,.F.);
#5474=ORIENTED_EDGE('',*,*,#3886,.F.);
#5475=ORIENTED_EDGE('',*,*,#3889,.F.);
#5476=ORIENTED_EDGE('',*,*,#3973,.F.);
#5477=ORIENTED_EDGE('',*,*,#3974,.T.);
#5478=ORIENTED_EDGE('',*,*,#3975,.T.);
#5479=ORIENTED_EDGE('',*,*,#3976,.F.);
#5480=ORIENTED_EDGE('',*,*,#3977,.F.);
#5481=ORIENTED_EDGE('',*,*,#3978,.T.);
#5482=ORIENTED_EDGE('',*,*,#3979,.T.);
#5483=ORIENTED_EDGE('',*,*,#3974,.F.);
#5484=ORIENTED_EDGE('',*,*,#3980,.F.);
#5485=ORIENTED_EDGE('',*,*,#3981,.T.);
#5486=ORIENTED_EDGE('',*,*,#3982,.T.);
#5487=ORIENTED_EDGE('',*,*,#3978,.F.);
#5488=ORIENTED_EDGE('',*,*,#3983,.F.);
#5489=ORIENTED_EDGE('',*,*,#3984,.T.);
#5490=ORIENTED_EDGE('',*,*,#3985,.T.);
#5491=ORIENTED_EDGE('',*,*,#3981,.F.);
#5492=ORIENTED_EDGE('',*,*,#3986,.F.);
#5493=ORIENTED_EDGE('',*,*,#3987,.T.);
#5494=ORIENTED_EDGE('',*,*,#3988,.T.);
#5495=ORIENTED_EDGE('',*,*,#3984,.F.);
#5496=ORIENTED_EDGE('',*,*,#3989,.F.);
#5497=ORIENTED_EDGE('',*,*,#3990,.T.);
#5498=ORIENTED_EDGE('',*,*,#3991,.T.);
#5499=ORIENTED_EDGE('',*,*,#3987,.F.);
#5500=ORIENTED_EDGE('',*,*,#3992,.F.);
#5501=ORIENTED_EDGE('',*,*,#3993,.T.);
#5502=ORIENTED_EDGE('',*,*,#3994,.T.);
#5503=ORIENTED_EDGE('',*,*,#3990,.F.);
#5504=ORIENTED_EDGE('',*,*,#3995,.F.);
#5505=ORIENTED_EDGE('',*,*,#3976,.T.);
#5506=ORIENTED_EDGE('',*,*,#3996,.T.);
#5507=ORIENTED_EDGE('',*,*,#3993,.F.);
#5508=ORIENTED_EDGE('',*,*,#3997,.F.);
#5509=ORIENTED_EDGE('',*,*,#3998,.T.);
#5510=ORIENTED_EDGE('',*,*,#3999,.T.);
#5511=ORIENTED_EDGE('',*,*,#4000,.F.);
#5512=ORIENTED_EDGE('',*,*,#4001,.F.);
#5513=ORIENTED_EDGE('',*,*,#4002,.T.);
#5514=ORIENTED_EDGE('',*,*,#4003,.T.);
#5515=ORIENTED_EDGE('',*,*,#3998,.F.);
#5516=ORIENTED_EDGE('',*,*,#4004,.F.);
#5517=ORIENTED_EDGE('',*,*,#4005,.T.);
#5518=ORIENTED_EDGE('',*,*,#4006,.T.);
#5519=ORIENTED_EDGE('',*,*,#4002,.F.);
#5520=ORIENTED_EDGE('',*,*,#4007,.F.);
#5521=ORIENTED_EDGE('',*,*,#4008,.T.);
#5522=ORIENTED_EDGE('',*,*,#4009,.T.);
#5523=ORIENTED_EDGE('',*,*,#4005,.F.);
#5524=ORIENTED_EDGE('',*,*,#4010,.F.);
#5525=ORIENTED_EDGE('',*,*,#4011,.T.);
#5526=ORIENTED_EDGE('',*,*,#4012,.T.);
#5527=ORIENTED_EDGE('',*,*,#4008,.F.);
#5528=ORIENTED_EDGE('',*,*,#4013,.F.);
#5529=ORIENTED_EDGE('',*,*,#4014,.T.);
#5530=ORIENTED_EDGE('',*,*,#4015,.T.);
#5531=ORIENTED_EDGE('',*,*,#4011,.F.);
#5532=ORIENTED_EDGE('',*,*,#4016,.F.);
#5533=ORIENTED_EDGE('',*,*,#4017,.T.);
#5534=ORIENTED_EDGE('',*,*,#4018,.T.);
#5535=ORIENTED_EDGE('',*,*,#4014,.F.);
#5536=ORIENTED_EDGE('',*,*,#4019,.F.);
#5537=ORIENTED_EDGE('',*,*,#4020,.T.);
#5538=ORIENTED_EDGE('',*,*,#4021,.T.);
#5539=ORIENTED_EDGE('',*,*,#4017,.F.);
#5540=ORIENTED_EDGE('',*,*,#4022,.F.);
#5541=ORIENTED_EDGE('',*,*,#4023,.T.);
#5542=ORIENTED_EDGE('',*,*,#4024,.T.);
#5543=ORIENTED_EDGE('',*,*,#4020,.F.);
#5544=ORIENTED_EDGE('',*,*,#4025,.F.);
#5545=ORIENTED_EDGE('',*,*,#4026,.T.);
#5546=ORIENTED_EDGE('',*,*,#4027,.T.);
#5547=ORIENTED_EDGE('',*,*,#4023,.F.);
#5548=ORIENTED_EDGE('',*,*,#4028,.F.);
#5549=ORIENTED_EDGE('',*,*,#4029,.T.);
#5550=ORIENTED_EDGE('',*,*,#4030,.T.);
#5551=ORIENTED_EDGE('',*,*,#4026,.F.);
#5552=ORIENTED_EDGE('',*,*,#4031,.F.);
#5553=ORIENTED_EDGE('',*,*,#4032,.T.);
#5554=ORIENTED_EDGE('',*,*,#4033,.T.);
#5555=ORIENTED_EDGE('',*,*,#4029,.F.);
#5556=ORIENTED_EDGE('',*,*,#4034,.F.);
#5557=ORIENTED_EDGE('',*,*,#4035,.T.);
#5558=ORIENTED_EDGE('',*,*,#4036,.T.);
#5559=ORIENTED_EDGE('',*,*,#4032,.F.);
#5560=ORIENTED_EDGE('',*,*,#4037,.F.);
#5561=ORIENTED_EDGE('',*,*,#4000,.T.);
#5562=ORIENTED_EDGE('',*,*,#4038,.T.);
#5563=ORIENTED_EDGE('',*,*,#4035,.F.);
#5564=ORIENTED_EDGE('',*,*,#4038,.F.);
#5565=ORIENTED_EDGE('',*,*,#3999,.F.);
#5566=ORIENTED_EDGE('',*,*,#4003,.F.);
#5567=ORIENTED_EDGE('',*,*,#4006,.F.);
#5568=ORIENTED_EDGE('',*,*,#4009,.F.);
#5569=ORIENTED_EDGE('',*,*,#4012,.F.);
#5570=ORIENTED_EDGE('',*,*,#4015,.F.);
#5571=ORIENTED_EDGE('',*,*,#4018,.F.);
#5572=ORIENTED_EDGE('',*,*,#4021,.F.);
#5573=ORIENTED_EDGE('',*,*,#4024,.F.);
#5574=ORIENTED_EDGE('',*,*,#4027,.F.);
#5575=ORIENTED_EDGE('',*,*,#4030,.F.);
#5576=ORIENTED_EDGE('',*,*,#4033,.F.);
#5577=ORIENTED_EDGE('',*,*,#4036,.F.);
#5578=ORIENTED_EDGE('',*,*,#3996,.F.);
#5579=ORIENTED_EDGE('',*,*,#3975,.F.);
#5580=ORIENTED_EDGE('',*,*,#3979,.F.);
#5581=ORIENTED_EDGE('',*,*,#3982,.F.);
#5582=ORIENTED_EDGE('',*,*,#3985,.F.);
#5583=ORIENTED_EDGE('',*,*,#3988,.F.);
#5584=ORIENTED_EDGE('',*,*,#3991,.F.);
#5585=ORIENTED_EDGE('',*,*,#3994,.F.);
#5586=ORIENTED_EDGE('',*,*,#4039,.F.);
#5587=ORIENTED_EDGE('',*,*,#4040,.T.);
#5588=ORIENTED_EDGE('',*,*,#4041,.T.);
#5589=ORIENTED_EDGE('',*,*,#4042,.F.);
#5590=ORIENTED_EDGE('',*,*,#4043,.F.);
#5591=ORIENTED_EDGE('',*,*,#4044,.T.);
#5592=ORIENTED_EDGE('',*,*,#4045,.T.);
#5593=ORIENTED_EDGE('',*,*,#4040,.F.);
#5594=ORIENTED_EDGE('',*,*,#4046,.F.);
#5595=ORIENTED_EDGE('',*,*,#4047,.T.);
#5596=ORIENTED_EDGE('',*,*,#4048,.T.);
#5597=ORIENTED_EDGE('',*,*,#4044,.F.);
#5598=ORIENTED_EDGE('',*,*,#4049,.F.);
#5599=ORIENTED_EDGE('',*,*,#4050,.T.);
#5600=ORIENTED_EDGE('',*,*,#4051,.T.);
#5601=ORIENTED_EDGE('',*,*,#4047,.F.);
#5602=ORIENTED_EDGE('',*,*,#4052,.F.);
#5603=ORIENTED_EDGE('',*,*,#4053,.T.);
#5604=ORIENTED_EDGE('',*,*,#4054,.T.);
#5605=ORIENTED_EDGE('',*,*,#4050,.F.);
#5606=ORIENTED_EDGE('',*,*,#4055,.F.);
#5607=ORIENTED_EDGE('',*,*,#4056,.T.);
#5608=ORIENTED_EDGE('',*,*,#4057,.T.);
#5609=ORIENTED_EDGE('',*,*,#4053,.F.);
#5610=ORIENTED_EDGE('',*,*,#4058,.F.);
#5611=ORIENTED_EDGE('',*,*,#4059,.T.);
#5612=ORIENTED_EDGE('',*,*,#4060,.T.);
#5613=ORIENTED_EDGE('',*,*,#4056,.F.);
#5614=ORIENTED_EDGE('',*,*,#4061,.F.);
#5615=ORIENTED_EDGE('',*,*,#4062,.T.);
#5616=ORIENTED_EDGE('',*,*,#4063,.T.);
#5617=ORIENTED_EDGE('',*,*,#4059,.F.);
#5618=ORIENTED_EDGE('',*,*,#4064,.F.);
#5619=ORIENTED_EDGE('',*,*,#4065,.T.);
#5620=ORIENTED_EDGE('',*,*,#4066,.T.);
#5621=ORIENTED_EDGE('',*,*,#4062,.F.);
#5622=ORIENTED_EDGE('',*,*,#4067,.F.);
#5623=ORIENTED_EDGE('',*,*,#4068,.T.);
#5624=ORIENTED_EDGE('',*,*,#4069,.T.);
#5625=ORIENTED_EDGE('',*,*,#4065,.F.);
#5626=ORIENTED_EDGE('',*,*,#4070,.F.);
#5627=ORIENTED_EDGE('',*,*,#4071,.T.);
#5628=ORIENTED_EDGE('',*,*,#4072,.T.);
#5629=ORIENTED_EDGE('',*,*,#4068,.F.);
#5630=ORIENTED_EDGE('',*,*,#4073,.F.);
#5631=ORIENTED_EDGE('',*,*,#4074,.T.);
#5632=ORIENTED_EDGE('',*,*,#4075,.T.);
#5633=ORIENTED_EDGE('',*,*,#4071,.F.);
#5634=ORIENTED_EDGE('',*,*,#4076,.F.);
#5635=ORIENTED_EDGE('',*,*,#4077,.T.);
#5636=ORIENTED_EDGE('',*,*,#4078,.T.);
#5637=ORIENTED_EDGE('',*,*,#4074,.F.);
#5638=ORIENTED_EDGE('',*,*,#4079,.F.);
#5639=ORIENTED_EDGE('',*,*,#4080,.T.);
#5640=ORIENTED_EDGE('',*,*,#4081,.T.);
#5641=ORIENTED_EDGE('',*,*,#4077,.F.);
#5642=ORIENTED_EDGE('',*,*,#4082,.F.);
#5643=ORIENTED_EDGE('',*,*,#4083,.T.);
#5644=ORIENTED_EDGE('',*,*,#4084,.T.);
#5645=ORIENTED_EDGE('',*,*,#4080,.F.);
#5646=ORIENTED_EDGE('',*,*,#4085,.F.);
#5647=ORIENTED_EDGE('',*,*,#4086,.T.);
#5648=ORIENTED_EDGE('',*,*,#4087,.T.);
#5649=ORIENTED_EDGE('',*,*,#4083,.F.);
#5650=ORIENTED_EDGE('',*,*,#4088,.F.);
#5651=ORIENTED_EDGE('',*,*,#4089,.T.);
#5652=ORIENTED_EDGE('',*,*,#4090,.T.);
#5653=ORIENTED_EDGE('',*,*,#4086,.F.);
#5654=ORIENTED_EDGE('',*,*,#4091,.F.);
#5655=ORIENTED_EDGE('',*,*,#4042,.T.);
#5656=ORIENTED_EDGE('',*,*,#4092,.T.);
#5657=ORIENTED_EDGE('',*,*,#4089,.F.);
#5658=ORIENTED_EDGE('',*,*,#4092,.F.);
#5659=ORIENTED_EDGE('',*,*,#4041,.F.);
#5660=ORIENTED_EDGE('',*,*,#4045,.F.);
#5661=ORIENTED_EDGE('',*,*,#4048,.F.);
#5662=ORIENTED_EDGE('',*,*,#4051,.F.);
#5663=ORIENTED_EDGE('',*,*,#4054,.F.);
#5664=ORIENTED_EDGE('',*,*,#4057,.F.);
#5665=ORIENTED_EDGE('',*,*,#4060,.F.);
#5666=ORIENTED_EDGE('',*,*,#4063,.F.);
#5667=ORIENTED_EDGE('',*,*,#4066,.F.);
#5668=ORIENTED_EDGE('',*,*,#4069,.F.);
#5669=ORIENTED_EDGE('',*,*,#4072,.F.);
#5670=ORIENTED_EDGE('',*,*,#4075,.F.);
#5671=ORIENTED_EDGE('',*,*,#4078,.F.);
#5672=ORIENTED_EDGE('',*,*,#4081,.F.);
#5673=ORIENTED_EDGE('',*,*,#4084,.F.);
#5674=ORIENTED_EDGE('',*,*,#4087,.F.);
#5675=ORIENTED_EDGE('',*,*,#4090,.F.);
#5676=ORIENTED_EDGE('',*,*,#4093,.F.);
#5677=ORIENTED_EDGE('',*,*,#4094,.T.);
#5678=ORIENTED_EDGE('',*,*,#4095,.T.);
#5679=ORIENTED_EDGE('',*,*,#4096,.F.);
#5680=ORIENTED_EDGE('',*,*,#4097,.F.);
#5681=ORIENTED_EDGE('',*,*,#4098,.T.);
#5682=ORIENTED_EDGE('',*,*,#4099,.T.);
#5683=ORIENTED_EDGE('',*,*,#4094,.F.);
#5684=ORIENTED_EDGE('',*,*,#4100,.F.);
#5685=ORIENTED_EDGE('',*,*,#4101,.T.);
#5686=ORIENTED_EDGE('',*,*,#4102,.T.);
#5687=ORIENTED_EDGE('',*,*,#4098,.F.);
#5688=ORIENTED_EDGE('',*,*,#4103,.F.);
#5689=ORIENTED_EDGE('',*,*,#4104,.T.);
#5690=ORIENTED_EDGE('',*,*,#4105,.T.);
#5691=ORIENTED_EDGE('',*,*,#4101,.F.);
#5692=ORIENTED_EDGE('',*,*,#4106,.F.);
#5693=ORIENTED_EDGE('',*,*,#4107,.T.);
#5694=ORIENTED_EDGE('',*,*,#4108,.T.);
#5695=ORIENTED_EDGE('',*,*,#4104,.F.);
#5696=ORIENTED_EDGE('',*,*,#4109,.F.);
#5697=ORIENTED_EDGE('',*,*,#4110,.T.);
#5698=ORIENTED_EDGE('',*,*,#4111,.T.);
#5699=ORIENTED_EDGE('',*,*,#4107,.F.);
#5700=ORIENTED_EDGE('',*,*,#4112,.F.);
#5701=ORIENTED_EDGE('',*,*,#4113,.T.);
#5702=ORIENTED_EDGE('',*,*,#4114,.T.);
#5703=ORIENTED_EDGE('',*,*,#4110,.F.);
#5704=ORIENTED_EDGE('',*,*,#4115,.F.);
#5705=ORIENTED_EDGE('',*,*,#4116,.T.);
#5706=ORIENTED_EDGE('',*,*,#4117,.T.);
#5707=ORIENTED_EDGE('',*,*,#4113,.F.);
#5708=ORIENTED_EDGE('',*,*,#4118,.F.);
#5709=ORIENTED_EDGE('',*,*,#4119,.T.);
#5710=ORIENTED_EDGE('',*,*,#4120,.T.);
#5711=ORIENTED_EDGE('',*,*,#4116,.F.);
#5712=ORIENTED_EDGE('',*,*,#4121,.F.);
#5713=ORIENTED_EDGE('',*,*,#4122,.T.);
#5714=ORIENTED_EDGE('',*,*,#4123,.T.);
#5715=ORIENTED_EDGE('',*,*,#4119,.F.);
#5716=ORIENTED_EDGE('',*,*,#4124,.F.);
#5717=ORIENTED_EDGE('',*,*,#4125,.T.);
#5718=ORIENTED_EDGE('',*,*,#4126,.T.);
#5719=ORIENTED_EDGE('',*,*,#4122,.F.);
#5720=ORIENTED_EDGE('',*,*,#4127,.F.);
#5721=ORIENTED_EDGE('',*,*,#4128,.T.);
#5722=ORIENTED_EDGE('',*,*,#4129,.T.);
#5723=ORIENTED_EDGE('',*,*,#4125,.F.);
#5724=ORIENTED_EDGE('',*,*,#4130,.F.);
#5725=ORIENTED_EDGE('',*,*,#4131,.T.);
#5726=ORIENTED_EDGE('',*,*,#4132,.T.);
#5727=ORIENTED_EDGE('',*,*,#4128,.F.);
#5728=ORIENTED_EDGE('',*,*,#4133,.F.);
#5729=ORIENTED_EDGE('',*,*,#4134,.T.);
#5730=ORIENTED_EDGE('',*,*,#4135,.T.);
#5731=ORIENTED_EDGE('',*,*,#4131,.F.);
#5732=ORIENTED_EDGE('',*,*,#4136,.F.);
#5733=ORIENTED_EDGE('',*,*,#4137,.T.);
#5734=ORIENTED_EDGE('',*,*,#4138,.T.);
#5735=ORIENTED_EDGE('',*,*,#4134,.F.);
#5736=ORIENTED_EDGE('',*,*,#4139,.F.);
#5737=ORIENTED_EDGE('',*,*,#4140,.T.);
#5738=ORIENTED_EDGE('',*,*,#4141,.T.);
#5739=ORIENTED_EDGE('',*,*,#4137,.F.);
#5740=ORIENTED_EDGE('',*,*,#4142,.F.);
#5741=ORIENTED_EDGE('',*,*,#4143,.T.);
#5742=ORIENTED_EDGE('',*,*,#4144,.T.);
#5743=ORIENTED_EDGE('',*,*,#4140,.F.);
#5744=ORIENTED_EDGE('',*,*,#4145,.F.);
#5745=ORIENTED_EDGE('',*,*,#4096,.T.);
#5746=ORIENTED_EDGE('',*,*,#4146,.T.);
#5747=ORIENTED_EDGE('',*,*,#4143,.F.);
#5748=ORIENTED_EDGE('',*,*,#4146,.F.);
#5749=ORIENTED_EDGE('',*,*,#4095,.F.);
#5750=ORIENTED_EDGE('',*,*,#4099,.F.);
#5751=ORIENTED_EDGE('',*,*,#4102,.F.);
#5752=ORIENTED_EDGE('',*,*,#4105,.F.);
#5753=ORIENTED_EDGE('',*,*,#4108,.F.);
#5754=ORIENTED_EDGE('',*,*,#4111,.F.);
#5755=ORIENTED_EDGE('',*,*,#4114,.F.);
#5756=ORIENTED_EDGE('',*,*,#4117,.F.);
#5757=ORIENTED_EDGE('',*,*,#4120,.F.);
#5758=ORIENTED_EDGE('',*,*,#4123,.F.);
#5759=ORIENTED_EDGE('',*,*,#4126,.F.);
#5760=ORIENTED_EDGE('',*,*,#4129,.F.);
#5761=ORIENTED_EDGE('',*,*,#4132,.F.);
#5762=ORIENTED_EDGE('',*,*,#4135,.F.);
#5763=ORIENTED_EDGE('',*,*,#4138,.F.);
#5764=ORIENTED_EDGE('',*,*,#4141,.F.);
#5765=ORIENTED_EDGE('',*,*,#4144,.F.);
#5766=ORIENTED_EDGE('',*,*,#4147,.F.);
#5767=ORIENTED_EDGE('',*,*,#4148,.T.);
#5768=ORIENTED_EDGE('',*,*,#4149,.T.);
#5769=ORIENTED_EDGE('',*,*,#4150,.F.);
#5770=ORIENTED_EDGE('',*,*,#4151,.F.);
#5771=ORIENTED_EDGE('',*,*,#4152,.T.);
#5772=ORIENTED_EDGE('',*,*,#4153,.T.);
#5773=ORIENTED_EDGE('',*,*,#4148,.F.);
#5774=ORIENTED_EDGE('',*,*,#4154,.F.);
#5775=ORIENTED_EDGE('',*,*,#4155,.T.);
#5776=ORIENTED_EDGE('',*,*,#4156,.T.);
#5777=ORIENTED_EDGE('',*,*,#4152,.F.);
#5778=ORIENTED_EDGE('',*,*,#4157,.F.);
#5779=ORIENTED_EDGE('',*,*,#4158,.T.);
#5780=ORIENTED_EDGE('',*,*,#4159,.T.);
#5781=ORIENTED_EDGE('',*,*,#4155,.F.);
#5782=ORIENTED_EDGE('',*,*,#4160,.F.);
#5783=ORIENTED_EDGE('',*,*,#4161,.T.);
#5784=ORIENTED_EDGE('',*,*,#4162,.T.);
#5785=ORIENTED_EDGE('',*,*,#4158,.F.);
#5786=ORIENTED_EDGE('',*,*,#4163,.F.);
#5787=ORIENTED_EDGE('',*,*,#4164,.T.);
#5788=ORIENTED_EDGE('',*,*,#4165,.T.);
#5789=ORIENTED_EDGE('',*,*,#4161,.F.);
#5790=ORIENTED_EDGE('',*,*,#4166,.F.);
#5791=ORIENTED_EDGE('',*,*,#4167,.T.);
#5792=ORIENTED_EDGE('',*,*,#4168,.T.);
#5793=ORIENTED_EDGE('',*,*,#4164,.F.);
#5794=ORIENTED_EDGE('',*,*,#4169,.F.);
#5795=ORIENTED_EDGE('',*,*,#4170,.T.);
#5796=ORIENTED_EDGE('',*,*,#4171,.T.);
#5797=ORIENTED_EDGE('',*,*,#4167,.F.);
#5798=ORIENTED_EDGE('',*,*,#4172,.F.);
#5799=ORIENTED_EDGE('',*,*,#4173,.T.);
#5800=ORIENTED_EDGE('',*,*,#4174,.T.);
#5801=ORIENTED_EDGE('',*,*,#4170,.F.);
#5802=ORIENTED_EDGE('',*,*,#4175,.F.);
#5803=ORIENTED_EDGE('',*,*,#4176,.T.);
#5804=ORIENTED_EDGE('',*,*,#4177,.T.);
#5805=ORIENTED_EDGE('',*,*,#4173,.F.);
#5806=ORIENTED_EDGE('',*,*,#4178,.F.);
#5807=ORIENTED_EDGE('',*,*,#4179,.T.);
#5808=ORIENTED_EDGE('',*,*,#4180,.T.);
#5809=ORIENTED_EDGE('',*,*,#4176,.F.);
#5810=ORIENTED_EDGE('',*,*,#4181,.F.);
#5811=ORIENTED_EDGE('',*,*,#4182,.T.);
#5812=ORIENTED_EDGE('',*,*,#4183,.T.);
#5813=ORIENTED_EDGE('',*,*,#4179,.F.);
#5814=ORIENTED_EDGE('',*,*,#4184,.F.);
#5815=ORIENTED_EDGE('',*,*,#4185,.T.);
#5816=ORIENTED_EDGE('',*,*,#4186,.T.);
#5817=ORIENTED_EDGE('',*,*,#4182,.F.);
#5818=ORIENTED_EDGE('',*,*,#4187,.F.);
#5819=ORIENTED_EDGE('',*,*,#4188,.T.);
#5820=ORIENTED_EDGE('',*,*,#4189,.T.);
#5821=ORIENTED_EDGE('',*,*,#4185,.F.);
#5822=ORIENTED_EDGE('',*,*,#4190,.F.);
#5823=ORIENTED_EDGE('',*,*,#4150,.T.);
#5824=ORIENTED_EDGE('',*,*,#4191,.T.);
#5825=ORIENTED_EDGE('',*,*,#4188,.F.);
#5826=ORIENTED_EDGE('',*,*,#4191,.F.);
#5827=ORIENTED_EDGE('',*,*,#4149,.F.);
#5828=ORIENTED_EDGE('',*,*,#4153,.F.);
#5829=ORIENTED_EDGE('',*,*,#4156,.F.);
#5830=ORIENTED_EDGE('',*,*,#4159,.F.);
#5831=ORIENTED_EDGE('',*,*,#4162,.F.);
#5832=ORIENTED_EDGE('',*,*,#4165,.F.);
#5833=ORIENTED_EDGE('',*,*,#4168,.F.);
#5834=ORIENTED_EDGE('',*,*,#4171,.F.);
#5835=ORIENTED_EDGE('',*,*,#4174,.F.);
#5836=ORIENTED_EDGE('',*,*,#4177,.F.);
#5837=ORIENTED_EDGE('',*,*,#4180,.F.);
#5838=ORIENTED_EDGE('',*,*,#4183,.F.);
#5839=ORIENTED_EDGE('',*,*,#4186,.F.);
#5840=ORIENTED_EDGE('',*,*,#4189,.F.);
#5841=ORIENTED_EDGE('',*,*,#4192,.F.);
#5842=ORIENTED_EDGE('',*,*,#4193,.T.);
#5843=ORIENTED_EDGE('',*,*,#4194,.F.);
#5844=ORIENTED_EDGE('',*,*,#4195,.T.);
#5845=ORIENTED_EDGE('',*,*,#4196,.T.);
#5846=ORIENTED_EDGE('',*,*,#4197,.T.);
#5847=ORIENTED_EDGE('',*,*,#4198,.T.);
#5848=ORIENTED_EDGE('',*,*,#4199,.T.);
#5849=ORIENTED_EDGE('',*,*,#4200,.F.);
#5850=ORIENTED_EDGE('',*,*,#4201,.T.);
#5851=ORIENTED_EDGE('',*,*,#4202,.F.);
#5852=ORIENTED_EDGE('',*,*,#4203,.T.);
#5853=ORIENTED_EDGE('',*,*,#4204,.F.);
#5854=ORIENTED_EDGE('',*,*,#4205,.F.);
#5855=ORIENTED_EDGE('',*,*,#4206,.F.);
#5856=ORIENTED_EDGE('',*,*,#4207,.F.);
#5857=ORIENTED_EDGE('',*,*,#4208,.F.);
#5858=ORIENTED_EDGE('',*,*,#4209,.F.);
#5859=ORIENTED_EDGE('',*,*,#4210,.F.);
#5860=ORIENTED_EDGE('',*,*,#4211,.F.);
#5861=ORIENTED_EDGE('',*,*,#4212,.F.);
#5862=ORIENTED_EDGE('',*,*,#4213,.F.);
#5863=ORIENTED_EDGE('',*,*,#4214,.F.);
#5864=ORIENTED_EDGE('',*,*,#4215,.F.);
#5865=ORIENTED_EDGE('',*,*,#4216,.F.);
#5866=ORIENTED_EDGE('',*,*,#4217,.F.);
#5867=ORIENTED_EDGE('',*,*,#4218,.F.);
#5868=ORIENTED_EDGE('',*,*,#4219,.F.);
#5869=ORIENTED_EDGE('',*,*,#4220,.F.);
#5870=ORIENTED_EDGE('',*,*,#4221,.F.);
#5871=ORIENTED_EDGE('',*,*,#4222,.F.);
#5872=ORIENTED_EDGE('',*,*,#4223,.F.);
#5873=ORIENTED_EDGE('',*,*,#4224,.F.);
#5874=ORIENTED_EDGE('',*,*,#4225,.F.);
#5875=ORIENTED_EDGE('',*,*,#4226,.F.);
#5876=ORIENTED_EDGE('',*,*,#4227,.F.);
#5877=ORIENTED_EDGE('',*,*,#4228,.F.);
#5878=ORIENTED_EDGE('',*,*,#4229,.F.);
#5879=ORIENTED_EDGE('',*,*,#4230,.F.);
#5880=ORIENTED_EDGE('',*,*,#4231,.F.);
#5881=ORIENTED_EDGE('',*,*,#4232,.F.);
#5882=ORIENTED_EDGE('',*,*,#4233,.F.);
#5883=ORIENTED_EDGE('',*,*,#4234,.F.);
#5884=ORIENTED_EDGE('',*,*,#4235,.F.);
#5885=ORIENTED_EDGE('',*,*,#4236,.F.);
#5886=ORIENTED_EDGE('',*,*,#4237,.F.);
#5887=ORIENTED_EDGE('',*,*,#4238,.F.);
#5888=ORIENTED_EDGE('',*,*,#4239,.F.);
#5889=ORIENTED_EDGE('',*,*,#4147,.T.);
#5890=ORIENTED_EDGE('',*,*,#4190,.T.);
#5891=ORIENTED_EDGE('',*,*,#4187,.T.);
#5892=ORIENTED_EDGE('',*,*,#4184,.T.);
#5893=ORIENTED_EDGE('',*,*,#4181,.T.);
#5894=ORIENTED_EDGE('',*,*,#4178,.T.);
#5895=ORIENTED_EDGE('',*,*,#4175,.T.);
#5896=ORIENTED_EDGE('',*,*,#4172,.T.);
#5897=ORIENTED_EDGE('',*,*,#4169,.T.);
#5898=ORIENTED_EDGE('',*,*,#4166,.T.);
#5899=ORIENTED_EDGE('',*,*,#4163,.T.);
#5900=ORIENTED_EDGE('',*,*,#4160,.T.);
#5901=ORIENTED_EDGE('',*,*,#4157,.T.);
#5902=ORIENTED_EDGE('',*,*,#4154,.T.);
#5903=ORIENTED_EDGE('',*,*,#4151,.T.);
#5904=ORIENTED_EDGE('',*,*,#4093,.T.);
#5905=ORIENTED_EDGE('',*,*,#4145,.T.);
#5906=ORIENTED_EDGE('',*,*,#4142,.T.);
#5907=ORIENTED_EDGE('',*,*,#4139,.T.);
#5908=ORIENTED_EDGE('',*,*,#4136,.T.);
#5909=ORIENTED_EDGE('',*,*,#4133,.T.);
#5910=ORIENTED_EDGE('',*,*,#4130,.T.);
#5911=ORIENTED_EDGE('',*,*,#4127,.T.);
#5912=ORIENTED_EDGE('',*,*,#4124,.T.);
#5913=ORIENTED_EDGE('',*,*,#4121,.T.);
#5914=ORIENTED_EDGE('',*,*,#4118,.T.);
#5915=ORIENTED_EDGE('',*,*,#4115,.T.);
#5916=ORIENTED_EDGE('',*,*,#4112,.T.);
#5917=ORIENTED_EDGE('',*,*,#4109,.T.);
#5918=ORIENTED_EDGE('',*,*,#4106,.T.);
#5919=ORIENTED_EDGE('',*,*,#4103,.T.);
#5920=ORIENTED_EDGE('',*,*,#4100,.T.);
#5921=ORIENTED_EDGE('',*,*,#4097,.T.);
#5922=ORIENTED_EDGE('',*,*,#4039,.T.);
#5923=ORIENTED_EDGE('',*,*,#4091,.T.);
#5924=ORIENTED_EDGE('',*,*,#4088,.T.);
#5925=ORIENTED_EDGE('',*,*,#4085,.T.);
#5926=ORIENTED_EDGE('',*,*,#4082,.T.);
#5927=ORIENTED_EDGE('',*,*,#4079,.T.);
#5928=ORIENTED_EDGE('',*,*,#4076,.T.);
#5929=ORIENTED_EDGE('',*,*,#4073,.T.);
#5930=ORIENTED_EDGE('',*,*,#4070,.T.);
#5931=ORIENTED_EDGE('',*,*,#4067,.T.);
#5932=ORIENTED_EDGE('',*,*,#4064,.T.);
#5933=ORIENTED_EDGE('',*,*,#4061,.T.);
#5934=ORIENTED_EDGE('',*,*,#4058,.T.);
#5935=ORIENTED_EDGE('',*,*,#4055,.T.);
#5936=ORIENTED_EDGE('',*,*,#4052,.T.);
#5937=ORIENTED_EDGE('',*,*,#4049,.T.);
#5938=ORIENTED_EDGE('',*,*,#4046,.T.);
#5939=ORIENTED_EDGE('',*,*,#4043,.T.);
#5940=ORIENTED_EDGE('',*,*,#3997,.T.);
#5941=ORIENTED_EDGE('',*,*,#4037,.T.);
#5942=ORIENTED_EDGE('',*,*,#4034,.T.);
#5943=ORIENTED_EDGE('',*,*,#4031,.T.);
#5944=ORIENTED_EDGE('',*,*,#4028,.T.);
#5945=ORIENTED_EDGE('',*,*,#4025,.T.);
#5946=ORIENTED_EDGE('',*,*,#4022,.T.);
#5947=ORIENTED_EDGE('',*,*,#4019,.T.);
#5948=ORIENTED_EDGE('',*,*,#4016,.T.);
#5949=ORIENTED_EDGE('',*,*,#4013,.T.);
#5950=ORIENTED_EDGE('',*,*,#4010,.T.);
#5951=ORIENTED_EDGE('',*,*,#4007,.T.);
#5952=ORIENTED_EDGE('',*,*,#4004,.T.);
#5953=ORIENTED_EDGE('',*,*,#4001,.T.);
#5954=ORIENTED_EDGE('',*,*,#3892,.T.);
#5955=ORIENTED_EDGE('',*,*,#3971,.T.);
#5956=ORIENTED_EDGE('',*,*,#3968,.T.);
#5957=ORIENTED_EDGE('',*,*,#3965,.T.);
#5958=ORIENTED_EDGE('',*,*,#3962,.T.);
#5959=ORIENTED_EDGE('',*,*,#3959,.T.);
#5960=ORIENTED_EDGE('',*,*,#3956,.T.);
#5961=ORIENTED_EDGE('',*,*,#3953,.T.);
#5962=ORIENTED_EDGE('',*,*,#3950,.T.);
#5963=ORIENTED_EDGE('',*,*,#3947,.T.);
#5964=ORIENTED_EDGE('',*,*,#3944,.T.);
#5965=ORIENTED_EDGE('',*,*,#3941,.T.);
#5966=ORIENTED_EDGE('',*,*,#3938,.T.);
#5967=ORIENTED_EDGE('',*,*,#3935,.T.);
#5968=ORIENTED_EDGE('',*,*,#3932,.T.);
#5969=ORIENTED_EDGE('',*,*,#3929,.T.);
#5970=ORIENTED_EDGE('',*,*,#3926,.T.);
#5971=ORIENTED_EDGE('',*,*,#3923,.T.);
#5972=ORIENTED_EDGE('',*,*,#3920,.T.);
#5973=ORIENTED_EDGE('',*,*,#3917,.T.);
#5974=ORIENTED_EDGE('',*,*,#3914,.T.);
#5975=ORIENTED_EDGE('',*,*,#3911,.T.);
#5976=ORIENTED_EDGE('',*,*,#3908,.T.);
#5977=ORIENTED_EDGE('',*,*,#3905,.T.);
#5978=ORIENTED_EDGE('',*,*,#3902,.T.);
#5979=ORIENTED_EDGE('',*,*,#3899,.T.);
#5980=ORIENTED_EDGE('',*,*,#3896,.T.);
#5981=ORIENTED_EDGE('',*,*,#3826,.T.);
#5982=ORIENTED_EDGE('',*,*,#3860,.T.);
#5983=ORIENTED_EDGE('',*,*,#3857,.T.);
#5984=ORIENTED_EDGE('',*,*,#3854,.T.);
#5985=ORIENTED_EDGE('',*,*,#3851,.T.);
#5986=ORIENTED_EDGE('',*,*,#3848,.T.);
#5987=ORIENTED_EDGE('',*,*,#3845,.T.);
#5988=ORIENTED_EDGE('',*,*,#3842,.T.);
#5989=ORIENTED_EDGE('',*,*,#3839,.T.);
#5990=ORIENTED_EDGE('',*,*,#3836,.T.);
#5991=ORIENTED_EDGE('',*,*,#3833,.T.);
#5992=ORIENTED_EDGE('',*,*,#3830,.T.);
#5993=ORIENTED_EDGE('',*,*,#3745,.T.);
#5994=ORIENTED_EDGE('',*,*,#3824,.T.);
#5995=ORIENTED_EDGE('',*,*,#3821,.T.);
#5996=ORIENTED_EDGE('',*,*,#3818,.T.);
#5997=ORIENTED_EDGE('',*,*,#3815,.T.);
#5998=ORIENTED_EDGE('',*,*,#3812,.T.);
#5999=ORIENTED_EDGE('',*,*,#3809,.T.);
#6000=ORIENTED_EDGE('',*,*,#3806,.T.);
#6001=ORIENTED_EDGE('',*,*,#3803,.T.);
#6002=ORIENTED_EDGE('',*,*,#3800,.T.);
#6003=ORIENTED_EDGE('',*,*,#3797,.T.);
#6004=ORIENTED_EDGE('',*,*,#3794,.T.);
#6005=ORIENTED_EDGE('',*,*,#3791,.T.);
#6006=ORIENTED_EDGE('',*,*,#3788,.T.);
#6007=ORIENTED_EDGE('',*,*,#3785,.T.);
#6008=ORIENTED_EDGE('',*,*,#3782,.T.);
#6009=ORIENTED_EDGE('',*,*,#3779,.T.);
#6010=ORIENTED_EDGE('',*,*,#3776,.T.);
#6011=ORIENTED_EDGE('',*,*,#3773,.T.);
#6012=ORIENTED_EDGE('',*,*,#3770,.T.);
#6013=ORIENTED_EDGE('',*,*,#3767,.T.);
#6014=ORIENTED_EDGE('',*,*,#3764,.T.);
#6015=ORIENTED_EDGE('',*,*,#3761,.T.);
#6016=ORIENTED_EDGE('',*,*,#3758,.T.);
#6017=ORIENTED_EDGE('',*,*,#3755,.T.);
#6018=ORIENTED_EDGE('',*,*,#3752,.T.);
#6019=ORIENTED_EDGE('',*,*,#3749,.T.);
#6020=ORIENTED_EDGE('',*,*,#3670,.T.);
#6021=ORIENTED_EDGE('',*,*,#3713,.T.);
#6022=ORIENTED_EDGE('',*,*,#3710,.T.);
#6023=ORIENTED_EDGE('',*,*,#3707,.T.);
#6024=ORIENTED_EDGE('',*,*,#3704,.T.);
#6025=ORIENTED_EDGE('',*,*,#3701,.T.);
#6026=ORIENTED_EDGE('',*,*,#3698,.T.);
#6027=ORIENTED_EDGE('',*,*,#3695,.T.);
#6028=ORIENTED_EDGE('',*,*,#3692,.T.);
#6029=ORIENTED_EDGE('',*,*,#3689,.T.);
#6030=ORIENTED_EDGE('',*,*,#3686,.T.);
#6031=ORIENTED_EDGE('',*,*,#3683,.T.);
#6032=ORIENTED_EDGE('',*,*,#3680,.T.);
#6033=ORIENTED_EDGE('',*,*,#3677,.T.);
#6034=ORIENTED_EDGE('',*,*,#3674,.T.);
#6035=ORIENTED_EDGE('',*,*,#3589,.T.);
#6036=ORIENTED_EDGE('',*,*,#3644,.T.);
#6037=ORIENTED_EDGE('',*,*,#3641,.T.);
#6038=ORIENTED_EDGE('',*,*,#3638,.T.);
#6039=ORIENTED_EDGE('',*,*,#3635,.T.);
#6040=ORIENTED_EDGE('',*,*,#3632,.T.);
#6041=ORIENTED_EDGE('',*,*,#3629,.T.);
#6042=ORIENTED_EDGE('',*,*,#3626,.T.);
#6043=ORIENTED_EDGE('',*,*,#3623,.T.);
#6044=ORIENTED_EDGE('',*,*,#3620,.T.);
#6045=ORIENTED_EDGE('',*,*,#3617,.T.);
#6046=ORIENTED_EDGE('',*,*,#3614,.T.);
#6047=ORIENTED_EDGE('',*,*,#3611,.T.);
#6048=ORIENTED_EDGE('',*,*,#3608,.T.);
#6049=ORIENTED_EDGE('',*,*,#3605,.T.);
#6050=ORIENTED_EDGE('',*,*,#3602,.T.);
#6051=ORIENTED_EDGE('',*,*,#3599,.T.);
#6052=ORIENTED_EDGE('',*,*,#3596,.T.);
#6053=ORIENTED_EDGE('',*,*,#3593,.T.);
#6054=ORIENTED_EDGE('',*,*,#3553,.T.);
#6055=ORIENTED_EDGE('',*,*,#3587,.T.);
#6056=ORIENTED_EDGE('',*,*,#3584,.T.);
#6057=ORIENTED_EDGE('',*,*,#3581,.T.);
#6058=ORIENTED_EDGE('',*,*,#3578,.T.);
#6059=ORIENTED_EDGE('',*,*,#3575,.T.);
#6060=ORIENTED_EDGE('',*,*,#3572,.T.);
#6061=ORIENTED_EDGE('',*,*,#3569,.T.);
#6062=ORIENTED_EDGE('',*,*,#3566,.T.);
#6063=ORIENTED_EDGE('',*,*,#3563,.T.);
#6064=ORIENTED_EDGE('',*,*,#3560,.T.);
#6065=ORIENTED_EDGE('',*,*,#3557,.T.);
#6066=ORIENTED_EDGE('',*,*,#3454,.T.);
#6067=ORIENTED_EDGE('',*,*,#3551,.T.);
#6068=ORIENTED_EDGE('',*,*,#3548,.T.);
#6069=ORIENTED_EDGE('',*,*,#3545,.T.);
#6070=ORIENTED_EDGE('',*,*,#3542,.T.);
#6071=ORIENTED_EDGE('',*,*,#3539,.T.);
#6072=ORIENTED_EDGE('',*,*,#3536,.T.);
#6073=ORIENTED_EDGE('',*,*,#3533,.T.);
#6074=ORIENTED_EDGE('',*,*,#3530,.T.);
#6075=ORIENTED_EDGE('',*,*,#3527,.T.);
#6076=ORIENTED_EDGE('',*,*,#3524,.T.);
#6077=ORIENTED_EDGE('',*,*,#3521,.T.);
#6078=ORIENTED_EDGE('',*,*,#3518,.T.);
#6079=ORIENTED_EDGE('',*,*,#3515,.T.);
#6080=ORIENTED_EDGE('',*,*,#3512,.T.);
#6081=ORIENTED_EDGE('',*,*,#3509,.T.);
#6082=ORIENTED_EDGE('',*,*,#3506,.T.);
#6083=ORIENTED_EDGE('',*,*,#3503,.T.);
#6084=ORIENTED_EDGE('',*,*,#3500,.T.);
#6085=ORIENTED_EDGE('',*,*,#3497,.T.);
#6086=ORIENTED_EDGE('',*,*,#3494,.T.);
#6087=ORIENTED_EDGE('',*,*,#3491,.T.);
#6088=ORIENTED_EDGE('',*,*,#3488,.T.);
#6089=ORIENTED_EDGE('',*,*,#3485,.T.);
#6090=ORIENTED_EDGE('',*,*,#3482,.T.);
#6091=ORIENTED_EDGE('',*,*,#3479,.T.);
#6092=ORIENTED_EDGE('',*,*,#3476,.T.);
#6093=ORIENTED_EDGE('',*,*,#3473,.T.);
#6094=ORIENTED_EDGE('',*,*,#3470,.T.);
#6095=ORIENTED_EDGE('',*,*,#3467,.T.);
#6096=ORIENTED_EDGE('',*,*,#3464,.T.);
#6097=ORIENTED_EDGE('',*,*,#3461,.T.);
#6098=ORIENTED_EDGE('',*,*,#3458,.T.);
#6099=ORIENTED_EDGE('',*,*,#3400,.T.);
#6100=ORIENTED_EDGE('',*,*,#3452,.T.);
#6101=ORIENTED_EDGE('',*,*,#3449,.T.);
#6102=ORIENTED_EDGE('',*,*,#3446,.T.);
#6103=ORIENTED_EDGE('',*,*,#3443,.T.);
#6104=ORIENTED_EDGE('',*,*,#3440,.T.);
#6105=ORIENTED_EDGE('',*,*,#3437,.T.);
#6106=ORIENTED_EDGE('',*,*,#3434,.T.);
#6107=ORIENTED_EDGE('',*,*,#3431,.T.);
#6108=ORIENTED_EDGE('',*,*,#3428,.T.);
#6109=ORIENTED_EDGE('',*,*,#3425,.T.);
#6110=ORIENTED_EDGE('',*,*,#3422,.T.);
#6111=ORIENTED_EDGE('',*,*,#3419,.T.);
#6112=ORIENTED_EDGE('',*,*,#3416,.T.);
#6113=ORIENTED_EDGE('',*,*,#3413,.T.);
#6114=ORIENTED_EDGE('',*,*,#3410,.T.);
#6115=ORIENTED_EDGE('',*,*,#3407,.T.);
#6116=ORIENTED_EDGE('',*,*,#3404,.T.);
#6117=ORIENTED_EDGE('',*,*,#3319,.T.);
#6118=ORIENTED_EDGE('',*,*,#3398,.T.);
#6119=ORIENTED_EDGE('',*,*,#3395,.T.);
#6120=ORIENTED_EDGE('',*,*,#3392,.T.);
#6121=ORIENTED_EDGE('',*,*,#3389,.T.);
#6122=ORIENTED_EDGE('',*,*,#3386,.T.);
#6123=ORIENTED_EDGE('',*,*,#3383,.T.);
#6124=ORIENTED_EDGE('',*,*,#3380,.T.);
#6125=ORIENTED_EDGE('',*,*,#3377,.T.);
#6126=ORIENTED_EDGE('',*,*,#3374,.T.);
#6127=ORIENTED_EDGE('',*,*,#3371,.T.);
#6128=ORIENTED_EDGE('',*,*,#3368,.T.);
#6129=ORIENTED_EDGE('',*,*,#3365,.T.);
#6130=ORIENTED_EDGE('',*,*,#3362,.T.);
#6131=ORIENTED_EDGE('',*,*,#3359,.T.);
#6132=ORIENTED_EDGE('',*,*,#3356,.T.);
#6133=ORIENTED_EDGE('',*,*,#3353,.T.);
#6134=ORIENTED_EDGE('',*,*,#3350,.T.);
#6135=ORIENTED_EDGE('',*,*,#3347,.T.);
#6136=ORIENTED_EDGE('',*,*,#3344,.T.);
#6137=ORIENTED_EDGE('',*,*,#3341,.T.);
#6138=ORIENTED_EDGE('',*,*,#3338,.T.);
#6139=ORIENTED_EDGE('',*,*,#3335,.T.);
#6140=ORIENTED_EDGE('',*,*,#3332,.T.);
#6141=ORIENTED_EDGE('',*,*,#3329,.T.);
#6142=ORIENTED_EDGE('',*,*,#3326,.T.);
#6143=ORIENTED_EDGE('',*,*,#3323,.T.);
#6144=ORIENTED_EDGE('',*,*,#3973,.T.);
#6145=ORIENTED_EDGE('',*,*,#3995,.T.);
#6146=ORIENTED_EDGE('',*,*,#3992,.T.);
#6147=ORIENTED_EDGE('',*,*,#3989,.T.);
#6148=ORIENTED_EDGE('',*,*,#3986,.T.);
#6149=ORIENTED_EDGE('',*,*,#3983,.T.);
#6150=ORIENTED_EDGE('',*,*,#3980,.T.);
#6151=ORIENTED_EDGE('',*,*,#3977,.T.);
#6152=ORIENTED_EDGE('',*,*,#3862,.T.);
#6153=ORIENTED_EDGE('',*,*,#3890,.T.);
#6154=ORIENTED_EDGE('',*,*,#3887,.T.);
#6155=ORIENTED_EDGE('',*,*,#3884,.T.);
#6156=ORIENTED_EDGE('',*,*,#3881,.T.);
#6157=ORIENTED_EDGE('',*,*,#3878,.T.);
#6158=ORIENTED_EDGE('',*,*,#3875,.T.);
#6159=ORIENTED_EDGE('',*,*,#3872,.T.);
#6160=ORIENTED_EDGE('',*,*,#3869,.T.);
#6161=ORIENTED_EDGE('',*,*,#3866,.T.);
#6162=ORIENTED_EDGE('',*,*,#3715,.T.);
#6163=ORIENTED_EDGE('',*,*,#3743,.T.);
#6164=ORIENTED_EDGE('',*,*,#3740,.T.);
#6165=ORIENTED_EDGE('',*,*,#3737,.T.);
#6166=ORIENTED_EDGE('',*,*,#3734,.T.);
#6167=ORIENTED_EDGE('',*,*,#3731,.T.);
#6168=ORIENTED_EDGE('',*,*,#3728,.T.);
#6169=ORIENTED_EDGE('',*,*,#3725,.T.);
#6170=ORIENTED_EDGE('',*,*,#3722,.T.);
#6171=ORIENTED_EDGE('',*,*,#3719,.T.);
#6172=ORIENTED_EDGE('',*,*,#3646,.T.);
#6173=ORIENTED_EDGE('',*,*,#3668,.T.);
#6174=ORIENTED_EDGE('',*,*,#3665,.T.);
#6175=ORIENTED_EDGE('',*,*,#3662,.T.);
#6176=ORIENTED_EDGE('',*,*,#3659,.T.);
#6177=ORIENTED_EDGE('',*,*,#3656,.T.);
#6178=ORIENTED_EDGE('',*,*,#3653,.T.);
#6179=ORIENTED_EDGE('',*,*,#3650,.T.);
#6180=ORIENTED_EDGE('',*,*,#4240,.T.);
#6181=ORIENTED_EDGE('',*,*,#4241,.T.);
#6182=ORIENTED_EDGE('',*,*,#4192,.T.);
#6183=ORIENTED_EDGE('',*,*,#4242,.T.);
#6184=ORIENTED_EDGE('',*,*,#3289,.T.);
#6185=ORIENTED_EDGE('',*,*,#3317,.T.);
#6186=ORIENTED_EDGE('',*,*,#3314,.T.);
#6187=ORIENTED_EDGE('',*,*,#3311,.T.);
#6188=ORIENTED_EDGE('',*,*,#3308,.T.);
#6189=ORIENTED_EDGE('',*,*,#3305,.T.);
#6190=ORIENTED_EDGE('',*,*,#3302,.T.);
#6191=ORIENTED_EDGE('',*,*,#3299,.T.);
#6192=ORIENTED_EDGE('',*,*,#3296,.T.);
#6193=ORIENTED_EDGE('',*,*,#3293,.T.);
#6194=ORIENTED_EDGE('',*,*,#4241,.F.);
#6195=ORIENTED_EDGE('',*,*,#4243,.F.);
#6196=ORIENTED_EDGE('',*,*,#4244,.F.);
#6197=ORIENTED_EDGE('',*,*,#4193,.F.);
#6198=ORIENTED_EDGE('',*,*,#4245,.T.);
#6199=ORIENTED_EDGE('',*,*,#4246,.T.);
#6200=ORIENTED_EDGE('',*,*,#4194,.T.);
#6201=ORIENTED_EDGE('',*,*,#4244,.T.);
#6202=ORIENTED_EDGE('',*,*,#4247,.T.);
#6203=ORIENTED_EDGE('',*,*,#4248,.T.);
#6204=ORIENTED_EDGE('',*,*,#4200,.T.);
#6205=ORIENTED_EDGE('',*,*,#4249,.T.);
#6206=ORIENTED_EDGE('',*,*,#4249,.F.);
#6207=ORIENTED_EDGE('',*,*,#4199,.F.);
#6208=ORIENTED_EDGE('',*,*,#4250,.T.);
#6209=ORIENTED_EDGE('',*,*,#4251,.F.);
#6210=ORIENTED_EDGE('',*,*,#4252,.T.);
#6211=ORIENTED_EDGE('',*,*,#4253,.T.);
#6212=ORIENTED_EDGE('',*,*,#4202,.T.);
#6213=ORIENTED_EDGE('',*,*,#4254,.T.);
#6214=ORIENTED_EDGE('',*,*,#4242,.F.);
#6215=ORIENTED_EDGE('',*,*,#4203,.F.);
#6216=ORIENTED_EDGE('',*,*,#4253,.F.);
#6217=ORIENTED_EDGE('',*,*,#4255,.F.);
#6218=ORIENTED_EDGE('',*,*,#4205,.T.);
#6219=ORIENTED_EDGE('',*,*,#4256,.T.);
#6220=ORIENTED_EDGE('',*,*,#4257,.F.);
#6221=ORIENTED_EDGE('',*,*,#4258,.F.);
#6222=ORIENTED_EDGE('',*,*,#4206,.T.);
#6223=ORIENTED_EDGE('',*,*,#4258,.T.);
#6224=ORIENTED_EDGE('',*,*,#4259,.F.);
#6225=ORIENTED_EDGE('',*,*,#4260,.F.);
#6226=ORIENTED_EDGE('',*,*,#4207,.T.);
#6227=ORIENTED_EDGE('',*,*,#4260,.T.);
#6228=ORIENTED_EDGE('',*,*,#4261,.F.);
#6229=ORIENTED_EDGE('',*,*,#4262,.F.);
#6230=ORIENTED_EDGE('',*,*,#4208,.T.);
#6231=ORIENTED_EDGE('',*,*,#4262,.T.);
#6232=ORIENTED_EDGE('',*,*,#4263,.F.);
#6233=ORIENTED_EDGE('',*,*,#4264,.F.);
#6234=ORIENTED_EDGE('',*,*,#4209,.T.);
#6235=ORIENTED_EDGE('',*,*,#4264,.T.);
#6236=ORIENTED_EDGE('',*,*,#4265,.F.);
#6237=ORIENTED_EDGE('',*,*,#4266,.F.);
#6238=ORIENTED_EDGE('',*,*,#4210,.T.);
#6239=ORIENTED_EDGE('',*,*,#4266,.T.);
#6240=ORIENTED_EDGE('',*,*,#4267,.F.);
#6241=ORIENTED_EDGE('',*,*,#4268,.F.);
#6242=ORIENTED_EDGE('',*,*,#4211,.T.);
#6243=ORIENTED_EDGE('',*,*,#4268,.T.);
#6244=ORIENTED_EDGE('',*,*,#4269,.F.);
#6245=ORIENTED_EDGE('',*,*,#4270,.F.);
#6246=ORIENTED_EDGE('',*,*,#4204,.T.);
#6247=ORIENTED_EDGE('',*,*,#4270,.T.);
#6248=ORIENTED_EDGE('',*,*,#4271,.F.);
#6249=ORIENTED_EDGE('',*,*,#4256,.F.);
#6250=ORIENTED_EDGE('',*,*,#4272,.F.);
#6251=ORIENTED_EDGE('',*,*,#4273,.T.);
#6252=ORIENTED_EDGE('',*,*,#4212,.T.);
#6253=ORIENTED_EDGE('',*,*,#4273,.F.);
#6254=ORIENTED_EDGE('',*,*,#4274,.F.);
#6255=ORIENTED_EDGE('',*,*,#4275,.T.);
#6256=ORIENTED_EDGE('',*,*,#4213,.T.);
#6257=ORIENTED_EDGE('',*,*,#4275,.F.);
#6258=ORIENTED_EDGE('',*,*,#4276,.F.);
#6259=ORIENTED_EDGE('',*,*,#4277,.T.);
#6260=ORIENTED_EDGE('',*,*,#4214,.T.);
#6261=ORIENTED_EDGE('',*,*,#4277,.F.);
#6262=ORIENTED_EDGE('',*,*,#4216,.T.);
#6263=ORIENTED_EDGE('',*,*,#4278,.T.);
#6264=ORIENTED_EDGE('',*,*,#4279,.F.);
#6265=ORIENTED_EDGE('',*,*,#4280,.F.);
#6266=ORIENTED_EDGE('',*,*,#4217,.T.);
#6267=ORIENTED_EDGE('',*,*,#4280,.T.);
#6268=ORIENTED_EDGE('',*,*,#4281,.F.);
#6269=ORIENTED_EDGE('',*,*,#4282,.F.);
#6270=ORIENTED_EDGE('',*,*,#4218,.T.);
#6271=ORIENTED_EDGE('',*,*,#4282,.T.);
#6272=ORIENTED_EDGE('',*,*,#4283,.F.);
#6273=ORIENTED_EDGE('',*,*,#4284,.F.);
#6274=ORIENTED_EDGE('',*,*,#4219,.T.);
#6275=ORIENTED_EDGE('',*,*,#4284,.T.);
#6276=ORIENTED_EDGE('',*,*,#4285,.F.);
#6277=ORIENTED_EDGE('',*,*,#4286,.F.);
#6278=ORIENTED_EDGE('',*,*,#4220,.T.);
#6279=ORIENTED_EDGE('',*,*,#4286,.T.);
#6280=ORIENTED_EDGE('',*,*,#4287,.F.);
#6281=ORIENTED_EDGE('',*,*,#4288,.F.);
#6282=ORIENTED_EDGE('',*,*,#4221,.T.);
#6283=ORIENTED_EDGE('',*,*,#4288,.T.);
#6284=ORIENTED_EDGE('',*,*,#4289,.F.);
#6285=ORIENTED_EDGE('',*,*,#4290,.F.);
#6286=ORIENTED_EDGE('',*,*,#4222,.T.);
#6287=ORIENTED_EDGE('',*,*,#4290,.T.);
#6288=ORIENTED_EDGE('',*,*,#4291,.F.);
#6289=ORIENTED_EDGE('',*,*,#4292,.F.);
#6290=ORIENTED_EDGE('',*,*,#4215,.T.);
#6291=ORIENTED_EDGE('',*,*,#4292,.T.);
#6292=ORIENTED_EDGE('',*,*,#4293,.F.);
#6293=ORIENTED_EDGE('',*,*,#4278,.F.);
#6294=ORIENTED_EDGE('',*,*,#4224,.T.);
#6295=ORIENTED_EDGE('',*,*,#4294,.T.);
#6296=ORIENTED_EDGE('',*,*,#4295,.F.);
#6297=ORIENTED_EDGE('',*,*,#4296,.F.);
#6298=ORIENTED_EDGE('',*,*,#4225,.T.);
#6299=ORIENTED_EDGE('',*,*,#4296,.T.);
#6300=ORIENTED_EDGE('',*,*,#4297,.F.);
#6301=ORIENTED_EDGE('',*,*,#4298,.F.);
#6302=ORIENTED_EDGE('',*,*,#4226,.T.);
#6303=ORIENTED_EDGE('',*,*,#4298,.T.);
#6304=ORIENTED_EDGE('',*,*,#4299,.F.);
#6305=ORIENTED_EDGE('',*,*,#4300,.F.);
#6306=ORIENTED_EDGE('',*,*,#4227,.T.);
#6307=ORIENTED_EDGE('',*,*,#4300,.T.);
#6308=ORIENTED_EDGE('',*,*,#4301,.F.);
#6309=ORIENTED_EDGE('',*,*,#4302,.F.);
#6310=ORIENTED_EDGE('',*,*,#4228,.T.);
#6311=ORIENTED_EDGE('',*,*,#4302,.T.);
#6312=ORIENTED_EDGE('',*,*,#4303,.F.);
#6313=ORIENTED_EDGE('',*,*,#4304,.F.);
#6314=ORIENTED_EDGE('',*,*,#4229,.T.);
#6315=ORIENTED_EDGE('',*,*,#4304,.T.);
#6316=ORIENTED_EDGE('',*,*,#4305,.F.);
#6317=ORIENTED_EDGE('',*,*,#4306,.F.);
#6318=ORIENTED_EDGE('',*,*,#4230,.T.);
#6319=ORIENTED_EDGE('',*,*,#4306,.T.);
#6320=ORIENTED_EDGE('',*,*,#4307,.F.);
#6321=ORIENTED_EDGE('',*,*,#4308,.F.);
#6322=ORIENTED_EDGE('',*,*,#4223,.T.);
#6323=ORIENTED_EDGE('',*,*,#4308,.T.);
#6324=ORIENTED_EDGE('',*,*,#4309,.F.);
#6325=ORIENTED_EDGE('',*,*,#4294,.F.);
#6326=ORIENTED_EDGE('',*,*,#4232,.T.);
#6327=ORIENTED_EDGE('',*,*,#4310,.T.);
#6328=ORIENTED_EDGE('',*,*,#4311,.F.);
#6329=ORIENTED_EDGE('',*,*,#4312,.F.);
#6330=ORIENTED_EDGE('',*,*,#4233,.T.);
#6331=ORIENTED_EDGE('',*,*,#4312,.T.);
#6332=ORIENTED_EDGE('',*,*,#4313,.F.);
#6333=ORIENTED_EDGE('',*,*,#4314,.F.);
#6334=ORIENTED_EDGE('',*,*,#4234,.T.);
#6335=ORIENTED_EDGE('',*,*,#4314,.T.);
#6336=ORIENTED_EDGE('',*,*,#4315,.F.);
#6337=ORIENTED_EDGE('',*,*,#4316,.F.);
#6338=ORIENTED_EDGE('',*,*,#4235,.T.);
#6339=ORIENTED_EDGE('',*,*,#4316,.T.);
#6340=ORIENTED_EDGE('',*,*,#4317,.F.);
#6341=ORIENTED_EDGE('',*,*,#4318,.F.);
#6342=ORIENTED_EDGE('',*,*,#4236,.T.);
#6343=ORIENTED_EDGE('',*,*,#4318,.T.);
#6344=ORIENTED_EDGE('',*,*,#4319,.F.);
#6345=ORIENTED_EDGE('',*,*,#4320,.F.);
#6346=ORIENTED_EDGE('',*,*,#4237,.T.);
#6347=ORIENTED_EDGE('',*,*,#4320,.T.);
#6348=ORIENTED_EDGE('',*,*,#4321,.F.);
#6349=ORIENTED_EDGE('',*,*,#4322,.F.);
#6350=ORIENTED_EDGE('',*,*,#4238,.T.);
#6351=ORIENTED_EDGE('',*,*,#4322,.T.);
#6352=ORIENTED_EDGE('',*,*,#4323,.F.);
#6353=ORIENTED_EDGE('',*,*,#4324,.F.);
#6354=ORIENTED_EDGE('',*,*,#4231,.T.);
#6355=ORIENTED_EDGE('',*,*,#4324,.T.);
#6356=ORIENTED_EDGE('',*,*,#4325,.F.);
#6357=ORIENTED_EDGE('',*,*,#4310,.F.);
#6358=ORIENTED_EDGE('',*,*,#4326,.F.);
#6359=ORIENTED_EDGE('',*,*,#4327,.T.);
#6360=ORIENTED_EDGE('',*,*,#4239,.T.);
#6361=ORIENTED_EDGE('',*,*,#4327,.F.);
#6362=ORIENTED_EDGE('',*,*,#4198,.F.);
#6363=ORIENTED_EDGE('',*,*,#4328,.T.);
#6364=ORIENTED_EDGE('',*,*,#4329,.F.);
#6365=ORIENTED_EDGE('',*,*,#4250,.F.);
#6366=ORIENTED_EDGE('',*,*,#4248,.F.);
#6367=ORIENTED_EDGE('',*,*,#4330,.F.);
#6368=ORIENTED_EDGE('',*,*,#4254,.F.);
#6369=ORIENTED_EDGE('',*,*,#4201,.F.);
#6370=ORIENTED_EDGE('',*,*,#4246,.F.);
#6371=ORIENTED_EDGE('',*,*,#4331,.F.);
#6372=ORIENTED_EDGE('',*,*,#4332,.F.);
#6373=ORIENTED_EDGE('',*,*,#4195,.F.);
#6374=ORIENTED_EDGE('',*,*,#4196,.F.);
#6375=ORIENTED_EDGE('',*,*,#4332,.T.);
#6376=ORIENTED_EDGE('',*,*,#4333,.F.);
#6377=ORIENTED_EDGE('',*,*,#4334,.F.);
#6378=ORIENTED_EDGE('',*,*,#4197,.F.);
#6379=ORIENTED_EDGE('',*,*,#4334,.T.);
#6380=ORIENTED_EDGE('',*,*,#4335,.F.);
#6381=ORIENTED_EDGE('',*,*,#4328,.F.);
#6382=ORIENTED_EDGE('',*,*,#4240,.F.);
#6383=ORIENTED_EDGE('',*,*,#4255,.T.);
#6384=ORIENTED_EDGE('',*,*,#4252,.F.);
#6385=ORIENTED_EDGE('',*,*,#4330,.T.);
#6386=ORIENTED_EDGE('',*,*,#4247,.F.);
#6387=ORIENTED_EDGE('',*,*,#4251,.T.);
#6388=ORIENTED_EDGE('',*,*,#4329,.T.);
#6389=ORIENTED_EDGE('',*,*,#4335,.T.);
#6390=ORIENTED_EDGE('',*,*,#4333,.T.);
#6391=ORIENTED_EDGE('',*,*,#4331,.T.);
#6392=ORIENTED_EDGE('',*,*,#4245,.F.);
#6393=ORIENTED_EDGE('',*,*,#4243,.T.);
#6394=ORIENTED_EDGE('',*,*,#4326,.T.);
#6395=ORIENTED_EDGE('',*,*,#4325,.T.);
#6396=ORIENTED_EDGE('',*,*,#4323,.T.);
#6397=ORIENTED_EDGE('',*,*,#4321,.T.);
#6398=ORIENTED_EDGE('',*,*,#4319,.T.);
#6399=ORIENTED_EDGE('',*,*,#4317,.T.);
#6400=ORIENTED_EDGE('',*,*,#4315,.T.);
#6401=ORIENTED_EDGE('',*,*,#4313,.T.);
#6402=ORIENTED_EDGE('',*,*,#4311,.T.);
#6403=ORIENTED_EDGE('',*,*,#4309,.T.);
#6404=ORIENTED_EDGE('',*,*,#4307,.T.);
#6405=ORIENTED_EDGE('',*,*,#4305,.T.);
#6406=ORIENTED_EDGE('',*,*,#4303,.T.);
#6407=ORIENTED_EDGE('',*,*,#4301,.T.);
#6408=ORIENTED_EDGE('',*,*,#4299,.T.);
#6409=ORIENTED_EDGE('',*,*,#4297,.T.);
#6410=ORIENTED_EDGE('',*,*,#4295,.T.);
#6411=ORIENTED_EDGE('',*,*,#4293,.T.);
#6412=ORIENTED_EDGE('',*,*,#4291,.T.);
#6413=ORIENTED_EDGE('',*,*,#4289,.T.);
#6414=ORIENTED_EDGE('',*,*,#4287,.T.);
#6415=ORIENTED_EDGE('',*,*,#4285,.T.);
#6416=ORIENTED_EDGE('',*,*,#4283,.T.);
#6417=ORIENTED_EDGE('',*,*,#4281,.T.);
#6418=ORIENTED_EDGE('',*,*,#4279,.T.);
#6419=ORIENTED_EDGE('',*,*,#4276,.T.);
#6420=ORIENTED_EDGE('',*,*,#4274,.T.);
#6421=ORIENTED_EDGE('',*,*,#4272,.T.);
#6422=ORIENTED_EDGE('',*,*,#4271,.T.);
#6423=ORIENTED_EDGE('',*,*,#4269,.T.);
#6424=ORIENTED_EDGE('',*,*,#4267,.T.);
#6425=ORIENTED_EDGE('',*,*,#4265,.T.);
#6426=ORIENTED_EDGE('',*,*,#4263,.T.);
#6427=ORIENTED_EDGE('',*,*,#4261,.T.);
#6428=ORIENTED_EDGE('',*,*,#4259,.T.);
#6429=ORIENTED_EDGE('',*,*,#4257,.T.);
#6430=B_SPLINE_SURFACE_WITH_KNOTS('',3,1,((#8206,#8207),(#8208,#8209),(#8210,
#8211),(#8212,#8213),(#8214,#8215)),.UNSPECIFIED.,.F.,.F.,.F.,(4,1,4),(2,
2),(0.,0.0107190242883606,0.0250097704133738),(0.,0.02),.UNSPECIFIED.);
#6431=B_SPLINE_SURFACE_WITH_KNOTS('',3,1,((#8232,#8233),(#8234,#8235),(#8236,
#8237),(#8238,#8239),(#8240,#8241)),.UNSPECIFIED.,.F.,.F.,.F.,(4,1,4),(2,
2),(0.,0.012077770771131,0.0237853294767909),(0.,0.02),.UNSPECIFIED.);
#6432=B_SPLINE_SURFACE_WITH_KNOTS('',3,1,((#8255,#8256),(#8257,#8258),(#8259,
#8260),(#8261,#8262),(#8263,#8264)),.UNSPECIFIED.,.F.,.F.,.F.,(4,1,4),(2,
2),(0.,0.0134933680090233,0.0262110420219475),(0.,0.02),.UNSPECIFIED.);
#6433=B_SPLINE_SURFACE_WITH_KNOTS('',3,1,((#8278,#8279),(#8280,#8281),(#8282,
#8283),(#8284,#8285),(#8286,#8287)),.UNSPECIFIED.,.F.,.F.,.F.,(4,1,4),(2,
2),(0.,0.0103914508439183,0.0230996687709907),(0.,0.02),.UNSPECIFIED.);
#6434=B_SPLINE_SURFACE_WITH_KNOTS('',3,1,((#8301,#8302),(#8303,#8304),(#8305,
#8306),(#8307,#8308),(#8309,#8310)),.UNSPECIFIED.,.F.,.F.,.F.,(4,1,4),(2,
2),(0.,0.00919394959530948,0.018433469491043),(0.,0.02),.UNSPECIFIED.);
#6435=B_SPLINE_SURFACE_WITH_KNOTS('',3,1,((#8324,#8325),(#8326,#8327),(#8328,
#8329),(#8330,#8331),(#8332,#8333)),.UNSPECIFIED.,.F.,.F.,.F.,(4,1,4),(2,
2),(0.,0.00610412393117266,0.0122853261802981),(0.,0.02),.UNSPECIFIED.);
#6436=B_SPLINE_SURFACE_WITH_KNOTS('',3,1,((#8347,#8348),(#8349,#8350),(#8351,
#8352),(#8353,#8354),(#8355,#8356)),.UNSPECIFIED.,.F.,.F.,.F.,(4,1,4),(2,
2),(0.,0.00649556111843269,0.0126914145147905),(0.,0.02),.UNSPECIFIED.);
#6437=B_SPLINE_SURFACE_WITH_KNOTS('',3,1,((#8370,#8371),(#8372,#8373),(#8374,
#8375),(#8376,#8377),(#8378,#8379)),.UNSPECIFIED.,.F.,.F.,.F.,(4,1,4),(2,
2),(0.,0.0131327492861536,0.0220120208340911),(0.,0.02),.UNSPECIFIED.);
#6438=B_SPLINE_SURFACE_WITH_KNOTS('',3,1,((#8393,#8394),(#8395,#8396),(#8397,
#8398),(#8399,#8400),(#8401,#8402)),.UNSPECIFIED.,.F.,.F.,.F.,(4,1,4),(2,
2),(0.,0.017457832631902,0.0412339615821551),(0.,0.02),.UNSPECIFIED.);
#6439=B_SPLINE_SURFACE_WITH_KNOTS('',3,1,((#8428,#8429),(#8430,#8431),(#8432,
#8433),(#8434,#8435),(#8436,#8437)),.UNSPECIFIED.,.F.,.F.,.F.,(4,1,4),(2,
2),(0.,0.00918677294881396,0.0185354325755474),(0.,0.02),.UNSPECIFIED.);
#6440=B_SPLINE_SURFACE_WITH_KNOTS('',3,1,((#8451,#8452),(#8453,#8454),(#8455,
#8456),(#8457,#8458),(#8459,#8460)),.UNSPECIFIED.,.F.,.F.,.F.,(4,1,4),(2,
2),(0.,0.0279529494158737,0.043362882917619),(0.,0.02),.UNSPECIFIED.);
#6441=B_SPLINE_SURFACE_WITH_KNOTS('',3,1,((#8480,#8481),(#8482,#8483),(#8484,
#8485),(#8486,#8487),(#8488,#8489)),.UNSPECIFIED.,.F.,.F.,.F.,(4,1,4),(2,
2),(0.,0.00884751940996848,0.0226981227728412),(0.,0.02),.UNSPECIFIED.);
#6442=B_SPLINE_SURFACE_WITH_KNOTS('',3,1,((#8503,#8504),(#8505,#8506),(#8507,
#8508),(#8509,#8510),(#8511,#8512)),.UNSPECIFIED.,.F.,.F.,.F.,(4,1,4),(2,
2),(0.,0.00880686673984311,0.0185085829150914),(0.,0.02),.UNSPECIFIED.);
#6443=B_SPLINE_SURFACE_WITH_KNOTS('',3,1,((#8526,#8527),(#8528,#8529),(#8530,
#8531),(#8532,#8533),(#8534,#8535)),.UNSPECIFIED.,.F.,.F.,.F.,(4,1,4),(2,
2),(0.,0.0112036139015228,0.0204521153773945),(0.,0.02),.UNSPECIFIED.);
#6444=B_SPLINE_SURFACE_WITH_KNOTS('',3,1,((#8549,#8550),(#8551,#8552),(#8553,
#8554),(#8555,#8556),(#8557,#8558)),.UNSPECIFIED.,.F.,.F.,.F.,(4,1,4),(2,
2),(0.,0.0168498539364946,0.0305815376129495),(0.,0.02),.UNSPECIFIED.);
#6445=B_SPLINE_SURFACE_WITH_KNOTS('',3,1,((#8572,#8573),(#8574,#8575),(#8576,
#8577),(#8578,#8579),(#8580,#8581)),.UNSPECIFIED.,.F.,.F.,.F.,(4,1,4),(2,
2),(0.,0.0157871774190055,0.0333984551172047),(0.,0.02),.UNSPECIFIED.);
#6446=B_SPLINE_SURFACE_WITH_KNOTS('',3,1,((#8595,#8596),(#8597,#8598),(#8599,
#8600),(#8601,#8602),(#8603,#8604)),.UNSPECIFIED.,.F.,.F.,.F.,(4,1,4),(2,
2),(0.,0.0124325829245985,0.0264042509034053),(0.,0.02),.UNSPECIFIED.);
#6447=B_SPLINE_SURFACE_WITH_KNOTS('',3,1,((#8618,#8619),(#8620,#8621),(#8622,
#8623),(#8624,#8625),(#8626,#8627)),.UNSPECIFIED.,.F.,.F.,.F.,(4,1,4),(2,
2),(0.,0.0145902627687876,0.0273098547109404),(0.,0.02),.UNSPECIFIED.);
#6448=B_SPLINE_SURFACE_WITH_KNOTS('',3,1,((#8647,#8648),(#8649,#8650),(#8651,
#8652),(#8653,#8654),(#8655,#8656)),.UNSPECIFIED.,.F.,.F.,.F.,(4,1,4),(2,
2),(0.,0.0110555651232624,0.0250694587155229),(0.,0.02),.UNSPECIFIED.);
#6449=B_SPLINE_SURFACE_WITH_KNOTS('',3,1,((#8670,#8671),(#8672,#8673),(#8674,
#8675),(#8676,#8677),(#8678,#8679)),.UNSPECIFIED.,.F.,.F.,.F.,(4,1,4),(2,
2),(0.,0.0151342471939332,0.0265989978518321),(0.,0.02),.UNSPECIFIED.);
#6450=B_SPLINE_SURFACE_WITH_KNOTS('',3,1,((#8693,#8694),(#8695,#8696),(#8697,
#8698),(#8699,#8700),(#8701,#8702)),.UNSPECIFIED.,.F.,.F.,.F.,(4,1,4),(2,
2),(0.,0.0132593549121324,0.0296606353894706),(0.,0.02),.UNSPECIFIED.);
#6451=B_SPLINE_SURFACE_WITH_KNOTS('',3,1,((#8716,#8717),(#8718,#8719),(#8720,
#8721),(#8722,#8723),(#8724,#8725)),.UNSPECIFIED.,.F.,.F.,.F.,(4,1,4),(2,
2),(0.,0.0129076462383926,0.0227592516903797),(0.,0.02),.UNSPECIFIED.);
#6452=B_SPLINE_SURFACE_WITH_KNOTS('',3,1,((#8739,#8740),(#8741,#8742),(#8743,
#8744),(#8745,#8746),(#8747,#8748)),.UNSPECIFIED.,.F.,.F.,.F.,(4,1,4),(2,
2),(0.,0.0041281453616563,0.00641352255775824),(0.,0.02),.UNSPECIFIED.);
#6453=B_SPLINE_SURFACE_WITH_KNOTS('',3,1,((#8762,#8763),(#8764,#8765),(#8766,
#8767),(#8768,#8769),(#8770,#8771)),.UNSPECIFIED.,.F.,.F.,.F.,(4,1,4),(2,
2),(0.,0.0261096805521994,0.0446557022836431),(0.,0.02),.UNSPECIFIED.);
#6454=B_SPLINE_SURFACE_WITH_KNOTS('',3,1,((#8785,#8786),(#8787,#8788),(#8789,
#8790),(#8791,#8792),(#8793,#8794)),.UNSPECIFIED.,.F.,.F.,.F.,(4,1,4),(2,
2),(0.,0.00926420530142875,0.0221474302810417),(0.,0.02),.UNSPECIFIED.);
#6455=B_SPLINE_SURFACE_WITH_KNOTS('',3,1,((#8808,#8809),(#8810,#8811),(#8812,
#8813),(#8814,#8815),(#8816,#8817)),.UNSPECIFIED.,.F.,.F.,.F.,(4,1,4),(2,
2),(0.,0.0095588590579102,0.0194792924030196),(0.,0.02),.UNSPECIFIED.);
#6456=B_SPLINE_SURFACE_WITH_KNOTS('',3,1,((#8831,#8832),(#8833,#8834),(#8835,
#8836),(#8837,#8838),(#8839,#8840)),.UNSPECIFIED.,.F.,.F.,.F.,(4,1,4),(2,
2),(0.,0.0097039810149507,0.0191192287104762),(0.,0.02),.UNSPECIFIED.);
#6457=B_SPLINE_SURFACE_WITH_KNOTS('',3,1,((#8854,#8855),(#8856,#8857),(#8858,
#8859),(#8860,#8861),(#8862,#8863)),.UNSPECIFIED.,.F.,.F.,.F.,(4,1,4),(2,
2),(0.,0.0102525015268393,0.0201993360483407),(0.,0.02),.UNSPECIFIED.);
#6458=B_SPLINE_SURFACE_WITH_KNOTS('',3,1,((#8877,#8878),(#8879,#8880),(#8881,
#8882),(#8883,#8884),(#8885,#8886)),.UNSPECIFIED.,.F.,.F.,.F.,(4,1,4),(2,
2),(0.,0.0164006736379662,0.0332333764520804),(0.,0.02),.UNSPECIFIED.);
#6459=B_SPLINE_SURFACE_WITH_KNOTS('',3,1,((#8900,#8901),(#8902,#8903),(#8904,
#8905),(#8906,#8907),(#8908,#8909)),.UNSPECIFIED.,.F.,.F.,.F.,(4,1,4),(2,
2),(0.,0.0213123185994453,0.0391862060429926),(0.,0.02),.UNSPECIFIED.);
#6460=B_SPLINE_SURFACE_WITH_KNOTS('',3,1,((#8923,#8924),(#8925,#8926),(#8927,
#8928),(#8929,#8930),(#8931,#8932)),.UNSPECIFIED.,.F.,.F.,.F.,(4,1,4),(2,
2),(0.,0.0135611842192663,0.0276126663208985),(0.,0.02),.UNSPECIFIED.);
#6461=B_SPLINE_SURFACE_WITH_KNOTS('',3,1,((#8946,#8947),(#8948,#8949),(#8950,
#8951),(#8952,#8953),(#8954,#8955)),.UNSPECIFIED.,.F.,.F.,.F.,(4,1,4),(2,
2),(0.,0.0166443695863482,0.0310583628624433),(0.,0.02),.UNSPECIFIED.);
#6462=B_SPLINE_SURFACE_WITH_KNOTS('',3,1,((#8969,#8970),(#8971,#8972),(#8973,
#8974),(#8975,#8976),(#8977,#8978)),.UNSPECIFIED.,.F.,.F.,.F.,(4,1,4),(2,
2),(0.,0.00886194066305453,0.0186085789474002),(0.,0.02),.UNSPECIFIED.);
#6463=B_SPLINE_SURFACE_WITH_KNOTS('',3,1,((#8999,#9000),(#9001,#9002),(#9003,
#9004),(#9005,#9006),(#9007,#9008)),.UNSPECIFIED.,.F.,.F.,.F.,(4,1,4),(2,
2),(0.,0.01676698514353,0.0403028282566161),(0.,0.02),.UNSPECIFIED.);
#6464=B_SPLINE_SURFACE_WITH_KNOTS('',3,1,((#9022,#9023),(#9024,#9025),(#9026,
#9027),(#9028,#9029),(#9030,#9031)),.UNSPECIFIED.,.F.,.F.,.F.,(4,1,4),(2,
2),(0.,0.0148251472329406,0.029357487316319),(0.,0.02),.UNSPECIFIED.);
#6465=B_SPLINE_SURFACE_WITH_KNOTS('',3,1,((#9045,#9046),(#9047,#9048),(#9049,
#9050),(#9051,#9052),(#9053,#9054)),.UNSPECIFIED.,.F.,.F.,.F.,(4,1,4),(2,
2),(0.,0.00859877425405121,0.0178570624277258),(0.,0.02),.UNSPECIFIED.);
#6466=B_SPLINE_SURFACE_WITH_KNOTS('',3,1,((#9068,#9069),(#9070,#9071),(#9072,
#9073),(#9074,#9075),(#9076,#9077)),.UNSPECIFIED.,.F.,.F.,.F.,(4,1,4),(2,
2),(0.,0.00777657918968976,0.0158509503533006),(0.,0.02),.UNSPECIFIED.);
#6467=B_SPLINE_SURFACE_WITH_KNOTS('',3,1,((#9091,#9092),(#9093,#9094),(#9095,
#9096),(#9097,#9098),(#9099,#9100)),.UNSPECIFIED.,.F.,.F.,.F.,(4,1,4),(2,
2),(0.,0.0131334590525451,0.0227058429265667),(0.,0.02),.UNSPECIFIED.);
#6468=B_SPLINE_SURFACE_WITH_KNOTS('',3,1,((#9132,#9133),(#9134,#9135),(#9136,
#9137),(#9138,#9139),(#9140,#9141)),.UNSPECIFIED.,.F.,.F.,.F.,(4,1,4),(2,
2),(0.,0.00943491102854528,0.0239341466041724),(0.,0.02),.UNSPECIFIED.);
#6469=B_SPLINE_SURFACE_WITH_KNOTS('',3,1,((#9155,#9156),(#9157,#9158),(#9159,
#9160),(#9161,#9162),(#9163,#9164)),.UNSPECIFIED.,.F.,.F.,.F.,(4,1,4),(2,
2),(0.,0.00955720852345876,0.0197955467314018),(0.,0.02),.UNSPECIFIED.);
#6470=B_SPLINE_SURFACE_WITH_KNOTS('',3,1,((#9178,#9179),(#9180,#9181),(#9182,
#9183),(#9184,#9185),(#9186,#9187)),.UNSPECIFIED.,.F.,.F.,.F.,(4,1,4),(2,
2),(0.,0.0110350079518556,0.0207542119945477),(0.,0.02),.UNSPECIFIED.);
#6471=B_SPLINE_SURFACE_WITH_KNOTS('',3,1,((#9201,#9202),(#9203,#9204),(#9205,
#9206),(#9207,#9208),(#9209,#9210)),.UNSPECIFIED.,.F.,.F.,.F.,(4,1,4),(2,
2),(0.,0.0126231966532887,0.0246632129150755),(0.,0.02),.UNSPECIFIED.);
#6472=B_SPLINE_SURFACE_WITH_KNOTS('',3,1,((#9224,#9225),(#9226,#9227),(#9228,
#9229),(#9230,#9231),(#9232,#9233)),.UNSPECIFIED.,.F.,.F.,.F.,(4,1,4),(2,
2),(0.,0.0264804629032197,0.053744783702408),(0.,0.02),.UNSPECIFIED.);
#6473=B_SPLINE_SURFACE_WITH_KNOTS('',3,1,((#9269,#9270),(#9271,#9272),(#9273,
#9274),(#9275,#9276),(#9277,#9278)),.UNSPECIFIED.,.F.,.F.,.F.,(4,1,4),(2,
2),(0.,0.0250528840457645,0.0452339640218634),(0.,0.02),.UNSPECIFIED.);
#6474=B_SPLINE_SURFACE_WITH_KNOTS('',3,1,((#9295,#9296),(#9297,#9298),(#9299,
#9300),(#9301,#9302),(#9303,#9304)),.UNSPECIFIED.,.F.,.F.,.F.,(4,1,4),(2,
2),(0.,0.0150654016216751,0.031299784458239),(0.,0.02),.UNSPECIFIED.);
#6475=B_SPLINE_SURFACE_WITH_KNOTS('',3,1,((#9318,#9319),(#9320,#9321),(#9322,
#9323),(#9324,#9325),(#9326,#9327)),.UNSPECIFIED.,.F.,.F.,.F.,(4,1,4),(2,
2),(0.,0.0130014931542632,0.0269079845153817),(0.,0.02),.UNSPECIFIED.);
#6476=B_SPLINE_SURFACE_WITH_KNOTS('',3,1,((#9341,#9342),(#9343,#9344),(#9345,
#9346),(#9347,#9348),(#9349,#9350)),.UNSPECIFIED.,.F.,.F.,.F.,(4,1,4),(2,
2),(0.,0.0120539341024748,0.0244790860932287),(0.,0.02),.UNSPECIFIED.);
#6477=B_SPLINE_SURFACE_WITH_KNOTS('',3,1,((#9364,#9365),(#9366,#9367),(#9368,
#9369),(#9370,#9371),(#9372,#9373)),.UNSPECIFIED.,.F.,.F.,.F.,(4,1,4),(2,
2),(0.,0.0104526344715257,0.0220735181115846),(0.,0.02),.UNSPECIFIED.);
#6478=B_SPLINE_SURFACE_WITH_KNOTS('',3,1,((#9387,#9388),(#9389,#9390),(#9391,
#9392),(#9393,#9394),(#9395,#9396)),.UNSPECIFIED.,.F.,.F.,.F.,(4,1,4),(2,
2),(0.,0.0106808521062551,0.0208878719594339),(0.,0.02),.UNSPECIFIED.);
#6479=B_SPLINE_SURFACE_WITH_KNOTS('',3,1,((#9410,#9411),(#9412,#9413),(#9414,
#9415),(#9416,#9417),(#9418,#9419)),.UNSPECIFIED.,.F.,.F.,.F.,(4,1,4),(2,
2),(0.,0.0230051062726514,0.038118464000408),(0.,0.02),.UNSPECIFIED.);
#6480=B_SPLINE_SURFACE_WITH_KNOTS('',3,1,((#9433,#9434),(#9435,#9436),(#9437,
#9438),(#9439,#9440),(#9441,#9442)),.UNSPECIFIED.,.F.,.F.,.F.,(4,1,4),(2,
2),(0.,0.0076054333035917,0.022583213999105),(0.,0.02),.UNSPECIFIED.);
#6481=B_SPLINE_SURFACE_WITH_KNOTS('',3,1,((#9456,#9457),(#9458,#9459),(#9460,
#9461),(#9462,#9463),(#9464,#9465)),.UNSPECIFIED.,.F.,.F.,.F.,(4,1,4),(2,
2),(0.,0.00528429839724046,0.0115700041391176),(0.,0.02),.UNSPECIFIED.);
#6482=B_SPLINE_SURFACE_WITH_KNOTS('',3,1,((#9479,#9480),(#9481,#9482),(#9483,
#9484),(#9485,#9486),(#9487,#9488)),.UNSPECIFIED.,.F.,.F.,.F.,(4,1,4),(2,
2),(0.,0.0045977852197942,0.00923890212017564),(0.,0.02),.UNSPECIFIED.);
#6483=B_SPLINE_SURFACE_WITH_KNOTS('',3,1,((#9502,#9503),(#9504,#9505),(#9506,
#9507),(#9508,#9509),(#9510,#9511)),.UNSPECIFIED.,.F.,.F.,.F.,(4,1,4),(2,
2),(0.,0.00814027462283922,0.0153949952619093),(0.,0.02),.UNSPECIFIED.);
#6484=B_SPLINE_SURFACE_WITH_KNOTS('',3,1,((#9525,#9526),(#9527,#9528),(#9529,
#9530),(#9531,#9532),(#9533,#9534)),.UNSPECIFIED.,.F.,.F.,.F.,(4,1,4),(2,
2),(0.,0.0145625468896361,0.0250869270541573),(0.,0.02),.UNSPECIFIED.);
#6485=B_SPLINE_SURFACE_WITH_KNOTS('',3,1,((#9548,#9549),(#9550,#9551),(#9552,
#9553),(#9554,#9555),(#9556,#9557)),.UNSPECIFIED.,.F.,.F.,.F.,(4,1,4),(2,
2),(0.,0.0105702779819892,0.0233713942962561),(0.,0.02),.UNSPECIFIED.);
#6486=B_SPLINE_SURFACE_WITH_KNOTS('',3,1,((#9571,#9572),(#9573,#9574),(#9575,
#9576),(#9577,#9578),(#9579,#9580)),.UNSPECIFIED.,.F.,.F.,.F.,(4,1,4),(2,
2),(0.,0.010457162496341,0.0202499479131474),(0.,0.02),.UNSPECIFIED.);
#6487=B_SPLINE_SURFACE_WITH_KNOTS('',3,1,((#9600,#9601),(#9602,#9603),(#9604,
#9605),(#9606,#9607),(#9608,#9609)),.UNSPECIFIED.,.F.,.F.,.F.,(4,1,4),(2,
2),(0.,0.0110916747751065,0.0241453941702465),(0.,0.02),.UNSPECIFIED.);
#6488=B_SPLINE_SURFACE_WITH_KNOTS('',3,1,((#9623,#9624),(#9625,#9626),(#9627,
#9628),(#9629,#9630),(#9631,#9632)),.UNSPECIFIED.,.F.,.F.,.F.,(4,1,4),(2,
2),(0.,0.0126074400970566,0.0234622295708694),(0.,0.02),.UNSPECIFIED.);
#6489=B_SPLINE_SURFACE_WITH_KNOTS('',3,1,((#9646,#9647),(#9648,#9649),(#9650,
#9651),(#9652,#9653),(#9654,#9655)),.UNSPECIFIED.,.F.,.F.,.F.,(4,1,4),(2,
2),(0.,0.0160599706343525,0.0304711378413978),(0.,0.02),.UNSPECIFIED.);
#6490=B_SPLINE_SURFACE_WITH_KNOTS('',3,1,((#9669,#9670),(#9671,#9672),(#9673,
#9674),(#9675,#9676),(#9677,#9678)),.UNSPECIFIED.,.F.,.F.,.F.,(4,1,4),(2,
2),(0.,0.0104823949823323,0.0214721145160338),(0.,0.02),.UNSPECIFIED.);
#6491=B_SPLINE_SURFACE_WITH_KNOTS('',3,1,((#9692,#9693),(#9694,#9695),(#9696,
#9697),(#9698,#9699),(#9700,#9701)),.UNSPECIFIED.,.F.,.F.,.F.,(4,1,4),(2,
2),(0.,0.00781570461923172,0.01724665289378),(0.,0.02),.UNSPECIFIED.);
#6492=B_SPLINE_SURFACE_WITH_KNOTS('',3,1,((#9715,#9716),(#9717,#9718),(#9719,
#9720),(#9721,#9722),(#9723,#9724)),.UNSPECIFIED.,.F.,.F.,.F.,(4,1,4),(2,
2),(0.,0.00919130129546148,0.0183924656604171),(0.,0.02),.UNSPECIFIED.);
#6493=B_SPLINE_SURFACE_WITH_KNOTS('',3,1,((#9738,#9739),(#9740,#9741),(#9742,
#9743),(#9744,#9745),(#9746,#9747)),.UNSPECIFIED.,.F.,.F.,.F.,(4,1,4),(2,
2),(0.,0.00939374121281952,0.0186253530087522),(0.,0.02),.UNSPECIFIED.);
#6494=B_SPLINE_SURFACE_WITH_KNOTS('',3,1,((#9761,#9762),(#9763,#9764),(#9765,
#9766),(#9767,#9768),(#9769,#9770)),.UNSPECIFIED.,.F.,.F.,.F.,(4,1,4),(2,
2),(0.,0.0101035021912624,0.0203730059332261),(0.,0.02),.UNSPECIFIED.);
#6495=B_SPLINE_SURFACE_WITH_KNOTS('',3,1,((#9784,#9785),(#9786,#9787),(#9788,
#9789),(#9790,#9791),(#9792,#9793)),.UNSPECIFIED.,.F.,.F.,.F.,(4,1,4),(2,
2),(0.,0.0109266446040201,0.0212110026405345),(0.,0.02),.UNSPECIFIED.);
#6496=B_SPLINE_SURFACE_WITH_KNOTS('',3,1,((#9807,#9808),(#9809,#9810),(#9811,
#9812),(#9813,#9814),(#9815,#9816)),.UNSPECIFIED.,.F.,.F.,.F.,(4,1,4),(2,
2),(0.,0.0237364967950811,0.0392988107132143),(0.,0.02),.UNSPECIFIED.);
#6497=B_SPLINE_SURFACE_WITH_KNOTS('',3,1,((#9830,#9831),(#9832,#9833),(#9834,
#9835),(#9836,#9837),(#9838,#9839)),.UNSPECIFIED.,.F.,.F.,.F.,(4,1,4),(2,
2),(0.,0.00955257253220787,0.0264931200855909),(0.,0.02),.UNSPECIFIED.);
#6498=B_SPLINE_SURFACE_WITH_KNOTS('',3,1,((#9853,#9854),(#9855,#9856),(#9857,
#9858),(#9859,#9860),(#9861,#9862)),.UNSPECIFIED.,.F.,.F.,.F.,(4,1,4),(2,
2),(0.,0.00765178176134343,0.0154915544360443),(0.,0.02),.UNSPECIFIED.);
#6499=B_SPLINE_SURFACE_WITH_KNOTS('',3,1,((#9876,#9877),(#9878,#9879),(#9880,
#9881),(#9882,#9883),(#9884,#9885)),.UNSPECIFIED.,.F.,.F.,.F.,(4,1,4),(2,
2),(0.,0.00968167527265881,0.0185997189162693),(0.,0.02),.UNSPECIFIED.);
#6500=B_SPLINE_SURFACE_WITH_KNOTS('',3,1,((#9899,#9900),(#9901,#9902),(#9903,
#9904),(#9905,#9906),(#9907,#9908)),.UNSPECIFIED.,.F.,.F.,.F.,(4,1,4),(2,
2),(0.,0.0148342413038189,0.0264188389612697),(0.,0.02),.UNSPECIFIED.);
#6501=B_SPLINE_SURFACE_WITH_KNOTS('',3,1,((#9922,#9923),(#9924,#9925),(#9926,
#9927),(#9928,#9929),(#9930,#9931)),.UNSPECIFIED.,.F.,.F.,.F.,(4,1,4),(2,
2),(0.,0.0126310812635506,0.0276787363497558),(0.,0.02),.UNSPECIFIED.);
#6502=B_SPLINE_SURFACE_WITH_KNOTS('',3,1,((#9945,#9946),(#9947,#9948),(#9949,
#9950),(#9951,#9952),(#9953,#9954)),.UNSPECIFIED.,.F.,.F.,.F.,(4,1,4),(2,
2),(0.,0.0134608517725278,0.0255628068981172),(0.,0.02),.UNSPECIFIED.);
#6503=B_SPLINE_SURFACE_WITH_KNOTS('',3,1,((#9974,#9975),(#9976,#9977),(#9978,
#9979),(#9980,#9981),(#9982,#9983)),.UNSPECIFIED.,.F.,.F.,.F.,(4,1,4),(2,
2),(0.,0.018950078644428,0.0402782077584027),(0.,0.02),.UNSPECIFIED.);
#6504=B_SPLINE_SURFACE_WITH_KNOTS('',3,1,((#10068,#10069),(#10070,#10071),
(#10072,#10073),(#10074,#10075),(#10076,#10077)),.UNSPECIFIED.,.F.,.F.,
 .F.,(4,1,4),(2,2),(0.,0.0134512236902515,0.0262029560367371),(0.,0.02),
 .UNSPECIFIED.);
#6505=B_SPLINE_SURFACE_WITH_KNOTS('',3,1,((#10094,#10095),(#10096,#10097),
(#10098,#10099),(#10100,#10101),(#10102,#10103)),.UNSPECIFIED.,.F.,.F.,
 .F.,(4,1,4),(2,2),(0.,0.016270061651481,0.0329052947100097),(0.,0.02),
 .UNSPECIFIED.);
#6506=B_SPLINE_SURFACE_WITH_KNOTS('',3,1,((#10117,#10118),(#10119,#10120),
(#10121,#10122),(#10123,#10124),(#10125,#10126)),.UNSPECIFIED.,.F.,.F.,
 .F.,(4,1,4),(2,2),(0.,0.0253593239304579,0.0445179292286312),(0.,0.02),
 .UNSPECIFIED.);
#6507=B_SPLINE_SURFACE_WITH_KNOTS('',3,1,((#10140,#10141),(#10142,#10143),
(#10144,#10145),(#10146,#10147),(#10148,#10149)),.UNSPECIFIED.,.F.,.F.,
 .F.,(4,1,4),(2,2),(0.,0.0192493581018457,0.0443321828497074),(0.,0.02),
 .UNSPECIFIED.);
#6508=B_SPLINE_SURFACE_WITH_KNOTS('',3,1,((#10163,#10164),(#10165,#10166),
(#10167,#10168),(#10169,#10170),(#10171,#10172)),.UNSPECIFIED.,.F.,.F.,
 .F.,(4,1,4),(2,2),(0.,0.0171401434160862,0.0337943046625559),(0.,0.02),
 .UNSPECIFIED.);
#6509=B_SPLINE_SURFACE_WITH_KNOTS('',3,1,((#10186,#10187),(#10188,#10189),
(#10190,#10191),(#10192,#10193),(#10194,#10195)),.UNSPECIFIED.,.F.,.F.,
 .F.,(4,1,4),(2,2),(0.,0.011047693690649,0.022570310832807),(0.,0.02),
 .UNSPECIFIED.);
#6510=B_SPLINE_SURFACE_WITH_KNOTS('',3,1,((#10209,#10210),(#10211,#10212),
(#10213,#10214),(#10215,#10216),(#10217,#10218)),.UNSPECIFIED.,.F.,.F.,
 .F.,(4,1,4),(2,2),(0.,0.0136343624075555,0.0253900361628607),(0.,0.02),
 .UNSPECIFIED.);
#6511=B_SPLINE_SURFACE_WITH_KNOTS('',3,1,((#10238,#10239),(#10240,#10241),
(#10242,#10243),(#10244,#10245),(#10246,#10247)),.UNSPECIFIED.,.F.,.F.,
 .F.,(4,1,4),(2,2),(0.,0.0189796364096212,0.0396324640436051),(0.,0.02),
 .UNSPECIFIED.);
#6512=B_SPLINE_SURFACE_WITH_KNOTS('',3,1,((#10261,#10262),(#10263,#10264),
(#10265,#10266),(#10267,#10268),(#10269,#10270)),.UNSPECIFIED.,.F.,.F.,
 .F.,(4,1,4),(2,2),(0.,0.0216594832846478,0.0410106359401228),(0.,0.02),
 .UNSPECIFIED.);
#6513=B_SPLINE_SURFACE_WITH_KNOTS('',3,1,((#10284,#10285),(#10286,#10287),
(#10288,#10289),(#10290,#10291),(#10292,#10293)),.UNSPECIFIED.,.F.,.F.,
 .F.,(4,1,4),(2,2),(0.,0.0178570362385898,0.0359822163579438),(0.,0.02),
 .UNSPECIFIED.);
#6514=B_SPLINE_SURFACE_WITH_KNOTS('',3,1,((#10307,#10308),(#10309,#10310),
(#10311,#10312),(#10313,#10314),(#10315,#10316)),.UNSPECIFIED.,.F.,.F.,
 .F.,(4,1,4),(2,2),(0.,0.0182559479151479,0.0359534942321607),(0.,0.02),
 .UNSPECIFIED.);
#6515=B_SPLINE_SURFACE_WITH_KNOTS('',3,1,((#10330,#10331),(#10332,#10333),
(#10334,#10335),(#10336,#10337),(#10338,#10339)),.UNSPECIFIED.,.F.,.F.,
 .F.,(4,1,4),(2,2),(0.,0.02208437731597,0.0420219456028088),(0.,0.02),
 .UNSPECIFIED.);
#6516=B_SPLINE_SURFACE_WITH_KNOTS('',3,1,((#10353,#10354),(#10355,#10356),
(#10357,#10358),(#10359,#10360),(#10361,#10362)),.UNSPECIFIED.,.F.,.F.,
 .F.,(4,1,4),(2,2),(0.,0.0272627228972251,0.059656564739229),(0.,0.02),
 .UNSPECIFIED.);
#6517=B_SPLINE_SURFACE_WITH_KNOTS('',3,1,((#10376,#10377),(#10378,#10379),
(#10380,#10381),(#10382,#10383),(#10384,#10385)),.UNSPECIFIED.,.F.,.F.,
 .F.,(4,1,4),(2,2),(0.,0.0272614452314505,0.0528206116214974),(0.,0.02),
 .UNSPECIFIED.);
#6518=B_SPLINE_SURFACE_WITH_KNOTS('',3,1,((#10399,#10400),(#10401,#10402),
(#10403,#10404),(#10405,#10406),(#10407,#10408)),.UNSPECIFIED.,.F.,.F.,
 .F.,(4,1,4),(2,2),(0.,0.0210236569103605,0.0431859113362898),(0.,0.02),
 .UNSPECIFIED.);
#6519=B_SPLINE_SURFACE_WITH_KNOTS('',3,1,((#10422,#10423),(#10424,#10425),
(#10426,#10427),(#10428,#10429),(#10430,#10431)),.UNSPECIFIED.,.F.,.F.,
 .F.,(4,1,4),(2,2),(0.,0.0233423195356211,0.0447425397102322),(0.,0.02),
 .UNSPECIFIED.);
#6520=B_SPLINE_SURFACE_WITH_KNOTS('',3,1,((#10451,#10452),(#10453,#10454),
(#10455,#10456),(#10457,#10458),(#10459,#10460)),.UNSPECIFIED.,.F.,.F.,
 .F.,(4,1,4),(2,2),(0.,0.0137581766636885,0.0303720419380491),(0.,0.02),
 .UNSPECIFIED.);
#6521=B_SPLINE_SURFACE_WITH_KNOTS('',3,1,((#10472,#10473),(#10474,#10475),
(#10476,#10477),(#10478,#10479),(#10480,#10481)),.UNSPECIFIED.,.F.,.F.,
 .F.,(4,1,4),(2,2),(0.,0.0152329899398597,0.0322447533197694),(0.,0.02),
 .UNSPECIFIED.);
#6522=B_SPLINE_SURFACE_WITH_KNOTS('',3,1,((#10498,#10499),(#10500,#10501),
(#10502,#10503),(#10504,#10505),(#10506,#10507)),.UNSPECIFIED.,.F.,.F.,
 .F.,(4,1,4),(2,2),(0.,0.0162186526992969,0.0313334090619655),(0.,0.02),
 .UNSPECIFIED.);
#6523=B_SPLINE_SURFACE_WITH_KNOTS('',3,1,((#10521,#10522),(#10523,#10524),
(#10525,#10526),(#10527,#10528),(#10529,#10530)),.UNSPECIFIED.,.F.,.F.,
 .F.,(4,1,4),(2,2),(0.,0.0243824267970275,0.0436393305141698),(0.,0.02),
 .UNSPECIFIED.);
#6524=B_SPLINE_SURFACE_WITH_KNOTS('',3,1,((#10544,#10545),(#10546,#10547),
(#10548,#10549),(#10550,#10551),(#10552,#10553)),.UNSPECIFIED.,.F.,.F.,
 .F.,(4,1,4),(2,2),(0.,0.0196991756840523,0.0451227675507863),(0.,0.02),
 .UNSPECIFIED.);
#6525=B_SPLINE_SURFACE_WITH_KNOTS('',3,1,((#10567,#10568),(#10569,#10570),
(#10571,#10572),(#10573,#10574),(#10575,#10576)),.UNSPECIFIED.,.F.,.F.,
 .F.,(4,1,4),(2,2),(0.,0.0155839024645189,0.0320989664503691),(0.,0.02),
 .UNSPECIFIED.);
#6526=B_SPLINE_SURFACE_WITH_KNOTS('',3,1,((#10590,#10591),(#10592,#10593),
(#10594,#10595),(#10596,#10597),(#10598,#10599)),.UNSPECIFIED.,.F.,.F.,
 .F.,(4,1,4),(2,2),(0.,0.0160382103132151,0.0313127744344252),(0.,0.02),
 .UNSPECIFIED.);
#6527=B_SPLINE_SURFACE_WITH_KNOTS('',3,1,((#10613,#10614),(#10615,#10616),
(#10617,#10618),(#10619,#10620),(#10621,#10622)),.UNSPECIFIED.,.F.,.F.,
 .F.,(4,1,4),(2,2),(0.,0.0244820925243524,0.0435023861835854),(0.,0.02),
 .UNSPECIFIED.);
#6528=B_SPLINE_SURFACE_WITH_KNOTS('',3,1,((#10636,#10637),(#10638,#10639),
(#10640,#10641),(#10642,#10643),(#10644,#10645)),.UNSPECIFIED.,.F.,.F.,
 .F.,(4,1,4),(2,2),(0.,0.0201414566570937,0.0449675150659998),(0.,0.02),
 .UNSPECIFIED.);
#6529=B_SPLINE_SURFACE_WITH_KNOTS('',3,1,((#10665,#10666),(#10667,#10668),
(#10669,#10670),(#10671,#10672),(#10673,#10674)),.UNSPECIFIED.,.F.,.F.,
 .F.,(4,1,4),(2,2),(0.,0.0106466358434291,0.0208120655162464),(0.,0.02),
 .UNSPECIFIED.);
#6530=B_SPLINE_SURFACE_WITH_KNOTS('',3,1,((#10688,#10689),(#10690,#10691),
(#10692,#10693),(#10694,#10695),(#10696,#10697)),.UNSPECIFIED.,.F.,.F.,
 .F.,(4,1,4),(2,2),(0.,0.0117192295928147,0.0228085923741361),(0.,0.02),
 .UNSPECIFIED.);
#6531=B_SPLINE_SURFACE_WITH_KNOTS('',3,1,((#10711,#10712),(#10713,#10714),
(#10715,#10716),(#10717,#10718),(#10719,#10720)),.UNSPECIFIED.,.F.,.F.,
 .F.,(4,1,4),(2,2),(0.,0.017147684669831,0.03370640170894),(0.,0.02),
 .UNSPECIFIED.);
#6532=B_SPLINE_SURFACE_WITH_KNOTS('',3,1,((#10734,#10735),(#10736,#10737),
(#10738,#10739),(#10740,#10741),(#10742,#10743)),.UNSPECIFIED.,.F.,.F.,
 .F.,(4,1,4),(2,2),(0.,0.0185210623056973,0.0362226347007381),(0.,0.02),
 .UNSPECIFIED.);
#6533=B_SPLINE_SURFACE_WITH_KNOTS('',3,1,((#10757,#10758),(#10759,#10760),
(#10761,#10762),(#10763,#10764),(#10765,#10766)),.UNSPECIFIED.,.F.,.F.,
 .F.,(4,1,4),(2,2),(0.,0.021222902518495,0.0410595357655393),(0.,0.02),
 .UNSPECIFIED.);
#6534=B_SPLINE_SURFACE_WITH_KNOTS('',3,1,((#10780,#10781),(#10782,#10783),
(#10784,#10785),(#10786,#10787),(#10788,#10789)),.UNSPECIFIED.,.F.,.F.,
 .F.,(4,1,4),(2,2),(0.,0.0190193747832281,0.039002391713381),(0.,0.02),
 .UNSPECIFIED.);
#6535=B_SPLINE_SURFACE_WITH_KNOTS('',3,1,((#10803,#10804),(#10805,#10806),
(#10807,#10808),(#10809,#10810),(#10811,#10812)),.UNSPECIFIED.,.F.,.F.,
 .F.,(4,1,4),(2,2),(0.,0.0169550385376443,0.0348056352091445),(0.,0.02),
 .UNSPECIFIED.);
#6536=B_SPLINE_SURFACE_WITH_KNOTS('',3,1,((#10826,#10827),(#10828,#10829),
(#10830,#10831),(#10832,#10833),(#10834,#10835)),.UNSPECIFIED.,.F.,.F.,
 .F.,(4,1,4),(2,2),(0.,0.0176249408479037,0.0344999799869935),(0.,0.02),
 .UNSPECIFIED.);
#6537=B_SPLINE_SURFACE_WITH_KNOTS('',3,1,((#10849,#10850),(#10851,#10852),
(#10853,#10854),(#10855,#10856),(#10857,#10858)),.UNSPECIFIED.,.F.,.F.,
 .F.,(4,1,4),(2,2),(0.,0.0117700991992114,0.0249734560206255),(0.,0.02),
 .UNSPECIFIED.);
#6538=B_SPLINE_SURFACE_WITH_KNOTS('',3,1,((#10872,#10873),(#10874,#10875),
(#10876,#10877),(#10878,#10879),(#10880,#10881)),.UNSPECIFIED.,.F.,.F.,
 .F.,(4,1,4),(2,2),(0.,0.0128242494036034,0.0245270139230258),(0.,0.02),
 .UNSPECIFIED.);
#6539=B_SPLINE_SURFACE_WITH_KNOTS('',3,1,((#10917,#10918),(#10919,#10920),
(#10921,#10922),(#10923,#10924),(#10925,#10926)),.UNSPECIFIED.,.F.,.F.,
 .F.,(4,1,4),(2,2),(0.,0.0107190242883606,0.0250097704133738),(0.,0.02),
 .UNSPECIFIED.);
#6540=B_SPLINE_SURFACE_WITH_KNOTS('',3,1,((#10943,#10944),(#10945,#10946),
(#10947,#10948),(#10949,#10950),(#10951,#10952)),.UNSPECIFIED.,.F.,.F.,
 .F.,(4,1,4),(2,2),(0.,0.0120777234740148,0.0237852991096656),(0.,0.02),
 .UNSPECIFIED.);
#6541=B_SPLINE_SURFACE_WITH_KNOTS('',3,1,((#10966,#10967),(#10968,#10969),
(#10970,#10971),(#10972,#10973),(#10974,#10975)),.UNSPECIFIED.,.F.,.F.,
 .F.,(4,1,4),(2,2),(0.,0.0134934272181639,0.0262110457637179),(0.,0.02),
 .UNSPECIFIED.);
#6542=B_SPLINE_SURFACE_WITH_KNOTS('',3,1,((#10989,#10990),(#10991,#10992),
(#10993,#10994),(#10995,#10996),(#10997,#10998)),.UNSPECIFIED.,.F.,.F.,
 .F.,(4,1,4),(2,2),(0.,0.0103914245803382,0.0230996425074106),(0.,0.02),
 .UNSPECIFIED.);
#6543=B_SPLINE_SURFACE_WITH_KNOTS('',3,1,((#11012,#11013),(#11014,#11015),
(#11016,#11017),(#11018,#11019),(#11020,#11021)),.UNSPECIFIED.,.F.,.F.,
 .F.,(4,1,4),(2,2),(0.,0.00919395562068536,0.0184334575296135),(0.,0.02),
 .UNSPECIFIED.);
#6544=B_SPLINE_SURFACE_WITH_KNOTS('',3,1,((#11035,#11036),(#11037,#11038),
(#11039,#11040),(#11041,#11042),(#11043,#11044)),.UNSPECIFIED.,.F.,.F.,
 .F.,(4,1,4),(2,2),(0.,0.00610411144213196,0.012285305469584),(0.,0.02),
 .UNSPECIFIED.);
#6545=B_SPLINE_SURFACE_WITH_KNOTS('',3,1,((#11058,#11059),(#11060,#11061),
(#11062,#11063),(#11064,#11065),(#11066,#11067)),.UNSPECIFIED.,.F.,.F.,
 .F.,(4,1,4),(2,2),(0.,0.00649556111843269,0.012691434365285),(0.,0.02),
 .UNSPECIFIED.);
#6546=B_SPLINE_SURFACE_WITH_KNOTS('',3,1,((#11081,#11082),(#11083,#11084),
(#11085,#11086),(#11087,#11088),(#11089,#11090)),.UNSPECIFIED.,.F.,.F.,
 .F.,(4,1,4),(2,2),(0.,0.0131327492861536,0.0220119923299315),(0.,0.02),
 .UNSPECIFIED.);
#6547=B_SPLINE_SURFACE_WITH_KNOTS('',3,1,((#11104,#11105),(#11106,#11107),
(#11108,#11109),(#11110,#11111),(#11112,#11113)),.UNSPECIFIED.,.F.,.F.,
 .F.,(4,1,4),(2,2),(0.,0.01745774704378,0.0412339933022906),(0.,0.02),
 .UNSPECIFIED.);
#6548=B_SPLINE_SURFACE_WITH_KNOTS('',3,1,((#11139,#11140),(#11141,#11142),
(#11143,#11144),(#11145,#11146),(#11147,#11148)),.UNSPECIFIED.,.F.,.F.,
 .F.,(4,1,4),(2,2),(0.,0.00918675779071031,0.0185354297579028),(0.,0.02),
 .UNSPECIFIED.);
#6549=B_SPLINE_SURFACE_WITH_KNOTS('',3,1,((#11162,#11163),(#11164,#11165),
(#11166,#11167),(#11168,#11169),(#11170,#11171)),.UNSPECIFIED.,.F.,.F.,
 .F.,(4,1,4),(2,2),(0.,0.0279529506705515,0.0433628796211834),(0.,0.02),
 .UNSPECIFIED.);
#6550=B_SPLINE_SURFACE_WITH_KNOTS('',3,1,((#11191,#11192),(#11193,#11194),
(#11195,#11196),(#11197,#11198),(#11199,#11200)),.UNSPECIFIED.,.F.,.F.,
 .F.,(4,1,4),(2,2),(0.,0.00884751940996848,0.0226981234333029),(0.,0.02),
 .UNSPECIFIED.);
#6551=B_SPLINE_SURFACE_WITH_KNOTS('',3,1,((#11214,#11215),(#11216,#11217),
(#11218,#11219),(#11220,#11221),(#11222,#11223)),.UNSPECIFIED.,.F.,.F.,
 .F.,(4,1,4),(2,2),(0.,0.00880685104338027,0.0185085579989032),(0.,0.02),
 .UNSPECIFIED.);
#6552=B_SPLINE_SURFACE_WITH_KNOTS('',3,1,((#11237,#11238),(#11239,#11240),
(#11241,#11242),(#11243,#11244),(#11245,#11246)),.UNSPECIFIED.,.F.,.F.,
 .F.,(4,1,4),(2,2),(0.,0.0112035871375347,0.0204521336741911),(0.,0.02),
 .UNSPECIFIED.);
#6553=B_SPLINE_SURFACE_WITH_KNOTS('',3,1,((#11260,#11261),(#11262,#11263),
(#11264,#11265),(#11266,#11267),(#11268,#11269)),.UNSPECIFIED.,.F.,.F.,
 .F.,(4,1,4),(2,2),(0.,0.0168497349775389,0.0305815054821776),(0.,0.02),
 .UNSPECIFIED.);
#6554=B_SPLINE_SURFACE_WITH_KNOTS('',3,1,((#11283,#11284),(#11285,#11286),
(#11287,#11288),(#11289,#11290),(#11291,#11292)),.UNSPECIFIED.,.F.,.F.,
 .F.,(4,1,4),(2,2),(0.,0.0157872352364315,0.0333985129346307),(0.,0.02),
 .UNSPECIFIED.);
#6555=B_SPLINE_SURFACE_WITH_KNOTS('',3,1,((#11306,#11307),(#11308,#11309),
(#11310,#11311),(#11312,#11313),(#11314,#11315)),.UNSPECIFIED.,.F.,.F.,
 .F.,(4,1,4),(2,2),(0.,0.0124326269100088,0.0264042414898174),(0.,0.02),
 .UNSPECIFIED.);
#6556=B_SPLINE_SURFACE_WITH_KNOTS('',3,1,((#11329,#11330),(#11331,#11332),
(#11333,#11334),(#11335,#11336),(#11337,#11338)),.UNSPECIFIED.,.F.,.F.,
 .F.,(4,1,4),(2,2),(0.,0.0145902804642108,0.0273098270965231),(0.,0.02),
 .UNSPECIFIED.);
#6557=B_SPLINE_SURFACE_WITH_KNOTS('',3,1,((#11358,#11359),(#11360,#11361),
(#11362,#11363),(#11364,#11365),(#11366,#11367)),.UNSPECIFIED.,.F.,.F.,
 .F.,(4,1,4),(2,2),(0.,0.0110556231837516,0.0250694953793148),(0.,0.02),
 .UNSPECIFIED.);
#6558=B_SPLINE_SURFACE_WITH_KNOTS('',3,1,((#11381,#11382),(#11383,#11384),
(#11385,#11386),(#11387,#11388),(#11389,#11390)),.UNSPECIFIED.,.F.,.F.,
 .F.,(4,1,4),(2,2),(0.,0.0151342175418529,0.0265990229022209),(0.,0.02),
 .UNSPECIFIED.);
#6559=B_SPLINE_SURFACE_WITH_KNOTS('',3,1,((#11404,#11405),(#11406,#11407),
(#11408,#11409),(#11410,#11411),(#11412,#11413)),.UNSPECIFIED.,.F.,.F.,
 .F.,(4,1,4),(2,2),(0.,0.0132593549121324,0.0296605762663181),(0.,0.02),
 .UNSPECIFIED.);
#6560=B_SPLINE_SURFACE_WITH_KNOTS('',3,1,((#11427,#11428),(#11429,#11430),
(#11431,#11432),(#11433,#11434),(#11435,#11436)),.UNSPECIFIED.,.F.,.F.,
 .F.,(4,1,4),(2,2),(0.,0.0129076382061692,0.0227593068022873),(0.,0.02),
 .UNSPECIFIED.);
#6561=B_SPLINE_SURFACE_WITH_KNOTS('',3,1,((#11450,#11451),(#11452,#11453),
(#11454,#11455),(#11456,#11457),(#11458,#11459)),.UNSPECIFIED.,.F.,.F.,
 .F.,(4,1,4),(2,2),(0.,0.00412814388442292,0.00641352286202872),(0.,0.02),
 .UNSPECIFIED.);
#6562=B_SPLINE_SURFACE_WITH_KNOTS('',3,1,((#11473,#11474),(#11475,#11476),
(#11477,#11478),(#11479,#11480),(#11481,#11482)),.UNSPECIFIED.,.F.,.F.,
 .F.,(4,1,4),(2,2),(0.,0.026109710022225,0.0446556739871849),(0.,0.02),
 .UNSPECIFIED.);
#6563=B_SPLINE_SURFACE_WITH_KNOTS('',3,1,((#11496,#11497),(#11498,#11499),
(#11500,#11501),(#11502,#11503),(#11504,#11505)),.UNSPECIFIED.,.F.,.F.,
 .F.,(4,1,4),(2,2),(0.,0.00926420530142875,0.0221474007735308),(0.,0.02),
 .UNSPECIFIED.);
#6564=B_SPLINE_SURFACE_WITH_KNOTS('',3,1,((#11519,#11520),(#11521,#11522),
(#11523,#11524),(#11525,#11526),(#11527,#11528)),.UNSPECIFIED.,.F.,.F.,
 .F.,(4,1,4),(2,2),(0.,0.00955891105604393,0.0194793444011533),(0.,0.02),
 .UNSPECIFIED.);
#6565=B_SPLINE_SURFACE_WITH_KNOTS('',3,1,((#11542,#11543),(#11544,#11545),
(#11546,#11547),(#11548,#11549),(#11550,#11551)),.UNSPECIFIED.,.F.,.F.,
 .F.,(4,1,4),(2,2),(0.,0.00970396383669469,0.0191192115322202),(0.,0.02),
 .UNSPECIFIED.);
#6566=B_SPLINE_SURFACE_WITH_KNOTS('',3,1,((#11565,#11566),(#11567,#11568),
(#11569,#11570),(#11571,#11572),(#11573,#11574)),.UNSPECIFIED.,.F.,.F.,
 .F.,(4,1,4),(2,2),(0.,0.0102525050464157,0.020199328684888),(0.,0.02),
 .UNSPECIFIED.);
#6567=B_SPLINE_SURFACE_WITH_KNOTS('',3,1,((#11588,#11589),(#11590,#11591),
(#11592,#11593),(#11594,#11595),(#11596,#11597)),.UNSPECIFIED.,.F.,.F.,
 .F.,(4,1,4),(2,2),(0.,0.0164007085924879,0.0332334114066021),(0.,0.02),
 .UNSPECIFIED.);
#6568=B_SPLINE_SURFACE_WITH_KNOTS('',3,1,((#11611,#11612),(#11613,#11614),
(#11615,#11616),(#11617,#11618),(#11619,#11620)),.UNSPECIFIED.,.F.,.F.,
 .F.,(4,1,4),(2,2),(0.,0.0213124071655415,0.0391861646659885),(0.,0.02),
 .UNSPECIFIED.);
#6569=B_SPLINE_SURFACE_WITH_KNOTS('',3,1,((#11634,#11635),(#11636,#11637),
(#11638,#11639),(#11640,#11641),(#11642,#11643)),.UNSPECIFIED.,.F.,.F.,
 .F.,(4,1,4),(2,2),(0.,0.013561270452505,0.0276127228595547),(0.,0.02),
 .UNSPECIFIED.);
#6570=B_SPLINE_SURFACE_WITH_KNOTS('',3,1,((#11657,#11658),(#11659,#11660),
(#11661,#11662),(#11663,#11664),(#11665,#11666)),.UNSPECIFIED.,.F.,.F.,
 .F.,(4,1,4),(2,2),(0.,0.0166444175253973,0.0310583309395812),(0.,0.02),
 .UNSPECIFIED.);
#6571=B_SPLINE_SURFACE_WITH_KNOTS('',3,1,((#11680,#11681),(#11682,#11683),
(#11684,#11685),(#11686,#11687),(#11688,#11689)),.UNSPECIFIED.,.F.,.F.,
 .F.,(4,1,4),(2,2),(0.,0.00886196176758083,0.0186085892062097),(0.,0.02),
 .UNSPECIFIED.);
#6572=B_SPLINE_SURFACE_WITH_KNOTS('',3,1,((#11774,#11775),(#11776,#11777),
(#11778,#11779),(#11780,#11781),(#11782,#11783)),.UNSPECIFIED.,.F.,.F.,
 .F.,(4,1,4),(2,2),(0.,0.010718991289478,0.0250097456656022),(0.,0.02),
 .UNSPECIFIED.);
#6573=B_SPLINE_SURFACE_WITH_KNOTS('',3,1,((#11800,#11801),(#11802,#11803),
(#11804,#11805),(#11806,#11807),(#11808,#11809)),.UNSPECIFIED.,.F.,.F.,
 .F.,(4,1,4),(2,2),(0.,0.0120778180683561,0.0237853259843519),(0.,0.02),
 .UNSPECIFIED.);
#6574=B_SPLINE_SURFACE_WITH_KNOTS('',3,1,((#11823,#11824),(#11825,#11826),
(#11827,#11828),(#11829,#11830),(#11831,#11832)),.UNSPECIFIED.,.F.,.F.,
 .F.,(4,1,4),(2,2),(0.,0.0134934272181639,0.0262110457637179),(0.,0.02),
 .UNSPECIFIED.);
#6575=B_SPLINE_SURFACE_WITH_KNOTS('',3,1,((#11846,#11847),(#11848,#11849),
(#11850,#11851),(#11852,#11853),(#11854,#11855)),.UNSPECIFIED.,.F.,.F.,
 .F.,(4,1,4),(2,2),(0.,0.0103914245803382,0.0230996425074106),(0.,0.02),
 .UNSPECIFIED.);
#6576=B_SPLINE_SURFACE_WITH_KNOTS('',3,1,((#11869,#11870),(#11871,#11872),
(#11873,#11874),(#11875,#11876),(#11877,#11878)),.UNSPECIFIED.,.F.,.F.,
 .F.,(4,1,4),(2,2),(0.,0.00919395562068536,0.0184334575296135),(0.,0.02),
 .UNSPECIFIED.);
#6577=B_SPLINE_SURFACE_WITH_KNOTS('',3,1,((#11892,#11893),(#11894,#11895),
(#11896,#11897),(#11898,#11899),(#11900,#11901)),.UNSPECIFIED.,.F.,.F.,
 .F.,(4,1,4),(2,2),(0.,0.00610411144213196,0.012285305469584),(0.,0.02),
 .UNSPECIFIED.);
#6578=B_SPLINE_SURFACE_WITH_KNOTS('',3,1,((#11915,#11916),(#11917,#11918),
(#11919,#11920),(#11921,#11922),(#11923,#11924)),.UNSPECIFIED.,.F.,.F.,
 .F.,(4,1,4),(2,2),(0.,0.00649556111843269,0.012691434365285),(0.,0.02),
 .UNSPECIFIED.);
#6579=B_SPLINE_SURFACE_WITH_KNOTS('',3,1,((#11938,#11939),(#11940,#11941),
(#11942,#11943),(#11944,#11945),(#11946,#11947)),.UNSPECIFIED.,.F.,.F.,
 .F.,(4,1,4),(2,2),(0.,0.0131327492861536,0.0220119923299315),(0.,0.02),
 .UNSPECIFIED.);
#6580=B_SPLINE_SURFACE_WITH_KNOTS('',3,1,((#11961,#11962),(#11963,#11964),
(#11965,#11966),(#11967,#11968),(#11969,#11970)),.UNSPECIFIED.,.F.,.F.,
 .F.,(4,1,4),(2,2),(0.,0.0174578611612846,0.0412339901115376),(0.,0.02),
 .UNSPECIFIED.);
#6581=B_SPLINE_SURFACE_WITH_KNOTS('',3,1,((#11996,#11997),(#11998,#11999),
(#12000,#12001),(#12002,#12003),(#12004,#12005)),.UNSPECIFIED.,.F.,.F.,
 .F.,(4,1,4),(2,2),(0.,0.00918675779071031,0.0185354297579028),(0.,0.02),
 .UNSPECIFIED.);
#6582=B_SPLINE_SURFACE_WITH_KNOTS('',3,1,((#12019,#12020),(#12021,#12022),
(#12023,#12024),(#12025,#12026),(#12027,#12028)),.UNSPECIFIED.,.F.,.F.,
 .F.,(4,1,4),(2,2),(0.,0.0279529489977113,0.0433628870507992),(0.,0.02),
 .UNSPECIFIED.);
#6583=B_SPLINE_SURFACE_WITH_KNOTS('',3,1,((#12048,#12049),(#12050,#12051),
(#12052,#12053),(#12054,#12055),(#12056,#12057)),.UNSPECIFIED.,.F.,.F.,
 .F.,(4,1,4),(2,2),(0.,0.00884751940996848,0.0226981234333029),(0.,0.02),
 .UNSPECIFIED.);
#6584=B_SPLINE_SURFACE_WITH_KNOTS('',3,1,((#12071,#12072),(#12073,#12074),
(#12075,#12076),(#12077,#12078),(#12079,#12080)),.UNSPECIFIED.,.F.,.F.,
 .F.,(4,1,4),(2,2),(0.,0.00880685104338027,0.0185085579989032),(0.,0.02),
 .UNSPECIFIED.);
#6585=B_SPLINE_SURFACE_WITH_KNOTS('',3,1,((#12094,#12095),(#12096,#12097),
(#12098,#12099),(#12100,#12101),(#12102,#12103)),.UNSPECIFIED.,.F.,.F.,
 .F.,(4,1,4),(2,2),(0.,0.0112035871375347,0.0204521336741911),(0.,0.02),
 .UNSPECIFIED.);
#6586=B_SPLINE_SURFACE_WITH_KNOTS('',3,1,((#12117,#12118),(#12119,#12120),
(#12121,#12122),(#12123,#12124),(#12125,#12126)),.UNSPECIFIED.,.F.,.F.,
 .F.,(4,1,4),(2,2),(0.,0.0168498539364946,0.0305815086702288),(0.,0.02),
 .UNSPECIFIED.);
#6587=B_SPLINE_SURFACE_WITH_KNOTS('',3,1,((#12140,#12141),(#12142,#12143),
(#12144,#12145),(#12146,#12147),(#12148,#12149)),.UNSPECIFIED.,.F.,.F.,
 .F.,(4,1,4),(2,2),(0.,0.0157872352364315,0.0333985129346307),(0.,0.02),
 .UNSPECIFIED.);
#6588=B_SPLINE_SURFACE_WITH_KNOTS('',3,1,((#12163,#12164),(#12165,#12166),
(#12167,#12168),(#12169,#12170),(#12171,#12172)),.UNSPECIFIED.,.F.,.F.,
 .F.,(4,1,4),(2,2),(0.,0.0124326269100088,0.0264042414898174),(0.,0.02),
 .UNSPECIFIED.);
#6589=B_SPLINE_SURFACE_WITH_KNOTS('',3,1,((#12186,#12187),(#12188,#12189),
(#12190,#12191),(#12192,#12193),(#12194,#12195)),.UNSPECIFIED.,.F.,.F.,
 .F.,(4,1,4),(2,2),(0.,0.0145902450735863,0.0273098521191232),(0.,0.02),
 .UNSPECIFIED.);
#6590=B_SPLINE_SURFACE_WITH_KNOTS('',3,1,((#12215,#12216),(#12217,#12218),
(#12219,#12220),(#12221,#12222),(#12223,#12224)),.UNSPECIFIED.,.F.,.F.,
 .F.,(4,1,4),(2,2),(0.,0.0110556231837516,0.0250694953793148),(0.,0.02),
 .UNSPECIFIED.);
#6591=B_SPLINE_SURFACE_WITH_KNOTS('',3,1,((#12238,#12239),(#12240,#12241),
(#12242,#12243),(#12244,#12245),(#12246,#12247)),.UNSPECIFIED.,.F.,.F.,
 .F.,(4,1,4),(2,2),(0.,0.0151343361501774,0.0265990321056562),(0.,0.02),
 .UNSPECIFIED.);
#6592=B_SPLINE_SURFACE_WITH_KNOTS('',3,1,((#12261,#12262),(#12263,#12264),
(#12265,#12266),(#12267,#12268),(#12269,#12270)),.UNSPECIFIED.,.F.,.F.,
 .F.,(4,1,4),(2,2),(0.,0.0132593549121324,0.0296605762663181),(0.,0.02),
 .UNSPECIFIED.);
#6593=B_SPLINE_SURFACE_WITH_KNOTS('',3,1,((#12284,#12285),(#12286,#12287),
(#12288,#12289),(#12290,#12291),(#12292,#12293)),.UNSPECIFIED.,.F.,.F.,
 .F.,(4,1,4),(2,2),(0.,0.0129076542708864,0.0227592597228735),(0.,0.02),
 .UNSPECIFIED.);
#6594=B_SPLINE_SURFACE_WITH_KNOTS('',3,1,((#12307,#12308),(#12309,#12310),
(#12311,#12312),(#12313,#12314),(#12315,#12316)),.UNSPECIFIED.,.F.,.F.,
 .F.,(4,1,4),(2,2),(0.,0.00412814683974976,0.0064135240358517),(0.,0.02),
 .UNSPECIFIED.);
#6595=B_SPLINE_SURFACE_WITH_KNOTS('',3,1,((#12330,#12331),(#12332,#12333),
(#12334,#12335),(#12336,#12337),(#12338,#12339)),.UNSPECIFIED.,.F.,.F.,
 .F.,(4,1,4),(2,2),(0.,0.0261095921421269,0.0446556716400662),(0.,0.02),
 .UNSPECIFIED.);
#6596=B_SPLINE_SURFACE_WITH_KNOTS('',3,1,((#12353,#12354),(#12355,#12356),
(#12357,#12358),(#12359,#12360),(#12361,#12362)),.UNSPECIFIED.,.F.,.F.,
 .F.,(4,1,4),(2,2),(0.,0.00926420530142875,0.0221474007735308),(0.,0.02),
 .UNSPECIFIED.);
#6597=B_SPLINE_SURFACE_WITH_KNOTS('',3,1,((#12376,#12377),(#12378,#12379),
(#12380,#12381),(#12382,#12383),(#12384,#12385)),.UNSPECIFIED.,.F.,.F.,
 .F.,(4,1,4),(2,2),(0.,0.00955891105604393,0.0194793444011533),(0.,0.02),
 .UNSPECIFIED.);
#6598=B_SPLINE_SURFACE_WITH_KNOTS('',3,1,((#12399,#12400),(#12401,#12402),
(#12403,#12404),(#12405,#12406),(#12407,#12408)),.UNSPECIFIED.,.F.,.F.,
 .F.,(4,1,4),(2,2),(0.,0.00970396383669469,0.0191192115322202),(0.,0.02),
 .UNSPECIFIED.);
#6599=B_SPLINE_SURFACE_WITH_KNOTS('',3,1,((#12422,#12423),(#12424,#12425),
(#12426,#12427),(#12428,#12429),(#12430,#12431)),.UNSPECIFIED.,.F.,.F.,
 .F.,(4,1,4),(2,2),(0.,0.0102525050464157,0.020199328684888),(0.,0.02),
 .UNSPECIFIED.);
#6600=B_SPLINE_SURFACE_WITH_KNOTS('',3,1,((#12445,#12446),(#12447,#12448),
(#12449,#12450),(#12451,#12452),(#12453,#12454)),.UNSPECIFIED.,.F.,.F.,
 .F.,(4,1,4),(2,2),(0.,0.0164007085924879,0.0332334114066021),(0.,0.02),
 .UNSPECIFIED.);
#6601=B_SPLINE_SURFACE_WITH_KNOTS('',3,1,((#12468,#12469),(#12470,#12471),
(#12472,#12473),(#12474,#12475),(#12476,#12477)),.UNSPECIFIED.,.F.,.F.,
 .F.,(4,1,4),(2,2),(0.,0.0213122890774148,0.0391861505323182),(0.,0.02),
 .UNSPECIFIED.);
#6602=B_SPLINE_SURFACE_WITH_KNOTS('',3,1,((#12491,#12492),(#12493,#12494),
(#12495,#12496),(#12497,#12498),(#12499,#12500)),.UNSPECIFIED.,.F.,.F.,
 .F.,(4,1,4),(2,2),(0.,0.0135611554748626,0.0276127266602453),(0.,0.02),
 .UNSPECIFIED.);
#6603=B_SPLINE_SURFACE_WITH_KNOTS('',3,1,((#12514,#12515),(#12516,#12517),
(#12518,#12519),(#12520,#12521),(#12522,#12523)),.UNSPECIFIED.,.F.,.F.,
 .F.,(4,1,4),(2,2),(0.,0.0166444175253973,0.0310583309395812),(0.,0.02),
 .UNSPECIFIED.);
#6604=B_SPLINE_SURFACE_WITH_KNOTS('',3,1,((#12537,#12538),(#12539,#12540),
(#12541,#12542),(#12543,#12544),(#12545,#12546)),.UNSPECIFIED.,.F.,.F.,
 .F.,(4,1,4),(2,2),(0.,0.00886196176758083,0.0186085892062097),(0.,0.02),
 .UNSPECIFIED.);
#6605=B_SPLINE_SURFACE_WITH_KNOTS('',3,1,((#12558,#12559),(#12560,#12561),
(#12562,#12563),(#12564,#12565),(#12566,#12567)),.UNSPECIFIED.,.F.,.F.,
 .F.,(4,1,4),(2,2),(0.,0.0153910228032322,0.0312833176669527),(0.,0.02),
 .UNSPECIFIED.);
#6606=B_SPLINE_SURFACE_WITH_KNOTS('',3,1,((#12584,#12585),(#12586,#12587),
(#12588,#12589),(#12590,#12591),(#12592,#12593)),.UNSPECIFIED.,.F.,.F.,
 .F.,(4,1,4),(2,2),(0.,0.0165077278512938,0.0323447832008238),(0.,0.02),
 .UNSPECIFIED.);
#6607=B_SPLINE_SURFACE_WITH_KNOTS('',3,1,((#12607,#12608),(#12609,#12610),
(#12611,#12612),(#12613,#12614),(#12615,#12616)),.UNSPECIFIED.,.F.,.F.,
 .F.,(4,1,4),(2,2),(0.,0.0259431231777513,0.0457740515086631),(0.,0.02),
 .UNSPECIFIED.);
#6608=B_SPLINE_SURFACE_WITH_KNOTS('',3,1,((#12630,#12631),(#12632,#12633),
(#12634,#12635),(#12636,#12637),(#12638,#12639)),.UNSPECIFIED.,.F.,.F.,
 .F.,(4,1,4),(2,2),(0.,0.0186469071725485,0.0423648897504658),(0.,0.02),
 .UNSPECIFIED.);
#6609=B_SPLINE_SURFACE_WITH_KNOTS('',3,1,((#12653,#12654),(#12655,#12656),
(#12657,#12658),(#12659,#12660),(#12661,#12662)),.UNSPECIFIED.,.F.,.F.,
 .F.,(4,1,4),(2,2),(0.,0.0152468094802072,0.0311493810874141),(0.,0.02),
 .UNSPECIFIED.);
#6610=B_SPLINE_SURFACE_WITH_KNOTS('',3,1,((#12676,#12677),(#12678,#12679),
(#12680,#12681),(#12682,#12683),(#12684,#12685)),.UNSPECIFIED.,.F.,.F.,
 .F.,(4,1,4),(2,2),(0.,0.0164432353236831,0.0317406293937267),(0.,0.02),
 .UNSPECIFIED.);
#6611=B_SPLINE_SURFACE_WITH_KNOTS('',3,1,((#12699,#12700),(#12701,#12702),
(#12703,#12704),(#12705,#12706),(#12707,#12708)),.UNSPECIFIED.,.F.,.F.,
 .F.,(4,1,4),(2,2),(0.,0.0244941009650517,0.0438962688700639),(0.,0.02),
 .UNSPECIFIED.);
#6612=B_SPLINE_SURFACE_WITH_KNOTS('',3,1,((#12722,#12723),(#12724,#12725),
(#12726,#12727),(#12728,#12729),(#12730,#12731)),.UNSPECIFIED.,.F.,.F.,
 .F.,(4,1,4),(2,2),(0.,0.0190918768074991,0.044174391635894),(0.,0.02),
 .UNSPECIFIED.);
#6613=B_SPLINE_SURFACE_WITH_KNOTS('',3,1,((#12763,#12764),(#12765,#12766),
(#12767,#12768),(#12769,#12770),(#12771,#12772)),.UNSPECIFIED.,.F.,.F.,
 .F.,(4,1,4),(2,2),(0.,0.0112481373250121,0.0221469922502229),(0.,0.02),
 .UNSPECIFIED.);
#6614=B_SPLINE_SURFACE_WITH_KNOTS('',3,1,((#12786,#12787),(#12788,#12789),
(#12790,#12791),(#12792,#12793),(#12794,#12795)),.UNSPECIFIED.,.F.,.F.,
 .F.,(4,1,4),(2,2),(0.,0.0124574181556727,0.024163608662902),(0.,0.02),
 .UNSPECIFIED.);
#6615=B_SPLINE_SURFACE_WITH_KNOTS('',3,1,((#12809,#12810),(#12811,#12812),
(#12813,#12814),(#12815,#12816),(#12817,#12818)),.UNSPECIFIED.,.F.,.F.,
 .F.,(4,1,4),(2,2),(0.,0.0168629336800577,0.0340439030921273),(0.,0.02),
 .UNSPECIFIED.);
#6616=B_SPLINE_SURFACE_WITH_KNOTS('',3,1,((#12832,#12833),(#12834,#12835),
(#12836,#12837),(#12838,#12839),(#12840,#12841)),.UNSPECIFIED.,.F.,.F.,
 .F.,(4,1,4),(2,2),(0.,0.0180323160433894,0.0351153560413491),(0.,0.02),
 .UNSPECIFIED.);
#6617=B_SPLINE_SURFACE_WITH_KNOTS('',3,1,((#12855,#12856),(#12857,#12858),
(#12859,#12860),(#12861,#12862),(#12863,#12864)),.UNSPECIFIED.,.F.,.F.,
 .F.,(4,1,4),(2,2),(0.,0.0207643745668794,0.0402091060548333),(0.,0.02),
 .UNSPECIFIED.);
#6618=B_SPLINE_SURFACE_WITH_KNOTS('',3,1,((#12878,#12879),(#12880,#12881),
(#12882,#12883),(#12884,#12885),(#12886,#12887)),.UNSPECIFIED.,.F.,.F.,
 .F.,(4,1,4),(2,2),(0.,0.0193495167390528,0.0404026552700867),(0.,0.02),
 .UNSPECIFIED.);
#6619=B_SPLINE_SURFACE_WITH_KNOTS('',3,1,((#12901,#12902),(#12903,#12904),
(#12905,#12906),(#12907,#12908),(#12909,#12910)),.UNSPECIFIED.,.F.,.F.,
 .F.,(4,1,4),(2,2),(0.,0.0172377314684687,0.0352493629496904),(0.,0.02),
 .UNSPECIFIED.);
#6620=B_SPLINE_SURFACE_WITH_KNOTS('',3,1,((#12924,#12925),(#12926,#12927),
(#12928,#12929),(#12930,#12931),(#12932,#12933)),.UNSPECIFIED.,.F.,.F.,
 .F.,(4,1,4),(2,2),(0.,0.0167973652708976,0.0336261125403068),(0.,0.02),
 .UNSPECIFIED.);
#6621=B_SPLINE_SURFACE_WITH_KNOTS('',3,1,((#12947,#12948),(#12949,#12950),
(#12951,#12952),(#12953,#12954),(#12955,#12956)),.UNSPECIFIED.,.F.,.F.,
 .F.,(4,1,4),(2,2),(0.,0.0234734223979886,0.0475828624822944),(0.,0.02),
 .UNSPECIFIED.);
#6622=B_SPLINE_SURFACE_WITH_KNOTS('',3,1,((#12980,#12981),(#12982,#12983),
(#12984,#12985),(#12986,#12987),(#12988,#12989)),.UNSPECIFIED.,.F.,.F.,
 .F.,(4,1,4),(2,2),(0.,0.0102025968401938,0.0212080248994372),(0.,0.02),
 .UNSPECIFIED.);
#6623=B_SPLINE_SURFACE_WITH_KNOTS('',3,1,((#13006,#13007),(#13008,#13009),
(#13010,#13011),(#13012,#13013),(#13014,#13015)),.UNSPECIFIED.,.F.,.F.,
 .F.,(4,1,4),(2,2),(0.,0.012651928168345,0.0234555804328217),(0.,0.02),
 .UNSPECIFIED.);
#6624=B_SPLINE_SURFACE_WITH_KNOTS('',3,1,((#13029,#13030),(#13031,#13032),
(#13033,#13034),(#13035,#13036),(#13037,#13038)),.UNSPECIFIED.,.F.,.F.,
 .F.,(4,1,4),(2,2),(0.,0.0216419172689501,0.0356653210551156),(0.,0.02),
 .UNSPECIFIED.);
#6625=B_SPLINE_SURFACE_WITH_KNOTS('',3,1,((#13070,#13071),(#13072,#13073),
(#13074,#13075),(#13076,#13077),(#13078,#13079)),.UNSPECIFIED.,.F.,.F.,
 .F.,(4,1,4),(2,2),(0.,0.0173439146541328,0.034535842066096),(0.,0.02),
 .UNSPECIFIED.);
#6626=B_SPLINE_SURFACE_WITH_KNOTS('',3,1,((#13093,#13094),(#13095,#13096),
(#13097,#13098),(#13099,#13100),(#13101,#13102)),.UNSPECIFIED.,.F.,.F.,
 .F.,(4,1,4),(2,2),(0.,0.0172892473421201,0.0351761156301461),(0.,0.02),
 .UNSPECIFIED.);
#6627=B_SPLINE_SURFACE_WITH_KNOTS('',3,1,((#13134,#13135),(#13136,#13137),
(#13138,#13139),(#13140,#13141),(#13142,#13143)),.UNSPECIFIED.,.F.,.F.,
 .F.,(4,1,4),(2,2),(0.,0.00267513950497038,0.00638759345973096),(0.,0.02),
 .UNSPECIFIED.);
#6628=B_SPLINE_SURFACE_WITH_KNOTS('',3,1,((#13157,#13158),(#13159,#13160),
(#13161,#13162),(#13163,#13164),(#13165,#13166)),.UNSPECIFIED.,.F.,.F.,
 .F.,(4,1,4),(2,2),(0.,0.00709419121374369,0.0197763117298918),(0.,0.02),
 .UNSPECIFIED.);
#6629=B_SPLINE_SURFACE_WITH_KNOTS('',3,1,((#13180,#13181),(#13182,#13183),
(#13184,#13185),(#13186,#13187),(#13188,#13189)),.UNSPECIFIED.,.F.,.F.,
 .F.,(4,1,4),(2,2),(0.,0.00553925085294754,0.0111857910316005),(0.,0.02),
 .UNSPECIFIED.);
#6630=B_SPLINE_SURFACE_WITH_KNOTS('',3,1,((#13203,#13204),(#13205,#13206),
(#13207,#13208),(#13209,#13210),(#13211,#13212)),.UNSPECIFIED.,.F.,.F.,
 .F.,(4,1,4),(2,2),(0.,0.00739846959784623,0.0134828303541462),(0.,0.02),
 .UNSPECIFIED.);
#6631=B_SPLINE_SURFACE_WITH_KNOTS('',3,1,((#13226,#13227),(#13228,#13229),
(#13230,#13231),(#13232,#13233),(#13234,#13235)),.UNSPECIFIED.,.F.,.F.,
 .F.,(4,1,4),(2,2),(0.,0.00771327857604387,0.0142504068016044),(0.,0.02),
 .UNSPECIFIED.);
#6632=B_SPLINE_SURFACE_WITH_KNOTS('',3,1,((#13255,#13256),(#13257,#13258),
(#13259,#13260),(#13261,#13262),(#13263,#13264)),.UNSPECIFIED.,.F.,.F.,
 .F.,(4,1,4),(2,2),(0.,0.00754081334434209,0.0161618819559143),(0.,0.02),
 .UNSPECIFIED.);
#6633=B_SPLINE_SURFACE_WITH_KNOTS('',3,1,((#13285,#13286),(#13287,#13288),
(#13289,#13290),(#13291,#13292),(#13293,#13294)),.UNSPECIFIED.,.F.,.F.,
 .F.,(4,1,4),(2,2),(0.,0.0167670155151314,0.0403028550220627),(0.,0.02),
 .UNSPECIFIED.);
#6634=B_SPLINE_SURFACE_WITH_KNOTS('',3,1,((#13308,#13309),(#13310,#13311),
(#13312,#13313),(#13314,#13315),(#13316,#13317)),.UNSPECIFIED.,.F.,.F.,
 .F.,(4,1,4),(2,2),(0.,0.0148251472329406,0.029357487316319),(0.,0.02),
 .UNSPECIFIED.);
#6635=B_SPLINE_SURFACE_WITH_KNOTS('',3,1,((#13331,#13332),(#13333,#13334),
(#13335,#13336),(#13337,#13338),(#13339,#13340)),.UNSPECIFIED.,.F.,.F.,
 .F.,(4,1,4),(2,2),(0.,0.00859877425405121,0.0178570624277258),(0.,0.02),
 .UNSPECIFIED.);
#6636=B_SPLINE_SURFACE_WITH_KNOTS('',3,1,((#13354,#13355),(#13356,#13357),
(#13358,#13359),(#13360,#13361),(#13362,#13363)),.UNSPECIFIED.,.F.,.F.,
 .F.,(4,1,4),(2,2),(0.,0.007776563962307,0.0158509579741986),(0.,0.02),
 .UNSPECIFIED.);
#6637=B_SPLINE_SURFACE_WITH_KNOTS('',3,1,((#13377,#13378),(#13379,#13380),
(#13381,#13382),(#13383,#13384),(#13385,#13386)),.UNSPECIFIED.,.F.,.F.,
 .F.,(4,1,4),(2,2),(0.,0.0131334606777945,0.0227058445518161),(0.,0.02),
 .UNSPECIFIED.);
#6638=B_SPLINE_SURFACE_WITH_KNOTS('',3,1,((#13418,#13419),(#13420,#13421),
(#13422,#13423),(#13424,#13425),(#13426,#13427)),.UNSPECIFIED.,.F.,.F.,
 .F.,(4,1,4),(2,2),(0.,0.00943491102854528,0.0239341466041724),(0.,0.02),
 .UNSPECIFIED.);
#6639=B_SPLINE_SURFACE_WITH_KNOTS('',3,1,((#13441,#13442),(#13443,#13444),
(#13445,#13446),(#13447,#13448),(#13449,#13450)),.UNSPECIFIED.,.F.,.F.,
 .F.,(4,1,4),(2,2),(0.,0.00955717959472655,0.0197955352757169),(0.,0.02),
 .UNSPECIFIED.);
#6640=B_SPLINE_SURFACE_WITH_KNOTS('',3,1,((#13464,#13465),(#13466,#13467),
(#13468,#13469),(#13470,#13471),(#13472,#13473)),.UNSPECIFIED.,.F.,.F.,
 .F.,(4,1,4),(2,2),(0.,0.0110350079518556,0.0207542119945477),(0.,0.02),
 .UNSPECIFIED.);
#6641=B_SPLINE_SURFACE_WITH_KNOTS('',3,1,((#13487,#13488),(#13489,#13490),
(#13491,#13492),(#13493,#13494),(#13495,#13496)),.UNSPECIFIED.,.F.,.F.,
 .F.,(4,1,4),(2,2),(0.,0.0126231966532887,0.0246632129150755),(0.,0.02),
 .UNSPECIFIED.);
#6642=B_SPLINE_SURFACE_WITH_KNOTS('',3,1,((#13510,#13511),(#13512,#13513),
(#13514,#13515),(#13516,#13517),(#13518,#13519)),.UNSPECIFIED.,.F.,.F.,
 .F.,(4,1,4),(2,2),(0.,0.0264804848593654,0.0537448056585537),(0.,0.02),
 .UNSPECIFIED.);
#6643=B_SPLINE_SURFACE_WITH_KNOTS('',3,1,((#13612,#13613),(#13614,#13615),
(#13616,#13617),(#13618,#13619),(#13620,#13621)),.UNSPECIFIED.,.F.,.F.,
 .F.,(4,1,4),(2,2),(0.,0.0141617232497088,0.0337804981226302),(0.,0.02),
 .UNSPECIFIED.);
#6644=B_SPLINE_SURFACE_WITH_KNOTS('',3,1,((#13635,#13636),(#13637,#13638),
(#13639,#13640),(#13641,#13642),(#13643,#13644)),.UNSPECIFIED.,.F.,.F.,
 .F.,(4,1,4),(2,2),(0.,0.0181952033111783,0.0311069583818874),(0.,0.02),
 .UNSPECIFIED.);
#6645=ADVANCED_FACE('',(#251),#6430,.F.);
#6646=ADVANCED_FACE('',(#252),#6431,.F.);
#6647=ADVANCED_FACE('',(#253),#6432,.F.);
#6648=ADVANCED_FACE('',(#254),#6433,.F.);
#6649=ADVANCED_FACE('',(#255),#6434,.F.);
#6650=ADVANCED_FACE('',(#256),#6435,.F.);
#6651=ADVANCED_FACE('',(#257),#6436,.F.);
#6652=ADVANCED_FACE('',(#258),#6437,.F.);
#6653=ADVANCED_FACE('',(#259),#6438,.F.);
#6654=ADVANCED_FACE('',(#260),#121,.F.);
#6655=ADVANCED_FACE('',(#261),#122,.F.);
#6656=ADVANCED_FACE('',(#262),#6439,.F.);
#6657=ADVANCED_FACE('',(#263),#6440,.F.);
#6658=ADVANCED_FACE('',(#264),#123,.F.);
#6659=ADVANCED_FACE('',(#265),#6441,.F.);
#6660=ADVANCED_FACE('',(#266),#6442,.F.);
#6661=ADVANCED_FACE('',(#267),#6443,.F.);
#6662=ADVANCED_FACE('',(#268),#6444,.F.);
#6663=ADVANCED_FACE('',(#269),#6445,.F.);
#6664=ADVANCED_FACE('',(#270),#6446,.F.);
#6665=ADVANCED_FACE('',(#271),#6447,.F.);
#6666=ADVANCED_FACE('',(#272),#124,.F.);
#6667=ADVANCED_FACE('',(#273),#6448,.F.);
#6668=ADVANCED_FACE('',(#274),#6449,.F.);
#6669=ADVANCED_FACE('',(#275),#6450,.F.);
#6670=ADVANCED_FACE('',(#276),#6451,.F.);
#6671=ADVANCED_FACE('',(#277),#6452,.F.);
#6672=ADVANCED_FACE('',(#278),#6453,.F.);
#6673=ADVANCED_FACE('',(#279),#6454,.F.);
#6674=ADVANCED_FACE('',(#280),#6455,.F.);
#6675=ADVANCED_FACE('',(#281),#6456,.F.);
#6676=ADVANCED_FACE('',(#282),#6457,.F.);
#6677=ADVANCED_FACE('',(#283),#6458,.F.);
#6678=ADVANCED_FACE('',(#284),#6459,.F.);
#6679=ADVANCED_FACE('',(#285),#6460,.F.);
#6680=ADVANCED_FACE('',(#286),#6461,.F.);
#6681=ADVANCED_FACE('',(#287),#6462,.F.);
#6682=ADVANCED_FACE('',(#288,#87),#125,.T.);
#6683=ADVANCED_FACE('',(#289),#126,.F.);
#6684=ADVANCED_FACE('',(#290),#6463,.F.);
#6685=ADVANCED_FACE('',(#291),#6464,.F.);
#6686=ADVANCED_FACE('',(#292),#6465,.F.);
#6687=ADVANCED_FACE('',(#293),#6466,.F.);
#6688=ADVANCED_FACE('',(#294),#6467,.F.);
#6689=ADVANCED_FACE('',(#295),#127,.F.);
#6690=ADVANCED_FACE('',(#296),#128,.F.);
#6691=ADVANCED_FACE('',(#297),#129,.F.);
#6692=ADVANCED_FACE('',(#298),#6468,.F.);
#6693=ADVANCED_FACE('',(#299),#6469,.F.);
#6694=ADVANCED_FACE('',(#300),#6470,.F.);
#6695=ADVANCED_FACE('',(#301),#6471,.F.);
#6696=ADVANCED_FACE('',(#302),#6472,.F.);
#6697=ADVANCED_FACE('',(#303),#130,.F.);
#6698=ADVANCED_FACE('',(#304),#131,.F.);
#6699=ADVANCED_FACE('',(#305),#132,.F.);
#6700=ADVANCED_FACE('',(#306),#133,.F.);
#6701=ADVANCED_FACE('',(#307),#134,.T.);
#6702=ADVANCED_FACE('',(#308),#6473,.F.);
#6703=ADVANCED_FACE('',(#309),#6474,.F.);
#6704=ADVANCED_FACE('',(#310),#6475,.F.);
#6705=ADVANCED_FACE('',(#311),#6476,.F.);
#6706=ADVANCED_FACE('',(#312),#6477,.F.);
#6707=ADVANCED_FACE('',(#313),#6478,.F.);
#6708=ADVANCED_FACE('',(#314),#6479,.F.);
#6709=ADVANCED_FACE('',(#315),#6480,.F.);
#6710=ADVANCED_FACE('',(#316),#6481,.F.);
#6711=ADVANCED_FACE('',(#317),#6482,.F.);
#6712=ADVANCED_FACE('',(#318),#6483,.F.);
#6713=ADVANCED_FACE('',(#319),#6484,.F.);
#6714=ADVANCED_FACE('',(#320),#6485,.F.);
#6715=ADVANCED_FACE('',(#321),#6486,.F.);
#6716=ADVANCED_FACE('',(#322),#135,.F.);
#6717=ADVANCED_FACE('',(#323),#6487,.F.);
#6718=ADVANCED_FACE('',(#324),#6488,.F.);
#6719=ADVANCED_FACE('',(#325),#6489,.F.);
#6720=ADVANCED_FACE('',(#326),#6490,.F.);
#6721=ADVANCED_FACE('',(#327),#6491,.F.);
#6722=ADVANCED_FACE('',(#328),#6492,.F.);
#6723=ADVANCED_FACE('',(#329),#6493,.F.);
#6724=ADVANCED_FACE('',(#330),#6494,.F.);
#6725=ADVANCED_FACE('',(#331),#6495,.F.);
#6726=ADVANCED_FACE('',(#332),#6496,.F.);
#6727=ADVANCED_FACE('',(#333),#6497,.F.);
#6728=ADVANCED_FACE('',(#334),#6498,.F.);
#6729=ADVANCED_FACE('',(#335),#6499,.F.);
#6730=ADVANCED_FACE('',(#336),#6500,.F.);
#6731=ADVANCED_FACE('',(#337),#6501,.F.);
#6732=ADVANCED_FACE('',(#338),#6502,.F.);
#6733=ADVANCED_FACE('',(#339),#136,.F.);
#6734=ADVANCED_FACE('',(#340),#6503,.F.);
#6735=ADVANCED_FACE('',(#341),#137,.T.);
#6736=ADVANCED_FACE('',(#342),#138,.F.);
#6737=ADVANCED_FACE('',(#343),#139,.F.);
#6738=ADVANCED_FACE('',(#344),#140,.F.);
#6739=ADVANCED_FACE('',(#345),#141,.F.);
#6740=ADVANCED_FACE('',(#346),#142,.F.);
#6741=ADVANCED_FACE('',(#347),#143,.F.);
#6742=ADVANCED_FACE('',(#348),#144,.F.);
#6743=ADVANCED_FACE('',(#349),#145,.F.);
#6744=ADVANCED_FACE('',(#350),#146,.F.);
#6745=ADVANCED_FACE('',(#351),#147,.F.);
#6746=ADVANCED_FACE('',(#352),#148,.F.);
#6747=ADVANCED_FACE('',(#353),#149,.F.);
#6748=ADVANCED_FACE('',(#354),#150,.F.);
#6749=ADVANCED_FACE('',(#355),#6504,.F.);
#6750=ADVANCED_FACE('',(#356),#6505,.F.);
#6751=ADVANCED_FACE('',(#357),#6506,.F.);
#6752=ADVANCED_FACE('',(#358),#6507,.F.);
#6753=ADVANCED_FACE('',(#359),#6508,.F.);
#6754=ADVANCED_FACE('',(#360),#6509,.F.);
#6755=ADVANCED_FACE('',(#361),#6510,.F.);
#6756=ADVANCED_FACE('',(#362),#151,.F.);
#6757=ADVANCED_FACE('',(#363),#6511,.F.);
#6758=ADVANCED_FACE('',(#364),#6512,.F.);
#6759=ADVANCED_FACE('',(#365),#6513,.F.);
#6760=ADVANCED_FACE('',(#366),#6514,.F.);
#6761=ADVANCED_FACE('',(#367),#6515,.F.);
#6762=ADVANCED_FACE('',(#368),#6516,.F.);
#6763=ADVANCED_FACE('',(#369),#6517,.F.);
#6764=ADVANCED_FACE('',(#370),#6518,.F.);
#6765=ADVANCED_FACE('',(#371),#6519,.F.);
#6766=ADVANCED_FACE('',(#372),#152,.F.);
#6767=ADVANCED_FACE('',(#373),#6520,.F.);
#6768=ADVANCED_FACE('',(#374),#153,.T.);
#6769=ADVANCED_FACE('',(#375),#6521,.F.);
#6770=ADVANCED_FACE('',(#376),#6522,.F.);
#6771=ADVANCED_FACE('',(#377),#6523,.F.);
#6772=ADVANCED_FACE('',(#378),#6524,.F.);
#6773=ADVANCED_FACE('',(#379),#6525,.F.);
#6774=ADVANCED_FACE('',(#380),#6526,.F.);
#6775=ADVANCED_FACE('',(#381),#6527,.F.);
#6776=ADVANCED_FACE('',(#382),#6528,.F.);
#6777=ADVANCED_FACE('',(#383),#154,.F.);
#6778=ADVANCED_FACE('',(#384),#6529,.F.);
#6779=ADVANCED_FACE('',(#385),#6530,.F.);
#6780=ADVANCED_FACE('',(#386),#6531,.F.);
#6781=ADVANCED_FACE('',(#387),#6532,.F.);
#6782=ADVANCED_FACE('',(#388),#6533,.F.);
#6783=ADVANCED_FACE('',(#389),#6534,.F.);
#6784=ADVANCED_FACE('',(#390),#6535,.F.);
#6785=ADVANCED_FACE('',(#391),#6536,.F.);
#6786=ADVANCED_FACE('',(#392),#6537,.F.);
#6787=ADVANCED_FACE('',(#393),#6538,.F.);
#6788=ADVANCED_FACE('',(#394),#155,.F.);
#6789=ADVANCED_FACE('',(#395),#156,.F.);
#6790=ADVANCED_FACE('',(#396),#157,.F.);
#6791=ADVANCED_FACE('',(#397),#158,.F.);
#6792=ADVANCED_FACE('',(#398,#88),#159,.T.);
#6793=ADVANCED_FACE('',(#399),#6539,.F.);
#6794=ADVANCED_FACE('',(#400),#6540,.F.);
#6795=ADVANCED_FACE('',(#401),#6541,.F.);
#6796=ADVANCED_FACE('',(#402),#6542,.F.);
#6797=ADVANCED_FACE('',(#403),#6543,.F.);
#6798=ADVANCED_FACE('',(#404),#6544,.F.);
#6799=ADVANCED_FACE('',(#405),#6545,.F.);
#6800=ADVANCED_FACE('',(#406),#6546,.F.);
#6801=ADVANCED_FACE('',(#407),#6547,.F.);
#6802=ADVANCED_FACE('',(#408),#160,.F.);
#6803=ADVANCED_FACE('',(#409),#161,.F.);
#6804=ADVANCED_FACE('',(#410),#6548,.F.);
#6805=ADVANCED_FACE('',(#411),#6549,.F.);
#6806=ADVANCED_FACE('',(#412),#162,.F.);
#6807=ADVANCED_FACE('',(#413),#6550,.F.);
#6808=ADVANCED_FACE('',(#414),#6551,.F.);
#6809=ADVANCED_FACE('',(#415),#6552,.F.);
#6810=ADVANCED_FACE('',(#416),#6553,.F.);
#6811=ADVANCED_FACE('',(#417),#6554,.F.);
#6812=ADVANCED_FACE('',(#418),#6555,.F.);
#6813=ADVANCED_FACE('',(#419),#6556,.F.);
#6814=ADVANCED_FACE('',(#420),#163,.F.);
#6815=ADVANCED_FACE('',(#421),#6557,.F.);
#6816=ADVANCED_FACE('',(#422),#6558,.F.);
#6817=ADVANCED_FACE('',(#423),#6559,.F.);
#6818=ADVANCED_FACE('',(#424),#6560,.F.);
#6819=ADVANCED_FACE('',(#425),#6561,.F.);
#6820=ADVANCED_FACE('',(#426),#6562,.F.);
#6821=ADVANCED_FACE('',(#427),#6563,.F.);
#6822=ADVANCED_FACE('',(#428),#6564,.F.);
#6823=ADVANCED_FACE('',(#429),#6565,.F.);
#6824=ADVANCED_FACE('',(#430),#6566,.F.);
#6825=ADVANCED_FACE('',(#431),#6567,.F.);
#6826=ADVANCED_FACE('',(#432),#6568,.F.);
#6827=ADVANCED_FACE('',(#433),#6569,.F.);
#6828=ADVANCED_FACE('',(#434),#6570,.F.);
#6829=ADVANCED_FACE('',(#435),#6571,.F.);
#6830=ADVANCED_FACE('',(#436,#89),#164,.T.);
#6831=ADVANCED_FACE('',(#437),#165,.F.);
#6832=ADVANCED_FACE('',(#438),#166,.F.);
#6833=ADVANCED_FACE('',(#439),#167,.F.);
#6834=ADVANCED_FACE('',(#440),#168,.F.);
#6835=ADVANCED_FACE('',(#441),#169,.F.);
#6836=ADVANCED_FACE('',(#442),#170,.F.);
#6837=ADVANCED_FACE('',(#443),#171,.F.);
#6838=ADVANCED_FACE('',(#444),#172,.F.);
#6839=ADVANCED_FACE('',(#445),#173,.F.);
#6840=ADVANCED_FACE('',(#446),#174,.F.);
#6841=ADVANCED_FACE('',(#447),#175,.F.);
#6842=ADVANCED_FACE('',(#448),#176,.F.);
#6843=ADVANCED_FACE('',(#449),#177,.F.);
#6844=ADVANCED_FACE('',(#450),#6572,.F.);
#6845=ADVANCED_FACE('',(#451),#6573,.F.);
#6846=ADVANCED_FACE('',(#452),#6574,.F.);
#6847=ADVANCED_FACE('',(#453),#6575,.F.);
#6848=ADVANCED_FACE('',(#454),#6576,.F.);
#6849=ADVANCED_FACE('',(#455),#6577,.F.);
#6850=ADVANCED_FACE('',(#456),#6578,.F.);
#6851=ADVANCED_FACE('',(#457),#6579,.F.);
#6852=ADVANCED_FACE('',(#458),#6580,.F.);
#6853=ADVANCED_FACE('',(#459),#178,.F.);
#6854=ADVANCED_FACE('',(#460),#179,.F.);
#6855=ADVANCED_FACE('',(#461),#6581,.F.);
#6856=ADVANCED_FACE('',(#462),#6582,.F.);
#6857=ADVANCED_FACE('',(#463),#180,.F.);
#6858=ADVANCED_FACE('',(#464),#6583,.F.);
#6859=ADVANCED_FACE('',(#465),#6584,.F.);
#6860=ADVANCED_FACE('',(#466),#6585,.F.);
#6861=ADVANCED_FACE('',(#467),#6586,.F.);
#6862=ADVANCED_FACE('',(#468),#6587,.F.);
#6863=ADVANCED_FACE('',(#469),#6588,.F.);
#6864=ADVANCED_FACE('',(#470),#6589,.F.);
#6865=ADVANCED_FACE('',(#471),#181,.F.);
#6866=ADVANCED_FACE('',(#472),#6590,.F.);
#6867=ADVANCED_FACE('',(#473),#6591,.F.);
#6868=ADVANCED_FACE('',(#474),#6592,.F.);
#6869=ADVANCED_FACE('',(#475),#6593,.F.);
#6870=ADVANCED_FACE('',(#476),#6594,.F.);
#6871=ADVANCED_FACE('',(#477),#6595,.F.);
#6872=ADVANCED_FACE('',(#478),#6596,.F.);
#6873=ADVANCED_FACE('',(#479),#6597,.F.);
#6874=ADVANCED_FACE('',(#480),#6598,.F.);
#6875=ADVANCED_FACE('',(#481),#6599,.F.);
#6876=ADVANCED_FACE('',(#482),#6600,.F.);
#6877=ADVANCED_FACE('',(#483),#6601,.F.);
#6878=ADVANCED_FACE('',(#484),#6602,.F.);
#6879=ADVANCED_FACE('',(#485),#6603,.F.);
#6880=ADVANCED_FACE('',(#486),#6604,.F.);
#6881=ADVANCED_FACE('',(#487,#90),#182,.T.);
#6882=ADVANCED_FACE('',(#488),#6605,.F.);
#6883=ADVANCED_FACE('',(#489),#6606,.F.);
#6884=ADVANCED_FACE('',(#490),#6607,.F.);
#6885=ADVANCED_FACE('',(#491),#6608,.F.);
#6886=ADVANCED_FACE('',(#492),#6609,.F.);
#6887=ADVANCED_FACE('',(#493),#6610,.F.);
#6888=ADVANCED_FACE('',(#494),#6611,.F.);
#6889=ADVANCED_FACE('',(#495),#6612,.F.);
#6890=ADVANCED_FACE('',(#496),#183,.F.);
#6891=ADVANCED_FACE('',(#497),#184,.F.);
#6892=ADVANCED_FACE('',(#498),#185,.F.);
#6893=ADVANCED_FACE('',(#499),#6613,.F.);
#6894=ADVANCED_FACE('',(#500),#6614,.F.);
#6895=ADVANCED_FACE('',(#501),#6615,.F.);
#6896=ADVANCED_FACE('',(#502),#6616,.F.);
#6897=ADVANCED_FACE('',(#503),#6617,.F.);
#6898=ADVANCED_FACE('',(#504),#6618,.F.);
#6899=ADVANCED_FACE('',(#505),#6619,.F.);
#6900=ADVANCED_FACE('',(#506),#6620,.F.);
#6901=ADVANCED_FACE('',(#507),#6621,.F.);
#6902=ADVANCED_FACE('',(#508),#186,.F.);
#6903=ADVANCED_FACE('',(#509),#187,.F.);
#6904=ADVANCED_FACE('',(#510,#91),#188,.T.);
#6905=ADVANCED_FACE('',(#511),#6622,.F.);
#6906=ADVANCED_FACE('',(#512),#6623,.F.);
#6907=ADVANCED_FACE('',(#513),#6624,.F.);
#6908=ADVANCED_FACE('',(#514),#189,.F.);
#6909=ADVANCED_FACE('',(#515),#190,.F.);
#6910=ADVANCED_FACE('',(#516),#191,.F.);
#6911=ADVANCED_FACE('',(#517),#6625,.F.);
#6912=ADVANCED_FACE('',(#518),#6626,.F.);
#6913=ADVANCED_FACE('',(#519),#192,.F.);
#6914=ADVANCED_FACE('',(#520),#193,.F.);
#6915=ADVANCED_FACE('',(#521),#194,.F.);
#6916=ADVANCED_FACE('',(#522),#6627,.F.);
#6917=ADVANCED_FACE('',(#523),#6628,.F.);
#6918=ADVANCED_FACE('',(#524),#6629,.F.);
#6919=ADVANCED_FACE('',(#525),#6630,.F.);
#6920=ADVANCED_FACE('',(#526),#6631,.F.);
#6921=ADVANCED_FACE('',(#527),#195,.F.);
#6922=ADVANCED_FACE('',(#528),#6632,.F.);
#6923=ADVANCED_FACE('',(#529),#196,.T.);
#6924=ADVANCED_FACE('',(#530),#197,.F.);
#6925=ADVANCED_FACE('',(#531),#6633,.F.);
#6926=ADVANCED_FACE('',(#532),#6634,.F.);
#6927=ADVANCED_FACE('',(#533),#6635,.F.);
#6928=ADVANCED_FACE('',(#534),#6636,.F.);
#6929=ADVANCED_FACE('',(#535),#6637,.F.);
#6930=ADVANCED_FACE('',(#536),#198,.F.);
#6931=ADVANCED_FACE('',(#537),#199,.F.);
#6932=ADVANCED_FACE('',(#538),#200,.F.);
#6933=ADVANCED_FACE('',(#539),#6638,.F.);
#6934=ADVANCED_FACE('',(#540),#6639,.F.);
#6935=ADVANCED_FACE('',(#541),#6640,.F.);
#6936=ADVANCED_FACE('',(#542),#6641,.F.);
#6937=ADVANCED_FACE('',(#543),#6642,.F.);
#6938=ADVANCED_FACE('',(#544),#201,.F.);
#6939=ADVANCED_FACE('',(#545),#202,.F.);
#6940=ADVANCED_FACE('',(#546),#203,.F.);
#6941=ADVANCED_FACE('',(#547),#204,.F.);
#6942=ADVANCED_FACE('',(#548),#205,.T.);
#6943=ADVANCED_FACE('',(#549),#206,.F.);
#6944=ADVANCED_FACE('',(#550),#207,.F.);
#6945=ADVANCED_FACE('',(#551),#208,.F.);
#6946=ADVANCED_FACE('',(#552),#209,.F.);
#6947=ADVANCED_FACE('',(#553),#210,.F.);
#6948=ADVANCED_FACE('',(#554),#211,.F.);
#6949=ADVANCED_FACE('',(#555),#212,.F.);
#6950=ADVANCED_FACE('',(#556),#213,.F.);
#6951=ADVANCED_FACE('',(#557),#214,.F.);
#6952=ADVANCED_FACE('',(#558),#6643,.F.);
#6953=ADVANCED_FACE('',(#559),#6644,.F.);
#6954=ADVANCED_FACE('',(#560),#215,.F.);
#6955=ADVANCED_FACE('',(#561),#216,.F.);
#6956=ADVANCED_FACE('',(#562),#217,.F.);
#6957=ADVANCED_FACE('',(#563),#218,.F.);
#6958=ADVANCED_FACE('',(#564),#219,.T.);
#6959=ADVANCED_FACE('',(#565,#92,#93,#94,#95,#96,#97,#98,#99,#100,#101,
#102,#103,#104,#105,#106,#107,#108,#109,#110,#111,#112),#220,.F.);
#6960=ADVANCED_FACE('',(#566),#221,.F.);
#6961=ADVANCED_FACE('',(#567),#222,.F.);
#6962=ADVANCED_FACE('',(#568),#223,.F.);
#6963=ADVANCED_FACE('',(#569),#224,.F.);
#6964=ADVANCED_FACE('',(#570),#15,.T.);
#6965=ADVANCED_FACE('',(#571),#225,.F.);
#6966=ADVANCED_FACE('',(#572),#226,.T.);
#6967=ADVANCED_FACE('',(#573),#16,.T.);
#6968=ADVANCED_FACE('',(#574),#17,.T.);
#6969=ADVANCED_FACE('',(#575),#227,.T.);
#6970=ADVANCED_FACE('',(#576),#18,.T.);
#6971=ADVANCED_FACE('',(#577),#228,.T.);
#6972=ADVANCED_FACE('',(#578),#229,.T.);
#6973=ADVANCED_FACE('',(#579),#19,.F.);
#6974=ADVANCED_FACE('',(#580),#230,.T.);
#6975=ADVANCED_FACE('',(#581),#20,.F.);
#6976=ADVANCED_FACE('',(#582),#231,.T.);
#6977=ADVANCED_FACE('',(#583),#21,.F.);
#6978=ADVANCED_FACE('',(#584),#232,.T.);
#6979=ADVANCED_FACE('',(#585),#22,.F.);
#6980=ADVANCED_FACE('',(#586),#23,.F.);
#6981=ADVANCED_FACE('',(#587),#24,.F.);
#6982=ADVANCED_FACE('',(#588),#25,.F.);
#6983=ADVANCED_FACE('',(#589),#233,.T.);
#6984=ADVANCED_FACE('',(#590),#26,.F.);
#6985=ADVANCED_FACE('',(#591),#234,.T.);
#6986=ADVANCED_FACE('',(#592),#27,.F.);
#6987=ADVANCED_FACE('',(#593),#235,.T.);
#6988=ADVANCED_FACE('',(#594),#28,.F.);
#6989=ADVANCED_FACE('',(#595),#236,.T.);
#6990=ADVANCED_FACE('',(#596),#29,.F.);
#6991=ADVANCED_FACE('',(#597),#237,.T.);
#6992=ADVANCED_FACE('',(#598),#30,.F.);
#6993=ADVANCED_FACE('',(#599),#238,.T.);
#6994=ADVANCED_FACE('',(#600),#31,.F.);
#6995=ADVANCED_FACE('',(#601),#239,.T.);
#6996=ADVANCED_FACE('',(#602),#32,.F.);
#6997=ADVANCED_FACE('',(#603),#240,.T.);
#6998=ADVANCED_FACE('',(#604),#33,.F.);
#6999=ADVANCED_FACE('',(#605),#241,.T.);
#7000=ADVANCED_FACE('',(#606),#34,.F.);
#7001=ADVANCED_FACE('',(#607),#242,.T.);
#7002=ADVANCED_FACE('',(#608),#35,.F.);
#7003=ADVANCED_FACE('',(#609),#243,.T.);
#7004=ADVANCED_FACE('',(#610),#36,.F.);
#7005=ADVANCED_FACE('',(#611),#244,.T.);
#7006=ADVANCED_FACE('',(#612),#37,.F.);
#7007=ADVANCED_FACE('',(#613),#38,.F.);
#7008=ADVANCED_FACE('',(#614),#245,.T.);
#7009=ADVANCED_FACE('',(#615),#246,.T.);
#7010=ADVANCED_FACE('',(#616),#247,.T.);
#7011=ADVANCED_FACE('',(#617),#248,.T.);
#7012=ADVANCED_FACE('',(#618),#249,.T.);
#7013=ADVANCED_FACE('',(#619,#113,#114,#115,#116,#117,#118,#119,#120),#250,
 .T.);
#7014=CLOSED_SHELL('',(#6645,#6646,#6647,#6648,#6649,#6650,#6651,#6652,
#6653,#6654,#6655,#6656,#6657,#6658,#6659,#6660,#6661,#6662,#6663,#6664,
#6665,#6666,#6667,#6668,#6669,#6670,#6671,#6672,#6673,#6674,#6675,#6676,
#6677,#6678,#6679,#6680,#6681,#6682,#6683,#6684,#6685,#6686,#6687,#6688,
#6689,#6690,#6691,#6692,#6693,#6694,#6695,#6696,#6697,#6698,#6699,#6700,
#6701,#6702,#6703,#6704,#6705,#6706,#6707,#6708,#6709,#6710,#6711,#6712,
#6713,#6714,#6715,#6716,#6717,#6718,#6719,#6720,#6721,#6722,#6723,#6724,
#6725,#6726,#6727,#6728,#6729,#6730,#6731,#6732,#6733,#6734,#6735,#6736,
#6737,#6738,#6739,#6740,#6741,#6742,#6743,#6744,#6745,#6746,#6747,#6748,
#6749,#6750,#6751,#6752,#6753,#6754,#6755,#6756,#6757,#6758,#6759,#6760,
#6761,#6762,#6763,#6764,#6765,#6766,#6767,#6768,#6769,#6770,#6771,#6772,
#6773,#6774,#6775,#6776,#6777,#6778,#6779,#6780,#6781,#6782,#6783,#6784,
#6785,#6786,#6787,#6788,#6789,#6790,#6791,#6792,#6793,#6794,#6795,#6796,
#6797,#6798,#6799,#6800,#6801,#6802,#6803,#6804,#6805,#6806,#6807,#6808,
#6809,#6810,#6811,#6812,#6813,#6814,#6815,#6816,#6817,#6818,#6819,#6820,
#6821,#6822,#6823,#6824,#6825,#6826,#6827,#6828,#6829,#6830,#6831,#6832,
#6833,#6834,#6835,#6836,#6837,#6838,#6839,#6840,#6841,#6842,#6843,#6844,
#6845,#6846,#6847,#6848,#6849,#6850,#6851,#6852,#6853,#6854,#6855,#6856,
#6857,#6858,#6859,#6860,#6861,#6862,#6863,#6864,#6865,#6866,#6867,#6868,
#6869,#6870,#6871,#6872,#6873,#6874,#6875,#6876,#6877,#6878,#6879,#6880,
#6881,#6882,#6883,#6884,#6885,#6886,#6887,#6888,#6889,#6890,#6891,#6892,
#6893,#6894,#6895,#6896,#6897,#6898,#6899,#6900,#6901,#6902,#6903,#6904,
#6905,#6906,#6907,#6908,#6909,#6910,#6911,#6912,#6913,#6914,#6915,#6916,
#6917,#6918,#6919,#6920,#6921,#6922,#6923,#6924,#6925,#6926,#6927,#6928,
#6929,#6930,#6931,#6932,#6933,#6934,#6935,#6936,#6937,#6938,#6939,#6940,
#6941,#6942,#6943,#6944,#6945,#6946,#6947,#6948,#6949,#6950,#6951,#6952,
#6953,#6954,#6955,#6956,#6957,#6958,#6959,#6960,#6961,#6962,#6963,#6964,
#6965,#6966,#6967,#6968,#6969,#6970,#6971,#6972,#6973,#6974,#6975,#6976,
#6977,#6978,#6979,#6980,#6981,#6982,#6983,#6984,#6985,#6986,#6987,#6988,
#6989,#6990,#6991,#6992,#6993,#6994,#6995,#6996,#6997,#6998,#6999,#7000,
#7001,#7002,#7003,#7004,#7005,#7006,#7007,#7008,#7009,#7010,#7011,#7012,
#7013));
#7015=DERIVED_UNIT_ELEMENT(#7017,1.);
#7016=DERIVED_UNIT_ELEMENT(#13980,-3.);
#7017=(
MASS_UNIT()
NAMED_UNIT(*)
SI_UNIT(.KILO.,.GRAM.)
);
#7018=DERIVED_UNIT((#7015,#7016));
#7019=MEASURE_REPRESENTATION_ITEM('density measure',
POSITIVE_RATIO_MEASURE(7850.),#7018);
#7020=PROPERTY_DEFINITION_REPRESENTATION(#7025,#7022);
#7021=PROPERTY_DEFINITION_REPRESENTATION(#7026,#7023);
#7022=REPRESENTATION('material name',(#7024),#13977);
#7023=REPRESENTATION('density',(#7019),#13977);
#7024=DESCRIPTIVE_REPRESENTATION_ITEM('Steel','Steel');
#7025=PROPERTY_DEFINITION('material property','material name',#13987);
#7026=PROPERTY_DEFINITION('material property','density of part',#13987);
#7027=AXIS2_PLACEMENT_3D('',#8205,#7230,#7231);
#7028=AXIS2_PLACEMENT_3D('',#8416,#7242,#7243);
#7029=AXIS2_PLACEMENT_3D('',#8419,#7246,#7247);
#7030=AXIS2_PLACEMENT_3D('',#8474,#7254,#7255);
#7031=AXIS2_PLACEMENT_3D('',#8641,#7266,#7267);
#7032=AXIS2_PLACEMENT_3D('',#8989,#7285,#7286);
#7033=AXIS2_PLACEMENT_3D('',#8990,#7287,#7288);
#7034=AXIS2_PLACEMENT_3D('',#9114,#7298,#7299);
#7035=AXIS2_PLACEMENT_3D('',#9120,#7303,#7304);
#7036=AXIS2_PLACEMENT_3D('',#9126,#7308,#7309);
#7037=AXIS2_PLACEMENT_3D('',#9247,#7318,#7319);
#7038=AXIS2_PLACEMENT_3D('',#9253,#7323,#7324);
#7039=AXIS2_PLACEMENT_3D('',#9259,#7328,#7329);
#7040=AXIS2_PLACEMENT_3D('',#9265,#7333,#7334);
#7041=AXIS2_PLACEMENT_3D('',#9268,#7337,#7338);
#7042=AXIS2_PLACEMENT_3D('',#9594,#7354,#7355);
#7043=AXIS2_PLACEMENT_3D('',#9968,#7375,#7376);
#7044=AXIS2_PLACEMENT_3D('',#9994,#7380,#7381);
#7045=AXIS2_PLACEMENT_3D('',#9995,#7382,#7383);
#7046=AXIS2_PLACEMENT_3D('',#10004,#7388,#7389);
#7047=AXIS2_PLACEMENT_3D('',#10010,#7393,#7394);
#7048=AXIS2_PLACEMENT_3D('',#10016,#7398,#7399);
#7049=AXIS2_PLACEMENT_3D('',#10022,#7403,#7404);
#7050=AXIS2_PLACEMENT_3D('',#10028,#7408,#7409);
#7051=AXIS2_PLACEMENT_3D('',#10034,#7413,#7414);
#7052=AXIS2_PLACEMENT_3D('',#10040,#7418,#7419);
#7053=AXIS2_PLACEMENT_3D('',#10046,#7423,#7424);
#7054=AXIS2_PLACEMENT_3D('',#10052,#7428,#7429);
#7055=AXIS2_PLACEMENT_3D('',#10058,#7433,#7434);
#7056=AXIS2_PLACEMENT_3D('',#10064,#7438,#7439);
#7057=AXIS2_PLACEMENT_3D('',#10067,#7442,#7443);
#7058=AXIS2_PLACEMENT_3D('',#10232,#7452,#7453);
#7059=AXIS2_PLACEMENT_3D('',#10445,#7466,#7467);
#7060=AXIS2_PLACEMENT_3D('',#10471,#7471,#7472);
#7061=AXIS2_PLACEMENT_3D('',#10656,#7481,#7482);
#7062=AXIS2_PLACEMENT_3D('',#10895,#7497,#7498);
#7063=AXIS2_PLACEMENT_3D('',#10901,#7502,#7503);
#7064=AXIS2_PLACEMENT_3D('',#10907,#7507,#7508);
#7065=AXIS2_PLACEMENT_3D('',#10913,#7512,#7513);
#7066=AXIS2_PLACEMENT_3D('',#10916,#7516,#7517);
#7067=AXIS2_PLACEMENT_3D('',#11127,#7528,#7529);
#7068=AXIS2_PLACEMENT_3D('',#11130,#7532,#7533);
#7069=AXIS2_PLACEMENT_3D('',#11185,#7540,#7541);
#7070=AXIS2_PLACEMENT_3D('',#11352,#7552,#7553);
#7071=AXIS2_PLACEMENT_3D('',#11700,#7571,#7572);
#7072=AXIS2_PLACEMENT_3D('',#11701,#7573,#7574);
#7073=AXIS2_PLACEMENT_3D('',#11710,#7579,#7580);
#7074=AXIS2_PLACEMENT_3D('',#11716,#7584,#7585);
#7075=AXIS2_PLACEMENT_3D('',#11722,#7589,#7590);
#7076=AXIS2_PLACEMENT_3D('',#11728,#7594,#7595);
#7077=AXIS2_PLACEMENT_3D('',#11734,#7599,#7600);
#7078=AXIS2_PLACEMENT_3D('',#11740,#7604,#7605);
#7079=AXIS2_PLACEMENT_3D('',#11746,#7609,#7610);
#7080=AXIS2_PLACEMENT_3D('',#11752,#7614,#7615);
#7081=AXIS2_PLACEMENT_3D('',#11758,#7619,#7620);
#7082=AXIS2_PLACEMENT_3D('',#11764,#7624,#7625);
#7083=AXIS2_PLACEMENT_3D('',#11770,#7629,#7630);
#7084=AXIS2_PLACEMENT_3D('',#11773,#7633,#7634);
#7085=AXIS2_PLACEMENT_3D('',#11984,#7645,#7646);
#7086=AXIS2_PLACEMENT_3D('',#11987,#7649,#7650);
#7087=AXIS2_PLACEMENT_3D('',#12042,#7657,#7658);
#7088=AXIS2_PLACEMENT_3D('',#12209,#7669,#7670);
#7089=AXIS2_PLACEMENT_3D('',#12557,#7688,#7689);
#7090=AXIS2_PLACEMENT_3D('',#12742,#7698,#7699);
#7091=AXIS2_PLACEMENT_3D('',#12751,#7704,#7705);
#7092=AXIS2_PLACEMENT_3D('',#12757,#7709,#7710);
#7093=AXIS2_PLACEMENT_3D('',#12970,#7723,#7724);
#7094=AXIS2_PLACEMENT_3D('',#12976,#7728,#7729);
#7095=AXIS2_PLACEMENT_3D('',#12979,#7732,#7733);
#7096=AXIS2_PLACEMENT_3D('',#13052,#7738,#7739);
#7097=AXIS2_PLACEMENT_3D('',#13058,#7743,#7744);
#7098=AXIS2_PLACEMENT_3D('',#13064,#7748,#7749);
#7099=AXIS2_PLACEMENT_3D('',#13116,#7755,#7756);
#7100=AXIS2_PLACEMENT_3D('',#13122,#7760,#7761);
#7101=AXIS2_PLACEMENT_3D('',#13128,#7765,#7766);
#7102=AXIS2_PLACEMENT_3D('',#13249,#7775,#7776);
#7103=AXIS2_PLACEMENT_3D('',#13275,#7780,#7781);
#7104=AXIS2_PLACEMENT_3D('',#13276,#7782,#7783);
#7105=AXIS2_PLACEMENT_3D('',#13400,#7793,#7794);
#7106=AXIS2_PLACEMENT_3D('',#13406,#7798,#7799);
#7107=AXIS2_PLACEMENT_3D('',#13412,#7803,#7804);
#7108=AXIS2_PLACEMENT_3D('',#13533,#7813,#7814);
#7109=AXIS2_PLACEMENT_3D('',#13539,#7818,#7819);
#7110=AXIS2_PLACEMENT_3D('',#13545,#7823,#7824);
#7111=AXIS2_PLACEMENT_3D('',#13551,#7828,#7829);
#7112=AXIS2_PLACEMENT_3D('',#13554,#7832,#7833);
#7113=AXIS2_PLACEMENT_3D('',#13555,#7834,#7835);
#7114=AXIS2_PLACEMENT_3D('',#13564,#7840,#7841);
#7115=AXIS2_PLACEMENT_3D('',#13570,#7845,#7846);
#7116=AXIS2_PLACEMENT_3D('',#13576,#7850,#7851);
#7117=AXIS2_PLACEMENT_3D('',#13582,#7855,#7856);
#7118=AXIS2_PLACEMENT_3D('',#13588,#7860,#7861);
#7119=AXIS2_PLACEMENT_3D('',#13594,#7865,#7866);
#7120=AXIS2_PLACEMENT_3D('',#13600,#7870,#7871);
#7121=AXIS2_PLACEMENT_3D('',#13606,#7875,#7876);
#7122=AXIS2_PLACEMENT_3D('',#13658,#7882,#7883);
#7123=AXIS2_PLACEMENT_3D('',#13664,#7887,#7888);
#7124=AXIS2_PLACEMENT_3D('',#13670,#7892,#7893);
#7125=AXIS2_PLACEMENT_3D('',#13676,#7897,#7898);
#7126=AXIS2_PLACEMENT_3D('',#13679,#7901,#7902);
#7127=AXIS2_PLACEMENT_3D('',#13680,#7903,#7904);
#7128=AXIS2_PLACEMENT_3D('',#13683,#7905,#7906);
#7129=AXIS2_PLACEMENT_3D('',#13687,#7908,#7909);
#7130=AXIS2_PLACEMENT_3D('',#13699,#7915,#7916);
#7131=AXIS2_PLACEMENT_3D('',#13703,#7918,#7919);
#7132=AXIS2_PLACEMENT_3D('',#13707,#7921,#7922);
#7133=AXIS2_PLACEMENT_3D('',#13711,#7924,#7925);
#7134=AXIS2_PLACEMENT_3D('',#13715,#7927,#7928);
#7135=AXIS2_PLACEMENT_3D('',#13719,#7930,#7931);
#7136=AXIS2_PLACEMENT_3D('',#13722,#7933,#7934);
#7137=AXIS2_PLACEMENT_3D('',#13724,#7935,#7936);
#7138=AXIS2_PLACEMENT_3D('',#13726,#7937,#7938);
#7139=AXIS2_PLACEMENT_3D('',#13729,#7939,#7940);
#7140=AXIS2_PLACEMENT_3D('',#13733,#7942,#7943);
#7141=AXIS2_PLACEMENT_3D('',#13737,#7945,#7946);
#7142=AXIS2_PLACEMENT_3D('',#13741,#7948,#7949);
#7143=AXIS2_PLACEMENT_3D('',#13745,#7951,#7952);
#7144=AXIS2_PLACEMENT_3D('',#13749,#7954,#7955);
#7145=AXIS2_PLACEMENT_3D('',#13753,#7957,#7958);
#7146=AXIS2_PLACEMENT_3D('',#13757,#7960,#7961);
#7147=AXIS2_PLACEMENT_3D('',#13761,#7963,#7964);
#7148=AXIS2_PLACEMENT_3D('',#13765,#7966,#7967);
#7149=AXIS2_PLACEMENT_3D('',#13769,#7969,#7970);
#7150=AXIS2_PLACEMENT_3D('',#13773,#7972,#7973);
#7151=AXIS2_PLACEMENT_3D('',#13776,#7975,#7976);
#7152=AXIS2_PLACEMENT_3D('',#13777,#7977,#7978);
#7153=AXIS2_PLACEMENT_3D('',#13778,#7979,#7980);
#7154=AXIS2_PLACEMENT_3D('',#13779,#7981,#7982);
#7155=AXIS2_PLACEMENT_3D('',#13780,#7983,#7984);
#7156=AXIS2_PLACEMENT_3D('',#13781,#7985,#7986);
#7157=AXIS2_PLACEMENT_3D('',#13784,#7987,#7988);
#7158=AXIS2_PLACEMENT_3D('',#13787,#7991,#7992);
#7159=AXIS2_PLACEMENT_3D('',#13788,#7993,#7994);
#7160=AXIS2_PLACEMENT_3D('',#13792,#7997,#7998);
#7161=AXIS2_PLACEMENT_3D('',#13794,#7999,#8000);
#7162=AXIS2_PLACEMENT_3D('',#13796,#8002,#8003);
#7163=AXIS2_PLACEMENT_3D('',#13799,#8004,#8005);
#7164=AXIS2_PLACEMENT_3D('',#13802,#8008,#8009);
#7165=AXIS2_PLACEMENT_3D('',#13806,#8012,#8013);
#7166=AXIS2_PLACEMENT_3D('',#13809,#8014,#8015);
#7167=AXIS2_PLACEMENT_3D('',#13812,#8018,#8019);
#7168=AXIS2_PLACEMENT_3D('',#13814,#8021,#8022);
#7169=AXIS2_PLACEMENT_3D('',#13820,#8026,#8027);
#7170=AXIS2_PLACEMENT_3D('',#13822,#8028,#8029);
#7171=AXIS2_PLACEMENT_3D('',#13824,#8031,#8032);
#7172=AXIS2_PLACEMENT_3D('',#13828,#8035,#8036);
#7173=AXIS2_PLACEMENT_3D('',#13830,#8037,#8038);
#7174=AXIS2_PLACEMENT_3D('',#13832,#8040,#8041);
#7175=AXIS2_PLACEMENT_3D('',#13836,#8044,#8045);
#7176=AXIS2_PLACEMENT_3D('',#13838,#8046,#8047);
#7177=AXIS2_PLACEMENT_3D('',#13840,#8049,#8050);
#7178=AXIS2_PLACEMENT_3D('',#13844,#8053,#8054);
#7179=AXIS2_PLACEMENT_3D('',#13845,#8055,#8056);
#7180=AXIS2_PLACEMENT_3D('',#13846,#8057,#8058);
#7181=AXIS2_PLACEMENT_3D('',#13848,#8059,#8060);
#7182=AXIS2_PLACEMENT_3D('',#13850,#8062,#8063);
#7183=AXIS2_PLACEMENT_3D('',#13852,#8064,#8065);
#7184=AXIS2_PLACEMENT_3D('',#13854,#8067,#8068);
#7185=AXIS2_PLACEMENT_3D('',#13856,#8069,#8070);
#7186=AXIS2_PLACEMENT_3D('',#13858,#8072,#8073);
#7187=AXIS2_PLACEMENT_3D('',#13864,#8077,#8078);
#7188=AXIS2_PLACEMENT_3D('',#13866,#8079,#8080);
#7189=AXIS2_PLACEMENT_3D('',#13868,#8082,#8083);
#7190=AXIS2_PLACEMENT_3D('',#13872,#8086,#8087);
#7191=AXIS2_PLACEMENT_3D('',#13874,#8088,#8089);
#7192=AXIS2_PLACEMENT_3D('',#13876,#8091,#8092);
#7193=AXIS2_PLACEMENT_3D('',#13880,#8095,#8096);
#7194=AXIS2_PLACEMENT_3D('',#13882,#8097,#8098);
#7195=AXIS2_PLACEMENT_3D('',#13884,#8100,#8101);
#7196=AXIS2_PLACEMENT_3D('',#13888,#8104,#8105);
#7197=AXIS2_PLACEMENT_3D('',#13889,#8106,#8107);
#7198=AXIS2_PLACEMENT_3D('',#13890,#8108,#8109);
#7199=AXIS2_PLACEMENT_3D('',#13896,#8113,#8114);
#7200=AXIS2_PLACEMENT_3D('',#13898,#8115,#8116);
#7201=AXIS2_PLACEMENT_3D('',#13900,#8118,#8119);
#7202=AXIS2_PLACEMENT_3D('',#13904,#8122,#8123);
#7203=AXIS2_PLACEMENT_3D('',#13906,#8124,#8125);
#7204=AXIS2_PLACEMENT_3D('',#13908,#8127,#8128);
#7205=AXIS2_PLACEMENT_3D('',#13912,#8131,#8132);
#7206=AXIS2_PLACEMENT_3D('',#13914,#8133,#8134);
#7207=AXIS2_PLACEMENT_3D('',#13916,#8136,#8137);
#7208=AXIS2_PLACEMENT_3D('',#13920,#8140,#8141);
#7209=AXIS2_PLACEMENT_3D('',#13921,#8142,#8143);
#7210=AXIS2_PLACEMENT_3D('',#13922,#8144,#8145);
#7211=AXIS2_PLACEMENT_3D('',#13928,#8149,#8150);
#7212=AXIS2_PLACEMENT_3D('',#13930,#8151,#8152);
#7213=AXIS2_PLACEMENT_3D('',#13932,#8154,#8155);
#7214=AXIS2_PLACEMENT_3D('',#13936,#8158,#8159);
#7215=AXIS2_PLACEMENT_3D('',#13938,#8160,#8161);
#7216=AXIS2_PLACEMENT_3D('',#13940,#8163,#8164);
#7217=AXIS2_PLACEMENT_3D('',#13944,#8167,#8168);
#7218=AXIS2_PLACEMENT_3D('',#13946,#8169,#8170);
#7219=AXIS2_PLACEMENT_3D('',#13948,#8172,#8173);
#7220=AXIS2_PLACEMENT_3D('',#13952,#8176,#8177);
#7221=AXIS2_PLACEMENT_3D('',#13953,#8178,#8179);
#7222=AXIS2_PLACEMENT_3D('',#13954,#8180,#8181);
#7223=AXIS2_PLACEMENT_3D('',#13956,#8182,#8183);
#7224=AXIS2_PLACEMENT_3D('',#13958,#8185,#8186);
#7225=AXIS2_PLACEMENT_3D('',#13962,#8189,#8190);
#7226=AXIS2_PLACEMENT_3D('',#13964,#8192,#8193);
#7227=AXIS2_PLACEMENT_3D('',#13968,#8196,#8197);
#7228=AXIS2_PLACEMENT_3D('',#13972,#8200,#8201);
#7229=AXIS2_PLACEMENT_3D('',#13974,#8203,#8204);
#7230=DIRECTION('axis',(0.,0.,1.));
#7231=DIRECTION('refdir',(1.,0.,0.));
#7232=DIRECTION('',(0.,0.,1.));
#7233=DIRECTION('',(0.,0.,1.));
#7234=DIRECTION('',(0.,0.,1.));
#7235=DIRECTION('',(0.,0.,1.));
#7236=DIRECTION('',(0.,0.,1.));
#7237=DIRECTION('',(0.,0.,1.));
#7238=DIRECTION('',(0.,0.,1.));
#7239=DIRECTION('',(0.,0.,1.));
#7240=DIRECTION('',(0.,0.,1.));
#7241=DIRECTION('',(0.,0.,1.));
#7242=DIRECTION('center_axis',(-1.,0.,0.));
#7243=DIRECTION('ref_axis',(0.,-1.,0.));
#7244=DIRECTION('',(0.,-1.,0.));
#7245=DIRECTION('',(0.,-1.,0.));
#7246=DIRECTION('center_axis',(0.,1.,0.));
#7247=DIRECTION('ref_axis',(-1.,0.,0.));
#7248=DIRECTION('',(-1.,0.,0.));
#7249=DIRECTION('',(0.,0.,1.));
#7250=DIRECTION('',(-1.,0.,0.));
#7251=DIRECTION('',(0.,0.,1.));
#7252=DIRECTION('',(0.,0.,1.));
#7253=DIRECTION('',(0.,0.,1.));
#7254=DIRECTION('center_axis',(1.,0.,0.));
#7255=DIRECTION('ref_axis',(0.,1.,0.));
#7256=DIRECTION('',(0.,1.,0.));
#7257=DIRECTION('',(0.,0.,1.));
#7258=DIRECTION('',(0.,1.,0.));
#7259=DIRECTION('',(0.,0.,1.));
#7260=DIRECTION('',(0.,0.,1.));
#7261=DIRECTION('',(0.,0.,1.));
#7262=DIRECTION('',(0.,0.,1.));
#7263=DIRECTION('',(0.,0.,1.));
#7264=DIRECTION('',(0.,0.,1.));
#7265=DIRECTION('',(0.,0.,1.));
#7266=DIRECTION('center_axis',(-0.135113204733314,0.990830168044299,0.));
#7267=DIRECTION('ref_axis',(-0.990830168044299,-0.135113204733313,0.));
#7268=DIRECTION('',(-0.990830168044299,-0.135113204733313,0.));
#7269=DIRECTION('',(0.,0.,1.));
#7270=DIRECTION('',(-0.990830168044299,-0.135113204733313,0.));
#7271=DIRECTION('',(0.,0.,1.));
#7272=DIRECTION('',(0.,0.,1.));
#7273=DIRECTION('',(0.,0.,1.));
#7274=DIRECTION('',(0.,0.,1.));
#7275=DIRECTION('',(0.,0.,1.));
#7276=DIRECTION('',(0.,0.,1.));
#7277=DIRECTION('',(0.,0.,1.));
#7278=DIRECTION('',(0.,0.,1.));
#7279=DIRECTION('',(0.,0.,1.));
#7280=DIRECTION('',(0.,0.,1.));
#7281=DIRECTION('',(0.,0.,1.));
#7282=DIRECTION('',(0.,0.,1.));
#7283=DIRECTION('',(0.,0.,1.));
#7284=DIRECTION('',(0.,0.,1.));
#7285=DIRECTION('center_axis',(0.,0.,-1.));
#7286=DIRECTION('ref_axis',(1.,0.,0.));
#7287=DIRECTION('center_axis',(1.,0.,0.));
#7288=DIRECTION('ref_axis',(0.,1.,0.));
#7289=DIRECTION('',(0.,1.,0.));
#7290=DIRECTION('',(0.,0.,1.));
#7291=DIRECTION('',(0.,1.,0.));
#7292=DIRECTION('',(0.,0.,1.));
#7293=DIRECTION('',(0.,0.,1.));
#7294=DIRECTION('',(0.,0.,1.));
#7295=DIRECTION('',(0.,0.,1.));
#7296=DIRECTION('',(0.,0.,1.));
#7297=DIRECTION('',(0.,0.,1.));
#7298=DIRECTION('center_axis',(-1.,0.,0.));
#7299=DIRECTION('ref_axis',(0.,-1.,0.));
#7300=DIRECTION('',(0.,-1.,0.));
#7301=DIRECTION('',(0.,0.,1.));
#7302=DIRECTION('',(0.,-1.,0.));
#7303=DIRECTION('center_axis',(0.,1.,0.));
#7304=DIRECTION('ref_axis',(-1.,0.,0.));
#7305=DIRECTION('',(-1.,0.,0.));
#7306=DIRECTION('',(0.,0.,1.));
#7307=DIRECTION('',(-1.,0.,0.));
#7308=DIRECTION('center_axis',(1.,0.,0.));
#7309=DIRECTION('ref_axis',(0.,1.,0.));
#7310=DIRECTION('',(0.,1.,0.));
#7311=DIRECTION('',(0.,0.,1.));
#7312=DIRECTION('',(0.,1.,0.));
#7313=DIRECTION('',(0.,0.,1.));
#7314=DIRECTION('',(0.,0.,1.));
#7315=DIRECTION('',(0.,0.,1.));
#7316=DIRECTION('',(0.,0.,1.));
#7317=DIRECTION('',(0.,0.,1.));
#7318=DIRECTION('center_axis',(1.,0.,0.));
#7319=DIRECTION('ref_axis',(0.,1.,0.));
#7320=DIRECTION('',(0.,1.,0.));
#7321=DIRECTION('',(0.,0.,1.));
#7322=DIRECTION('',(0.,1.,0.));
#7323=DIRECTION('center_axis',(0.,-1.,0.));
#7324=DIRECTION('ref_axis',(1.,0.,0.));
#7325=DIRECTION('',(1.,0.,0.));
#7326=DIRECTION('',(0.,0.,1.));
#7327=DIRECTION('',(1.,0.,0.));
#7328=DIRECTION('center_axis',(-1.,0.,0.));
#7329=DIRECTION('ref_axis',(0.,-1.,0.));
#7330=DIRECTION('',(0.,-1.,0.));
#7331=DIRECTION('',(0.,0.,1.));
#7332=DIRECTION('',(0.,-1.,0.));
#7333=DIRECTION('center_axis',(0.,1.,0.));
#7334=DIRECTION('ref_axis',(-1.,0.,0.));
#7335=DIRECTION('',(-1.,0.,0.));
#7336=DIRECTION('',(-1.,0.,0.));
#7337=DIRECTION('center_axis',(0.,0.,-1.));
#7338=DIRECTION('ref_axis',(1.,0.,0.));
#7339=DIRECTION('',(0.,0.,1.));
#7340=DIRECTION('',(0.,0.,1.));
#7341=DIRECTION('',(0.,0.,1.));
#7342=DIRECTION('',(0.,0.,1.));
#7343=DIRECTION('',(0.,0.,1.));
#7344=DIRECTION('',(0.,0.,1.));
#7345=DIRECTION('',(0.,0.,1.));
#7346=DIRECTION('',(0.,0.,1.));
#7347=DIRECTION('',(0.,0.,1.));
#7348=DIRECTION('',(0.,0.,1.));
#7349=DIRECTION('',(0.,0.,1.));
#7350=DIRECTION('',(0.,0.,1.));
#7351=DIRECTION('',(0.,0.,1.));
#7352=DIRECTION('',(0.,0.,1.));
#7353=DIRECTION('',(0.,0.,1.));
#7354=DIRECTION('center_axis',(0.135113973057808,0.990830063272474,0.));
#7355=DIRECTION('ref_axis',(-0.990830063272474,0.135113973057808,0.));
#7356=DIRECTION('',(-0.990830063272474,0.135113973057808,0.));
#7357=DIRECTION('',(0.,0.,1.));
#7358=DIRECTION('',(-0.990830063272474,0.135113973057808,0.));
#7359=DIRECTION('',(0.,0.,1.));
#7360=DIRECTION('',(0.,0.,1.));
#7361=DIRECTION('',(0.,0.,1.));
#7362=DIRECTION('',(0.,0.,1.));
#7363=DIRECTION('',(0.,0.,1.));
#7364=DIRECTION('',(0.,0.,1.));
#7365=DIRECTION('',(0.,0.,1.));
#7366=DIRECTION('',(0.,0.,1.));
#7367=DIRECTION('',(0.,0.,1.));
#7368=DIRECTION('',(0.,0.,1.));
#7369=DIRECTION('',(0.,0.,1.));
#7370=DIRECTION('',(0.,0.,1.));
#7371=DIRECTION('',(0.,0.,1.));
#7372=DIRECTION('',(0.,0.,1.));
#7373=DIRECTION('',(0.,0.,1.));
#7374=DIRECTION('',(0.,0.,1.));
#7375=DIRECTION('center_axis',(-0.155392348763381,-0.98785283212926,0.));
#7376=DIRECTION('ref_axis',(0.98785283212926,-0.155392348763381,0.));
#7377=DIRECTION('',(0.98785283212926,-0.155392348763381,0.));
#7378=DIRECTION('',(0.,0.,1.));
#7379=DIRECTION('',(0.98785283212926,-0.155392348763381,0.));
#7380=DIRECTION('center_axis',(0.,0.,-1.));
#7381=DIRECTION('ref_axis',(1.,0.,0.));
#7382=DIRECTION('center_axis',(1.,0.,0.));
#7383=DIRECTION('ref_axis',(0.,1.,0.));
#7384=DIRECTION('',(0.,1.,0.));
#7385=DIRECTION('',(0.,0.,1.));
#7386=DIRECTION('',(0.,1.,0.));
#7387=DIRECTION('',(0.,0.,1.));
#7388=DIRECTION('center_axis',(0.,1.,0.));
#7389=DIRECTION('ref_axis',(-1.,0.,0.));
#7390=DIRECTION('',(-1.,0.,0.));
#7391=DIRECTION('',(0.,0.,1.));
#7392=DIRECTION('',(-1.,0.,0.));
#7393=DIRECTION('center_axis',(-1.,0.,0.));
#7394=DIRECTION('ref_axis',(0.,-1.,0.));
#7395=DIRECTION('',(0.,-1.,0.));
#7396=DIRECTION('',(0.,0.,1.));
#7397=DIRECTION('',(0.,-1.,0.));
#7398=DIRECTION('center_axis',(0.,1.,0.));
#7399=DIRECTION('ref_axis',(-1.,0.,0.));
#7400=DIRECTION('',(-1.,0.,0.));
#7401=DIRECTION('',(0.,0.,1.));
#7402=DIRECTION('',(-1.,0.,0.));
#7403=DIRECTION('center_axis',(1.,0.,0.));
#7404=DIRECTION('ref_axis',(0.,1.,0.));
#7405=DIRECTION('',(0.,1.,0.));
#7406=DIRECTION('',(0.,0.,1.));
#7407=DIRECTION('',(0.,1.,0.));
#7408=DIRECTION('center_axis',(0.,-1.,0.));
#7409=DIRECTION('ref_axis',(1.,0.,0.));
#7410=DIRECTION('',(1.,0.,0.));
#7411=DIRECTION('',(0.,0.,1.));
#7412=DIRECTION('',(1.,0.,0.));
#7413=DIRECTION('center_axis',(-1.,0.,0.));
#7414=DIRECTION('ref_axis',(0.,-1.,0.));
#7415=DIRECTION('',(0.,-1.,0.));
#7416=DIRECTION('',(0.,0.,1.));
#7417=DIRECTION('',(0.,-1.,0.));
#7418=DIRECTION('center_axis',(0.,-1.,0.));
#7419=DIRECTION('ref_axis',(1.,0.,0.));
#7420=DIRECTION('',(1.,0.,0.));
#7421=DIRECTION('',(0.,0.,1.));
#7422=DIRECTION('',(1.,0.,0.));
#7423=DIRECTION('center_axis',(1.,0.,0.));
#7424=DIRECTION('ref_axis',(0.,1.,0.));
#7425=DIRECTION('',(0.,1.,0.));
#7426=DIRECTION('',(0.,0.,1.));
#7427=DIRECTION('',(0.,1.,0.));
#7428=DIRECTION('center_axis',(0.,-1.,0.));
#7429=DIRECTION('ref_axis',(1.,0.,0.));
#7430=DIRECTION('',(1.,0.,0.));
#7431=DIRECTION('',(0.,0.,1.));
#7432=DIRECTION('',(1.,0.,0.));
#7433=DIRECTION('center_axis',(-1.,0.,0.));
#7434=DIRECTION('ref_axis',(0.,-1.,0.));
#7435=DIRECTION('',(0.,-1.,0.));
#7436=DIRECTION('',(0.,0.,1.));
#7437=DIRECTION('',(0.,-1.,0.));
#7438=DIRECTION('center_axis',(0.,1.,0.));
#7439=DIRECTION('ref_axis',(-1.,0.,0.));
#7440=DIRECTION('',(-1.,0.,0.));
#7441=DIRECTION('',(-1.,0.,0.));
#7442=DIRECTION('center_axis',(0.,0.,1.));
#7443=DIRECTION('ref_axis',(1.,0.,0.));
#7444=DIRECTION('',(0.,0.,1.));
#7445=DIRECTION('',(0.,0.,1.));
#7446=DIRECTION('',(0.,0.,1.));
#7447=DIRECTION('',(0.,0.,1.));
#7448=DIRECTION('',(0.,0.,1.));
#7449=DIRECTION('',(0.,0.,1.));
#7450=DIRECTION('',(0.,0.,1.));
#7451=DIRECTION('',(0.,0.,1.));
#7452=DIRECTION('center_axis',(0.152481945569897,0.988306256316947,0.));
#7453=DIRECTION('ref_axis',(-0.988306256316947,0.152481945569897,0.));
#7454=DIRECTION('',(-0.988306256316947,0.152481945569897,0.));
#7455=DIRECTION('',(0.,0.,1.));
#7456=DIRECTION('',(-0.988306256316947,0.152481945569897,0.));
#7457=DIRECTION('',(0.,0.,1.));
#7458=DIRECTION('',(0.,0.,1.));
#7459=DIRECTION('',(0.,0.,1.));
#7460=DIRECTION('',(0.,0.,1.));
#7461=DIRECTION('',(0.,0.,1.));
#7462=DIRECTION('',(0.,0.,1.));
#7463=DIRECTION('',(0.,0.,1.));
#7464=DIRECTION('',(0.,0.,1.));
#7465=DIRECTION('',(0.,0.,1.));
#7466=DIRECTION('center_axis',(0.128859553629824,-0.991662853715073,0.));
#7467=DIRECTION('ref_axis',(0.991662853715073,0.128859553629824,0.));
#7468=DIRECTION('',(0.991662853715073,0.128859553629824,0.));
#7469=DIRECTION('',(0.,0.,1.));
#7470=DIRECTION('',(0.991662853715073,0.128859553629824,0.));
#7471=DIRECTION('center_axis',(0.,0.,-1.));
#7472=DIRECTION('ref_axis',(1.,0.,0.));
#7473=DIRECTION('',(0.,0.,1.));
#7474=DIRECTION('',(0.,0.,1.));
#7475=DIRECTION('',(0.,0.,1.));
#7476=DIRECTION('',(0.,0.,1.));
#7477=DIRECTION('',(0.,0.,1.));
#7478=DIRECTION('',(0.,0.,1.));
#7479=DIRECTION('',(0.,0.,1.));
#7480=DIRECTION('',(0.,0.,1.));
#7481=DIRECTION('center_axis',(1.,0.,0.));
#7482=DIRECTION('ref_axis',(0.,1.,0.));
#7483=DIRECTION('',(0.,1.,0.));
#7484=DIRECTION('',(0.,0.,1.));
#7485=DIRECTION('',(0.,1.,0.));
#7486=DIRECTION('',(0.,0.,1.));
#7487=DIRECTION('',(0.,0.,1.));
#7488=DIRECTION('',(0.,0.,1.));
#7489=DIRECTION('',(0.,0.,1.));
#7490=DIRECTION('',(0.,0.,1.));
#7491=DIRECTION('',(0.,0.,1.));
#7492=DIRECTION('',(0.,0.,1.));
#7493=DIRECTION('',(0.,0.,1.));
#7494=DIRECTION('',(0.,0.,1.));
#7495=DIRECTION('',(0.,0.,1.));
#7496=DIRECTION('',(0.,0.,1.));
#7497=DIRECTION('center_axis',(1.,0.,0.));
#7498=DIRECTION('ref_axis',(0.,1.,0.));
#7499=DIRECTION('',(0.,1.,0.));
#7500=DIRECTION('',(0.,0.,1.));
#7501=DIRECTION('',(0.,1.,0.));
#7502=DIRECTION('center_axis',(0.,-1.,0.));
#7503=DIRECTION('ref_axis',(1.,0.,0.));
#7504=DIRECTION('',(1.,0.,0.));
#7505=DIRECTION('',(0.,0.,1.));
#7506=DIRECTION('',(1.,0.,0.));
#7507=DIRECTION('center_axis',(-1.,0.,0.));
#7508=DIRECTION('ref_axis',(0.,-1.,0.));
#7509=DIRECTION('',(0.,-1.,0.));
#7510=DIRECTION('',(0.,0.,1.));
#7511=DIRECTION('',(0.,-1.,0.));
#7512=DIRECTION('center_axis',(0.,1.,0.));
#7513=DIRECTION('ref_axis',(-1.,0.,0.));
#7514=DIRECTION('',(-1.,0.,0.));
#7515=DIRECTION('',(-1.,0.,0.));
#7516=DIRECTION('center_axis',(0.,0.,-1.));
#7517=DIRECTION('ref_axis',(1.,0.,0.));
#7518=DIRECTION('',(0.,0.,1.));
#7519=DIRECTION('',(0.,0.,1.));
#7520=DIRECTION('',(0.,0.,1.));
#7521=DIRECTION('',(0.,0.,1.));
#7522=DIRECTION('',(0.,0.,1.));
#7523=DIRECTION('',(0.,0.,1.));
#7524=DIRECTION('',(0.,0.,1.));
#7525=DIRECTION('',(0.,0.,1.));
#7526=DIRECTION('',(0.,0.,1.));
#7527=DIRECTION('',(0.,0.,1.));
#7528=DIRECTION('center_axis',(-1.,0.,0.));
#7529=DIRECTION('ref_axis',(0.,-1.,0.));
#7530=DIRECTION('',(0.,-1.,0.));
#7531=DIRECTION('',(0.,-1.,0.));
#7532=DIRECTION('center_axis',(0.,1.,0.));
#7533=DIRECTION('ref_axis',(-1.,0.,0.));
#7534=DIRECTION('',(-1.,0.,0.));
#7535=DIRECTION('',(0.,0.,1.));
#7536=DIRECTION('',(-1.,0.,0.));
#7537=DIRECTION('',(0.,0.,1.));
#7538=DIRECTION('',(0.,0.,1.));
#7539=DIRECTION('',(0.,0.,1.));
#7540=DIRECTION('center_axis',(1.,0.,0.));
#7541=DIRECTION('ref_axis',(0.,1.,0.));
#7542=DIRECTION('',(0.,1.,0.));
#7543=DIRECTION('',(0.,0.,1.));
#7544=DIRECTION('',(0.,1.,0.));
#7545=DIRECTION('',(0.,0.,1.));
#7546=DIRECTION('',(0.,0.,1.));
#7547=DIRECTION('',(0.,0.,1.));
#7548=DIRECTION('',(0.,0.,1.));
#7549=DIRECTION('',(0.,0.,1.));
#7550=DIRECTION('',(0.,0.,1.));
#7551=DIRECTION('',(0.,0.,1.));
#7552=DIRECTION('center_axis',(-0.135113369374297,0.990830145593242,0.));
#7553=DIRECTION('ref_axis',(-0.990830145593242,-0.135113369374297,0.));
#7554=DIRECTION('',(-0.990830145593242,-0.135113369374297,0.));
#7555=DIRECTION('',(0.,0.,1.));
#7556=DIRECTION('',(-0.990830145593242,-0.135113369374297,0.));
#7557=DIRECTION('',(0.,0.,1.));
#7558=DIRECTION('',(0.,0.,1.));
#7559=DIRECTION('',(0.,0.,1.));
#7560=DIRECTION('',(0.,0.,1.));
#7561=DIRECTION('',(0.,0.,1.));
#7562=DIRECTION('',(0.,0.,1.));
#7563=DIRECTION('',(0.,0.,1.));
#7564=DIRECTION('',(0.,0.,1.));
#7565=DIRECTION('',(0.,0.,1.));
#7566=DIRECTION('',(0.,0.,1.));
#7567=DIRECTION('',(0.,0.,1.));
#7568=DIRECTION('',(0.,0.,1.));
#7569=DIRECTION('',(0.,0.,1.));
#7570=DIRECTION('',(0.,0.,1.));
#7571=DIRECTION('center_axis',(0.,0.,-1.));
#7572=DIRECTION('ref_axis',(1.,0.,0.));
#7573=DIRECTION('center_axis',(1.,0.,0.));
#7574=DIRECTION('ref_axis',(0.,1.,0.));
#7575=DIRECTION('',(0.,1.,0.));
#7576=DIRECTION('',(0.,0.,1.));
#7577=DIRECTION('',(0.,1.,0.));
#7578=DIRECTION('',(0.,0.,1.));
#7579=DIRECTION('center_axis',(0.692769386361602,0.721159189999108,0.));
#7580=DIRECTION('ref_axis',(-0.721159189999108,0.692769386361602,0.));
#7581=DIRECTION('',(-0.721159189999108,0.692769386361602,0.));
#7582=DIRECTION('',(0.,0.,1.));
#7583=DIRECTION('',(-0.721159189999108,0.692769386361602,0.));
#7584=DIRECTION('center_axis',(-0.839818955829392,0.542866577926502,0.));
#7585=DIRECTION('ref_axis',(-0.542866577926502,-0.839818955829392,0.));
#7586=DIRECTION('',(-0.542866577926502,-0.839818955829392,0.));
#7587=DIRECTION('',(0.,0.,1.));
#7588=DIRECTION('',(-0.542866577926502,-0.839818955829392,0.));
#7589=DIRECTION('center_axis',(0.,1.,0.));
#7590=DIRECTION('ref_axis',(-1.,0.,0.));
#7591=DIRECTION('',(-1.,0.,0.));
#7592=DIRECTION('',(0.,0.,1.));
#7593=DIRECTION('',(-1.,0.,0.));
#7594=DIRECTION('center_axis',(0.831091658596987,-0.556135464622164,0.));
#7595=DIRECTION('ref_axis',(0.556135464622164,0.831091658596987,0.));
#7596=DIRECTION('',(0.556135464622164,0.831091658596987,0.));
#7597=DIRECTION('',(0.,0.,1.));
#7598=DIRECTION('',(0.556135464622164,0.831091658596987,0.));
#7599=DIRECTION('center_axis',(0.69642187952009,0.717632611944096,0.));
#7600=DIRECTION('ref_axis',(-0.717632611944096,0.69642187952009,0.));
#7601=DIRECTION('',(-0.717632611944096,0.69642187952009,0.));
#7602=DIRECTION('',(0.,0.,1.));
#7603=DIRECTION('',(-0.717632611944096,0.69642187952009,0.));
#7604=DIRECTION('center_axis',(0.,-1.,0.));
#7605=DIRECTION('ref_axis',(1.,0.,0.));
#7606=DIRECTION('',(1.,0.,0.));
#7607=DIRECTION('',(0.,0.,1.));
#7608=DIRECTION('',(1.,0.,0.));
#7609=DIRECTION('center_axis',(-0.712034514085759,-0.702144465726717,0.));
#7610=DIRECTION('ref_axis',(0.702144465726717,-0.712034514085759,0.));
#7611=DIRECTION('',(0.702144465726717,-0.712034514085759,0.));
#7612=DIRECTION('',(0.,0.,1.));
#7613=DIRECTION('',(0.702144465726717,-0.712034514085759,0.));
#7614=DIRECTION('center_axis',(1.,0.,0.));
#7615=DIRECTION('ref_axis',(0.,1.,0.));
#7616=DIRECTION('',(0.,1.,0.));
#7617=DIRECTION('',(0.,0.,1.));
#7618=DIRECTION('',(0.,1.,0.));
#7619=DIRECTION('center_axis',(0.,-1.,0.));
#7620=DIRECTION('ref_axis',(1.,0.,0.));
#7621=DIRECTION('',(1.,0.,0.));
#7622=DIRECTION('',(0.,0.,1.));
#7623=DIRECTION('',(1.,0.,0.));
#7624=DIRECTION('center_axis',(-1.,0.,0.));
#7625=DIRECTION('ref_axis',(0.,-1.,0.));
#7626=DIRECTION('',(0.,-1.,0.));
#7627=DIRECTION('',(0.,0.,1.));
#7628=DIRECTION('',(0.,-1.,0.));
#7629=DIRECTION('center_axis',(0.,1.,0.));
#7630=DIRECTION('ref_axis',(-1.,0.,0.));
#7631=DIRECTION('',(-1.,0.,0.));
#7632=DIRECTION('',(-1.,0.,0.));
#7633=DIRECTION('center_axis',(0.,0.,1.));
#7634=DIRECTION('ref_axis',(1.,0.,0.));
#7635=DIRECTION('',(0.,0.,1.));
#7636=DIRECTION('',(0.,0.,1.));
#7637=DIRECTION('',(0.,0.,1.));
#7638=DIRECTION('',(0.,0.,1.));
#7639=DIRECTION('',(0.,0.,1.));
#7640=DIRECTION('',(0.,0.,1.));
#7641=DIRECTION('',(0.,0.,1.));
#7642=DIRECTION('',(0.,0.,1.));
#7643=DIRECTION('',(0.,0.,1.));
#7644=DIRECTION('',(0.,0.,1.));
#7645=DIRECTION('center_axis',(-1.,0.,0.));
#7646=DIRECTION('ref_axis',(0.,-1.,0.));
#7647=DIRECTION('',(0.,-1.,0.));
#7648=DIRECTION('',(0.,-1.,0.));
#7649=DIRECTION('center_axis',(0.,1.,0.));
#7650=DIRECTION('ref_axis',(-1.,0.,0.));
#7651=DIRECTION('',(-1.,0.,0.));
#7652=DIRECTION('',(0.,0.,1.));
#7653=DIRECTION('',(-1.,0.,0.));
#7654=DIRECTION('',(0.,0.,1.));
#7655=DIRECTION('',(0.,0.,1.));
#7656=DIRECTION('',(0.,0.,1.));
#7657=DIRECTION('center_axis',(1.,0.,0.));
#7658=DIRECTION('ref_axis',(0.,1.,0.));
#7659=DIRECTION('',(0.,1.,0.));
#7660=DIRECTION('',(0.,0.,1.));
#7661=DIRECTION('',(0.,1.,0.));
#7662=DIRECTION('',(0.,0.,1.));
#7663=DIRECTION('',(0.,0.,1.));
#7664=DIRECTION('',(0.,0.,1.));
#7665=DIRECTION('',(0.,0.,1.));
#7666=DIRECTION('',(0.,0.,1.));
#7667=DIRECTION('',(0.,0.,1.));
#7668=DIRECTION('',(0.,0.,1.));
#7669=DIRECTION('center_axis',(-0.135113369374297,0.990830145593242,0.));
#7670=DIRECTION('ref_axis',(-0.990830145593242,-0.135113369374297,0.));
#7671=DIRECTION('',(-0.990830145593242,-0.135113369374297,0.));
#7672=DIRECTION('',(0.,0.,1.));
#7673=DIRECTION('',(-0.990830145593242,-0.135113369374297,0.));
#7674=DIRECTION('',(0.,0.,1.));
#7675=DIRECTION('',(0.,0.,1.));
#7676=DIRECTION('',(0.,0.,1.));
#7677=DIRECTION('',(0.,0.,1.));
#7678=DIRECTION('',(0.,0.,1.));
#7679=DIRECTION('',(0.,0.,1.));
#7680=DIRECTION('',(0.,0.,1.));
#7681=DIRECTION('',(0.,0.,1.));
#7682=DIRECTION('',(0.,0.,1.));
#7683=DIRECTION('',(0.,0.,1.));
#7684=DIRECTION('',(0.,0.,1.));
#7685=DIRECTION('',(0.,0.,1.));
#7686=DIRECTION('',(0.,0.,1.));
#7687=DIRECTION('',(0.,0.,1.));
#7688=DIRECTION('center_axis',(0.,0.,-1.));
#7689=DIRECTION('ref_axis',(1.,0.,0.));
#7690=DIRECTION('',(0.,0.,1.));
#7691=DIRECTION('',(0.,0.,1.));
#7692=DIRECTION('',(0.,0.,1.));
#7693=DIRECTION('',(0.,0.,1.));
#7694=DIRECTION('',(0.,0.,1.));
#7695=DIRECTION('',(0.,0.,1.));
#7696=DIRECTION('',(0.,0.,1.));
#7697=DIRECTION('',(0.,0.,1.));
#7698=DIRECTION('center_axis',(1.,0.,0.));
#7699=DIRECTION('ref_axis',(0.,1.,0.));
#7700=DIRECTION('',(0.,1.,0.));
#7701=DIRECTION('',(0.,0.,1.));
#7702=DIRECTION('',(0.,1.,0.));
#7703=DIRECTION('',(0.,0.,1.));
#7704=DIRECTION('center_axis',(0.,-1.,0.));
#7705=DIRECTION('ref_axis',(1.,0.,0.));
#7706=DIRECTION('',(1.,0.,0.));
#7707=DIRECTION('',(0.,0.,1.));
#7708=DIRECTION('',(1.,0.,0.));
#7709=DIRECTION('center_axis',(-1.,0.,0.));
#7710=DIRECTION('ref_axis',(0.,-1.,0.));
#7711=DIRECTION('',(0.,-1.,0.));
#7712=DIRECTION('',(0.,0.,1.));
#7713=DIRECTION('',(0.,-1.,0.));
#7714=DIRECTION('',(0.,0.,1.));
#7715=DIRECTION('',(0.,0.,1.));
#7716=DIRECTION('',(0.,0.,1.));
#7717=DIRECTION('',(0.,0.,1.));
#7718=DIRECTION('',(0.,0.,1.));
#7719=DIRECTION('',(0.,0.,1.));
#7720=DIRECTION('',(0.,0.,1.));
#7721=DIRECTION('',(0.,0.,1.));
#7722=DIRECTION('',(0.,0.,1.));
#7723=DIRECTION('center_axis',(-1.,0.,0.));
#7724=DIRECTION('ref_axis',(0.,-1.,0.));
#7725=DIRECTION('',(0.,-1.,0.));
#7726=DIRECTION('',(0.,0.,1.));
#7727=DIRECTION('',(0.,-1.,0.));
#7728=DIRECTION('center_axis',(0.,1.,0.));
#7729=DIRECTION('ref_axis',(-1.,0.,0.));
#7730=DIRECTION('',(-1.,0.,0.));
#7731=DIRECTION('',(-1.,0.,0.));
#7732=DIRECTION('center_axis',(0.,0.,-1.));
#7733=DIRECTION('ref_axis',(1.,0.,0.));
#7734=DIRECTION('',(0.,0.,1.));
#7735=DIRECTION('',(0.,0.,1.));
#7736=DIRECTION('',(0.,0.,1.));
#7737=DIRECTION('',(0.,0.,1.));
#7738=DIRECTION('center_axis',(0.936613913606171,0.350363207028553,0.));
#7739=DIRECTION('ref_axis',(-0.350363207028553,0.936613913606171,0.));
#7740=DIRECTION('',(-0.350363207028553,0.936613913606171,0.));
#7741=DIRECTION('',(0.,0.,1.));
#7742=DIRECTION('',(-0.350363207028553,0.936613913606171,0.));
#7743=DIRECTION('center_axis',(0.,-1.,0.));
#7744=DIRECTION('ref_axis',(1.,0.,0.));
#7745=DIRECTION('',(1.,0.,0.));
#7746=DIRECTION('',(0.,0.,1.));
#7747=DIRECTION('',(1.,0.,0.));
#7748=DIRECTION('center_axis',(-0.938860045950914,-0.344299018466575,0.));
#7749=DIRECTION('ref_axis',(0.344299018466575,-0.938860045950914,0.));
#7750=DIRECTION('',(0.344299018466575,-0.938860045950914,0.));
#7751=DIRECTION('',(0.,0.,1.));
#7752=DIRECTION('',(0.344299018466575,-0.938860045950914,0.));
#7753=DIRECTION('',(0.,0.,1.));
#7754=DIRECTION('',(0.,0.,1.));
#7755=DIRECTION('center_axis',(0.941082181665488,-0.338177952196364,0.));
#7756=DIRECTION('ref_axis',(0.338177952196364,0.941082181665488,0.));
#7757=DIRECTION('',(0.338177952196364,0.941082181665488,0.));
#7758=DIRECTION('',(0.,0.,1.));
#7759=DIRECTION('',(0.338177952196364,0.941082181665488,0.));
#7760=DIRECTION('center_axis',(0.,-1.,0.));
#7761=DIRECTION('ref_axis',(1.,0.,0.));
#7762=DIRECTION('',(1.,0.,0.));
#7763=DIRECTION('',(0.,0.,1.));
#7764=DIRECTION('',(1.,0.,0.));
#7765=DIRECTION('center_axis',(-0.935168211455305,0.354203919068503,0.));
#7766=DIRECTION('ref_axis',(-0.354203919068503,-0.935168211455305,0.));
#7767=DIRECTION('',(-0.354203919068503,-0.935168211455305,0.));
#7768=DIRECTION('',(0.,0.,1.));
#7769=DIRECTION('',(-0.354203919068503,-0.935168211455305,0.));
#7770=DIRECTION('',(0.,0.,1.));
#7771=DIRECTION('',(0.,0.,1.));
#7772=DIRECTION('',(0.,0.,1.));
#7773=DIRECTION('',(0.,0.,1.));
#7774=DIRECTION('',(0.,0.,1.));
#7775=DIRECTION('center_axis',(-0.993070108922996,0.117523439209668,0.));
#7776=DIRECTION('ref_axis',(-0.117523439209668,-0.993070108922996,0.));
#7777=DIRECTION('',(-0.117523439209668,-0.993070108922996,0.));
#7778=DIRECTION('',(0.,0.,1.));
#7779=DIRECTION('',(-0.117523439209668,-0.993070108922996,0.));
#7780=DIRECTION('center_axis',(0.,0.,-1.));
#7781=DIRECTION('ref_axis',(1.,0.,0.));
#7782=DIRECTION('center_axis',(1.,0.,0.));
#7783=DIRECTION('ref_axis',(0.,1.,0.));
#7784=DIRECTION('',(0.,1.,0.));
#7785=DIRECTION('',(0.,0.,1.));
#7786=DIRECTION('',(0.,1.,0.));
#7787=DIRECTION('',(0.,0.,1.));
#7788=DIRECTION('',(0.,0.,1.));
#7789=DIRECTION('',(0.,0.,1.));
#7790=DIRECTION('',(0.,0.,1.));
#7791=DIRECTION('',(0.,0.,1.));
#7792=DIRECTION('',(0.,0.,1.));
#7793=DIRECTION('center_axis',(-1.,0.,0.));
#7794=DIRECTION('ref_axis',(0.,-1.,0.));
#7795=DIRECTION('',(0.,-1.,0.));
#7796=DIRECTION('',(0.,0.,1.));
#7797=DIRECTION('',(0.,-1.,0.));
#7798=DIRECTION('center_axis',(0.,1.,0.));
#7799=DIRECTION('ref_axis',(-1.,0.,0.));
#7800=DIRECTION('',(-1.,0.,0.));
#7801=DIRECTION('',(0.,0.,1.));
#7802=DIRECTION('',(-1.,0.,0.));
#7803=DIRECTION('center_axis',(1.,0.,0.));
#7804=DIRECTION('ref_axis',(0.,1.,0.));
#7805=DIRECTION('',(0.,1.,0.));
#7806=DIRECTION('',(0.,0.,1.));
#7807=DIRECTION('',(0.,1.,0.));
#7808=DIRECTION('',(0.,0.,1.));
#7809=DIRECTION('',(0.,0.,1.));
#7810=DIRECTION('',(0.,0.,1.));
#7811=DIRECTION('',(0.,0.,1.));
#7812=DIRECTION('',(0.,0.,1.));
#7813=DIRECTION('center_axis',(1.,0.,0.));
#7814=DIRECTION('ref_axis',(0.,1.,0.));
#7815=DIRECTION('',(0.,1.,0.));
#7816=DIRECTION('',(0.,0.,1.));
#7817=DIRECTION('',(0.,1.,0.));
#7818=DIRECTION('center_axis',(0.,-1.,0.));
#7819=DIRECTION('ref_axis',(1.,0.,0.));
#7820=DIRECTION('',(1.,0.,0.));
#7821=DIRECTION('',(0.,0.,1.));
#7822=DIRECTION('',(1.,0.,0.));
#7823=DIRECTION('center_axis',(-1.,0.,0.));
#7824=DIRECTION('ref_axis',(0.,-1.,0.));
#7825=DIRECTION('',(0.,-1.,0.));
#7826=DIRECTION('',(0.,0.,1.));
#7827=DIRECTION('',(0.,-1.,0.));
#7828=DIRECTION('center_axis',(0.,1.,0.));
#7829=DIRECTION('ref_axis',(-1.,0.,0.));
#7830=DIRECTION('',(-1.,0.,0.));
#7831=DIRECTION('',(-1.,0.,0.));
#7832=DIRECTION('center_axis',(0.,0.,-1.));
#7833=DIRECTION('ref_axis',(1.,0.,0.));
#7834=DIRECTION('center_axis',(1.,0.,0.));
#7835=DIRECTION('ref_axis',(0.,1.,0.));
#7836=DIRECTION('',(0.,1.,0.));
#7837=DIRECTION('',(0.,0.,1.));
#7838=DIRECTION('',(0.,1.,0.));
#7839=DIRECTION('',(0.,0.,1.));
#7840=DIRECTION('center_axis',(-0.946846723579393,0.321685066558845,0.));
#7841=DIRECTION('ref_axis',(-0.321685066558845,-0.946846723579393,0.));
#7842=DIRECTION('',(-0.321685066558845,-0.946846723579393,0.));
#7843=DIRECTION('',(0.,0.,1.));
#7844=DIRECTION('',(-0.321685066558845,-0.946846723579393,0.));
#7845=DIRECTION('center_axis',(0.,1.,0.));
#7846=DIRECTION('ref_axis',(-1.,0.,0.));
#7847=DIRECTION('',(-1.,0.,0.));
#7848=DIRECTION('',(0.,0.,1.));
#7849=DIRECTION('',(-1.,0.,0.));
#7850=DIRECTION('center_axis',(0.944683594340865,0.32798308886774,0.));
#7851=DIRECTION('ref_axis',(-0.32798308886774,0.944683594340865,0.));
#7852=DIRECTION('',(-0.32798308886774,0.944683594340865,0.));
#7853=DIRECTION('',(0.,0.,1.));
#7854=DIRECTION('',(-0.32798308886774,0.944683594340865,0.));
#7855=DIRECTION('center_axis',(-1.,0.,0.));
#7856=DIRECTION('ref_axis',(0.,-1.,0.));
#7857=DIRECTION('',(0.,-1.,0.));
#7858=DIRECTION('',(0.,0.,1.));
#7859=DIRECTION('',(0.,-1.,0.));
#7860=DIRECTION('center_axis',(0.,1.,0.));
#7861=DIRECTION('ref_axis',(-1.,0.,0.));
#7862=DIRECTION('',(-1.,0.,0.));
#7863=DIRECTION('',(0.,0.,1.));
#7864=DIRECTION('',(-1.,0.,0.));
#7865=DIRECTION('center_axis',(1.,0.,0.));
#7866=DIRECTION('ref_axis',(0.,1.,0.));
#7867=DIRECTION('',(0.,1.,0.));
#7868=DIRECTION('',(0.,0.,1.));
#7869=DIRECTION('',(0.,1.,0.));
#7870=DIRECTION('center_axis',(0.,-1.,0.));
#7871=DIRECTION('ref_axis',(1.,0.,0.));
#7872=DIRECTION('',(1.,0.,0.));
#7873=DIRECTION('',(0.,0.,1.));
#7874=DIRECTION('',(1.,0.,0.));
#7875=DIRECTION('center_axis',(-0.945579709129771,-0.325390555612877,0.));
#7876=DIRECTION('ref_axis',(0.325390555612877,-0.945579709129771,0.));
#7877=DIRECTION('',(0.325390555612877,-0.945579709129771,0.));
#7878=DIRECTION('',(0.,0.,1.));
#7879=DIRECTION('',(0.325390555612877,-0.945579709129771,0.));
#7880=DIRECTION('',(0.,0.,1.));
#7881=DIRECTION('',(0.,0.,1.));
#7882=DIRECTION('center_axis',(0.948408833683609,-0.31704997112584,0.));
#7883=DIRECTION('ref_axis',(0.31704997112584,0.948408833683609,0.));
#7884=DIRECTION('',(0.31704997112584,0.948408833683609,0.));
#7885=DIRECTION('',(0.,0.,1.));
#7886=DIRECTION('',(0.31704997112584,0.948408833683609,0.));
#7887=DIRECTION('center_axis',(0.,-1.,0.));
#7888=DIRECTION('ref_axis',(1.,0.,0.));
#7889=DIRECTION('',(1.,0.,0.));
#7890=DIRECTION('',(0.,0.,1.));
#7891=DIRECTION('',(1.,0.,0.));
#7892=DIRECTION('center_axis',(-1.,0.,0.));
#7893=DIRECTION('ref_axis',(0.,-1.,0.));
#7894=DIRECTION('',(0.,-1.,0.));
#7895=DIRECTION('',(0.,0.,1.));
#7896=DIRECTION('',(0.,-1.,0.));
#7897=DIRECTION('center_axis',(0.,1.,0.));
#7898=DIRECTION('ref_axis',(-1.,0.,0.));
#7899=DIRECTION('',(-1.,0.,0.));
#7900=DIRECTION('',(-1.,0.,0.));
#7901=DIRECTION('center_axis',(0.,0.,-1.));
#7902=DIRECTION('ref_axis',(1.,0.,0.));
#7903=DIRECTION('center_axis',(0.,0.,1.));
#7904=DIRECTION('ref_axis',(1.,0.,0.));
#7905=DIRECTION('center_axis',(0.,0.,1.));
#7906=DIRECTION('ref_axis',(-0.707106781186547,-0.707106781186547,0.));
#7907=DIRECTION('',(0.,1.,0.));
#7908=DIRECTION('center_axis',(0.,0.,1.));
#7909=DIRECTION('ref_axis',(-0.707106781186547,0.707106781186547,0.));
#7910=DIRECTION('',(1.,0.,0.));
#7911=DIRECTION('',(0.,-1.,0.));
#7912=DIRECTION('',(1.,0.,0.));
#7913=DIRECTION('',(0.,1.,0.));
#7914=DIRECTION('',(1.,0.,0.));
#7915=DIRECTION('center_axis',(0.,0.,1.));
#7916=DIRECTION('ref_axis',(0.707106781186547,0.707106781186547,0.));
#7917=DIRECTION('',(0.,-1.,0.));
#7918=DIRECTION('center_axis',(0.,0.,1.));
#7919=DIRECTION('ref_axis',(0.707106781186547,-0.707106781186547,0.));
#7920=DIRECTION('',(-1.,0.,0.));
#7921=DIRECTION('center_axis',(0.,0.,-1.));
#7922=DIRECTION('ref_axis',(0.,1.,0.));
#7923=DIRECTION('',(0.,1.,0.));
#7924=DIRECTION('center_axis',(0.,0.,-1.));
#7925=DIRECTION('ref_axis',(-1.,0.,0.));
#7926=DIRECTION('',(-1.,0.,0.));
#7927=DIRECTION('center_axis',(0.,0.,-1.));
#7928=DIRECTION('ref_axis',(0.,-1.,0.));
#7929=DIRECTION('',(0.,-1.,0.));
#7930=DIRECTION('center_axis',(0.,0.,-1.));
#7931=DIRECTION('ref_axis',(1.,0.,0.));
#7932=DIRECTION('',(1.,0.,0.));
#7933=DIRECTION('center_axis',(0.,0.,-1.));
#7934=DIRECTION('ref_axis',(1.,0.,0.));
#7935=DIRECTION('center_axis',(0.,0.,-1.));
#7936=DIRECTION('ref_axis',(1.,0.,0.));
#7937=DIRECTION('center_axis',(0.,0.,-1.));
#7938=DIRECTION('ref_axis',(1.,0.,0.));
#7939=DIRECTION('center_axis',(0.,0.,-1.));
#7940=DIRECTION('ref_axis',(0.,1.,0.));
#7941=DIRECTION('',(0.,1.,0.));
#7942=DIRECTION('center_axis',(0.,0.,-1.));
#7943=DIRECTION('ref_axis',(-1.,0.,0.));
#7944=DIRECTION('',(-1.,0.,0.));
#7945=DIRECTION('center_axis',(0.,0.,-1.));
#7946=DIRECTION('ref_axis',(0.,-1.,0.));
#7947=DIRECTION('',(0.,-1.,0.));
#7948=DIRECTION('center_axis',(0.,0.,-1.));
#7949=DIRECTION('ref_axis',(1.,0.,0.));
#7950=DIRECTION('',(1.,0.,0.));
#7951=DIRECTION('center_axis',(0.,0.,-1.));
#7952=DIRECTION('ref_axis',(0.,1.,0.));
#7953=DIRECTION('',(0.,1.,0.));
#7954=DIRECTION('center_axis',(0.,0.,-1.));
#7955=DIRECTION('ref_axis',(-1.,0.,0.));
#7956=DIRECTION('',(-1.,0.,0.));
#7957=DIRECTION('center_axis',(0.,0.,-1.));
#7958=DIRECTION('ref_axis',(0.,-1.,0.));
#7959=DIRECTION('',(0.,-1.,0.));
#7960=DIRECTION('center_axis',(0.,0.,-1.));
#7961=DIRECTION('ref_axis',(1.,0.,0.));
#7962=DIRECTION('',(1.,0.,0.));
#7963=DIRECTION('center_axis',(0.,0.,-1.));
#7964=DIRECTION('ref_axis',(0.,1.,0.));
#7965=DIRECTION('',(0.,1.,0.));
#7966=DIRECTION('center_axis',(0.,0.,-1.));
#7967=DIRECTION('ref_axis',(-1.,0.,0.));
#7968=DIRECTION('',(-1.,0.,0.));
#7969=DIRECTION('center_axis',(0.,0.,-1.));
#7970=DIRECTION('ref_axis',(0.,-1.,0.));
#7971=DIRECTION('',(0.,-1.,0.));
#7972=DIRECTION('center_axis',(0.,0.,-1.));
#7973=DIRECTION('ref_axis',(1.,0.,0.));
#7974=DIRECTION('',(1.,0.,0.));
#7975=DIRECTION('center_axis',(0.,0.,-1.));
#7976=DIRECTION('ref_axis',(1.,0.,0.));
#7977=DIRECTION('center_axis',(0.,0.,1.));
#7978=DIRECTION('ref_axis',(1.,0.,0.));
#7979=DIRECTION('center_axis',(0.,0.,1.));
#7980=DIRECTION('ref_axis',(1.,0.,0.));
#7981=DIRECTION('center_axis',(0.,0.,1.));
#7982=DIRECTION('ref_axis',(1.,0.,0.));
#7983=DIRECTION('center_axis',(0.,0.,1.));
#7984=DIRECTION('ref_axis',(1.,0.,0.));
#7985=DIRECTION('center_axis',(0.,0.,1.));
#7986=DIRECTION('ref_axis',(-0.707106781186547,-0.707106781186547,0.));
#7987=DIRECTION('center_axis',(0.,0.,-1.));
#7988=DIRECTION('ref_axis',(-0.707106781186547,-0.707106781186547,0.));
#7989=DIRECTION('',(0.,0.,-1.));
#7990=DIRECTION('',(0.,0.,1.));
#7991=DIRECTION('center_axis',(0.,0.,1.));
#7992=DIRECTION('ref_axis',(1.,0.,0.));
#7993=DIRECTION('center_axis',(-1.,0.,0.));
#7994=DIRECTION('ref_axis',(0.,-1.,0.));
#7995=DIRECTION('',(0.,-1.,0.));
#7996=DIRECTION('',(0.,0.,1.));
#7997=DIRECTION('center_axis',(0.,0.,1.));
#7998=DIRECTION('ref_axis',(-0.707106781186547,0.707106781186547,0.));
#7999=DIRECTION('center_axis',(0.,0.,-1.));
#8000=DIRECTION('ref_axis',(-0.707106781186547,0.707106781186547,0.));
#8001=DIRECTION('',(0.,0.,-1.));
#8002=DIRECTION('center_axis',(0.,0.,1.));
#8003=DIRECTION('ref_axis',(0.707106781186547,0.707106781186547,0.));
#8004=DIRECTION('center_axis',(0.,0.,-1.));
#8005=DIRECTION('ref_axis',(0.707106781186547,0.707106781186547,0.));
#8006=DIRECTION('',(0.,0.,-1.));
#8007=DIRECTION('',(0.,0.,1.));
#8008=DIRECTION('center_axis',(0.,1.,0.));
#8009=DIRECTION('ref_axis',(-1.,0.,0.));
#8010=DIRECTION('',(0.,0.,1.));
#8011=DIRECTION('',(-1.,0.,0.));
#8012=DIRECTION('center_axis',(0.,0.,1.));
#8013=DIRECTION('ref_axis',(0.707106781186547,-0.707106781186547,0.));
#8014=DIRECTION('center_axis',(0.,0.,-1.));
#8015=DIRECTION('ref_axis',(0.707106781186547,-0.707106781186547,0.));
#8016=DIRECTION('',(0.,0.,-1.));
#8017=DIRECTION('',(0.,0.,1.));
#8018=DIRECTION('center_axis',(0.,-1.,0.));
#8019=DIRECTION('ref_axis',(1.,0.,0.));
#8020=DIRECTION('',(1.,0.,0.));
#8021=DIRECTION('center_axis',(1.,0.,0.));
#8022=DIRECTION('ref_axis',(0.,1.,0.));
#8023=DIRECTION('',(0.,0.,1.));
#8024=DIRECTION('',(0.,1.,0.));
#8025=DIRECTION('',(0.,0.,1.));
#8026=DIRECTION('center_axis',(0.,0.,1.));
#8027=DIRECTION('ref_axis',(-1.,0.,0.));
#8028=DIRECTION('center_axis',(0.,0.,-1.));
#8029=DIRECTION('ref_axis',(-1.,0.,0.));
#8030=DIRECTION('',(0.,0.,1.));
#8031=DIRECTION('center_axis',(0.,1.,0.));
#8032=DIRECTION('ref_axis',(-1.,0.,0.));
#8033=DIRECTION('',(-1.,0.,0.));
#8034=DIRECTION('',(0.,0.,1.));
#8035=DIRECTION('center_axis',(0.,0.,1.));
#8036=DIRECTION('ref_axis',(0.,-1.,0.));
#8037=DIRECTION('center_axis',(0.,0.,-1.));
#8038=DIRECTION('ref_axis',(0.,-1.,0.));
#8039=DIRECTION('',(0.,0.,1.));
#8040=DIRECTION('center_axis',(-1.,0.,0.));
#8041=DIRECTION('ref_axis',(0.,-1.,0.));
#8042=DIRECTION('',(0.,-1.,0.));
#8043=DIRECTION('',(0.,0.,1.));
#8044=DIRECTION('center_axis',(0.,0.,1.));
#8045=DIRECTION('ref_axis',(1.,0.,0.));
#8046=DIRECTION('center_axis',(0.,0.,-1.));
#8047=DIRECTION('ref_axis',(1.,0.,0.));
#8048=DIRECTION('',(0.,0.,1.));
#8049=DIRECTION('center_axis',(0.,-1.,0.));
#8050=DIRECTION('ref_axis',(1.,0.,0.));
#8051=DIRECTION('',(1.,0.,0.));
#8052=DIRECTION('',(0.,0.,1.));
#8053=DIRECTION('center_axis',(0.,0.,1.));
#8054=DIRECTION('ref_axis',(0.,1.,0.));
#8055=DIRECTION('center_axis',(0.,0.,-1.));
#8056=DIRECTION('ref_axis',(0.,1.,0.));
#8057=DIRECTION('center_axis',(0.,0.,1.));
#8058=DIRECTION('ref_axis',(1.,0.,0.));
#8059=DIRECTION('center_axis',(0.,0.,-1.));
#8060=DIRECTION('ref_axis',(1.,0.,0.));
#8061=DIRECTION('',(0.,0.,-1.));
#8062=DIRECTION('center_axis',(0.,0.,1.));
#8063=DIRECTION('ref_axis',(1.,0.,0.));
#8064=DIRECTION('center_axis',(0.,0.,-1.));
#8065=DIRECTION('ref_axis',(1.,0.,0.));
#8066=DIRECTION('',(0.,0.,-1.));
#8067=DIRECTION('center_axis',(0.,0.,1.));
#8068=DIRECTION('ref_axis',(1.,0.,0.));
#8069=DIRECTION('center_axis',(0.,0.,-1.));
#8070=DIRECTION('ref_axis',(1.,0.,0.));
#8071=DIRECTION('',(0.,0.,-1.));
#8072=DIRECTION('center_axis',(1.,0.,0.));
#8073=DIRECTION('ref_axis',(0.,1.,0.));
#8074=DIRECTION('',(0.,0.,1.));
#8075=DIRECTION('',(0.,1.,0.));
#8076=DIRECTION('',(0.,0.,1.));
#8077=DIRECTION('center_axis',(0.,0.,1.));
#8078=DIRECTION('ref_axis',(-1.,0.,0.));
#8079=DIRECTION('center_axis',(0.,0.,-1.));
#8080=DIRECTION('ref_axis',(-1.,0.,0.));
#8081=DIRECTION('',(0.,0.,1.));
#8082=DIRECTION('center_axis',(0.,1.,0.));
#8083=DIRECTION('ref_axis',(-1.,0.,0.));
#8084=DIRECTION('',(-1.,0.,0.));
#8085=DIRECTION('',(0.,0.,1.));
#8086=DIRECTION('center_axis',(0.,0.,1.));
#8087=DIRECTION('ref_axis',(0.,-1.,0.));
#8088=DIRECTION('center_axis',(0.,0.,-1.));
#8089=DIRECTION('ref_axis',(0.,-1.,0.));
#8090=DIRECTION('',(0.,0.,1.));
#8091=DIRECTION('center_axis',(-1.,0.,0.));
#8092=DIRECTION('ref_axis',(0.,-1.,0.));
#8093=DIRECTION('',(0.,-1.,0.));
#8094=DIRECTION('',(0.,0.,1.));
#8095=DIRECTION('center_axis',(0.,0.,1.));
#8096=DIRECTION('ref_axis',(1.,0.,0.));
#8097=DIRECTION('center_axis',(0.,0.,-1.));
#8098=DIRECTION('ref_axis',(1.,0.,0.));
#8099=DIRECTION('',(0.,0.,1.));
#8100=DIRECTION('center_axis',(0.,-1.,0.));
#8101=DIRECTION('ref_axis',(1.,0.,0.));
#8102=DIRECTION('',(1.,0.,0.));
#8103=DIRECTION('',(0.,0.,1.));
#8104=DIRECTION('center_axis',(0.,0.,1.));
#8105=DIRECTION('ref_axis',(0.,1.,0.));
#8106=DIRECTION('center_axis',(0.,0.,-1.));
#8107=DIRECTION('ref_axis',(0.,1.,0.));
#8108=DIRECTION('center_axis',(1.,0.,0.));
#8109=DIRECTION('ref_axis',(0.,1.,0.));
#8110=DIRECTION('',(0.,0.,1.));
#8111=DIRECTION('',(0.,1.,0.));
#8112=DIRECTION('',(0.,0.,1.));
#8113=DIRECTION('center_axis',(0.,0.,1.));
#8114=DIRECTION('ref_axis',(-1.,0.,0.));
#8115=DIRECTION('center_axis',(0.,0.,-1.));
#8116=DIRECTION('ref_axis',(-1.,0.,0.));
#8117=DIRECTION('',(0.,0.,1.));
#8118=DIRECTION('center_axis',(0.,1.,0.));
#8119=DIRECTION('ref_axis',(-1.,0.,0.));
#8120=DIRECTION('',(-1.,0.,0.));
#8121=DIRECTION('',(0.,0.,1.));
#8122=DIRECTION('center_axis',(0.,0.,1.));
#8123=DIRECTION('ref_axis',(0.,-1.,0.));
#8124=DIRECTION('center_axis',(0.,0.,-1.));
#8125=DIRECTION('ref_axis',(0.,-1.,0.));
#8126=DIRECTION('',(0.,0.,1.));
#8127=DIRECTION('center_axis',(-1.,0.,0.));
#8128=DIRECTION('ref_axis',(0.,-1.,0.));
#8129=DIRECTION('',(0.,-1.,0.));
#8130=DIRECTION('',(0.,0.,1.));
#8131=DIRECTION('center_axis',(0.,0.,1.));
#8132=DIRECTION('ref_axis',(1.,0.,0.));
#8133=DIRECTION('center_axis',(0.,0.,-1.));
#8134=DIRECTION('ref_axis',(1.,0.,0.));
#8135=DIRECTION('',(0.,0.,1.));
#8136=DIRECTION('center_axis',(0.,-1.,0.));
#8137=DIRECTION('ref_axis',(1.,0.,0.));
#8138=DIRECTION('',(1.,0.,0.));
#8139=DIRECTION('',(0.,0.,1.));
#8140=DIRECTION('center_axis',(0.,0.,1.));
#8141=DIRECTION('ref_axis',(0.,1.,0.));
#8142=DIRECTION('center_axis',(0.,0.,-1.));
#8143=DIRECTION('ref_axis',(0.,1.,0.));
#8144=DIRECTION('center_axis',(1.,0.,0.));
#8145=DIRECTION('ref_axis',(0.,1.,0.));
#8146=DIRECTION('',(0.,0.,1.));
#8147=DIRECTION('',(0.,1.,0.));
#8148=DIRECTION('',(0.,0.,1.));
#8149=DIRECTION('center_axis',(0.,0.,1.));
#8150=DIRECTION('ref_axis',(-1.,0.,0.));
#8151=DIRECTION('center_axis',(0.,0.,-1.));
#8152=DIRECTION('ref_axis',(-1.,0.,0.));
#8153=DIRECTION('',(0.,0.,1.));
#8154=DIRECTION('center_axis',(0.,1.,0.));
#8155=DIRECTION('ref_axis',(-1.,0.,0.));
#8156=DIRECTION('',(-1.,0.,0.));
#8157=DIRECTION('',(0.,0.,1.));
#8158=DIRECTION('center_axis',(0.,0.,1.));
#8159=DIRECTION('ref_axis',(0.,-1.,0.));
#8160=DIRECTION('center_axis',(0.,0.,-1.));
#8161=DIRECTION('ref_axis',(0.,-1.,0.));
#8162=DIRECTION('',(0.,0.,1.));
#8163=DIRECTION('center_axis',(-1.,0.,0.));
#8164=DIRECTION('ref_axis',(0.,-1.,0.));
#8165=DIRECTION('',(0.,-1.,0.));
#8166=DIRECTION('',(0.,0.,1.));
#8167=DIRECTION('center_axis',(0.,0.,1.));
#8168=DIRECTION('ref_axis',(1.,0.,0.));
#8169=DIRECTION('center_axis',(0.,0.,-1.));
#8170=DIRECTION('ref_axis',(1.,0.,0.));
#8171=DIRECTION('',(0.,0.,1.));
#8172=DIRECTION('center_axis',(0.,-1.,0.));
#8173=DIRECTION('ref_axis',(1.,0.,0.));
#8174=DIRECTION('',(1.,0.,0.));
#8175=DIRECTION('',(0.,0.,1.));
#8176=DIRECTION('center_axis',(0.,0.,1.));
#8177=DIRECTION('ref_axis',(0.,1.,0.));
#8178=DIRECTION('center_axis',(0.,0.,-1.));
#8179=DIRECTION('ref_axis',(0.,1.,0.));
#8180=DIRECTION('center_axis',(0.,0.,1.));
#8181=DIRECTION('ref_axis',(1.,0.,0.));
#8182=DIRECTION('center_axis',(0.,0.,-1.));
#8183=DIRECTION('ref_axis',(1.,0.,0.));
#8184=DIRECTION('',(0.,0.,-1.));
#8185=DIRECTION('center_axis',(-1.,0.,0.));
#8186=DIRECTION('ref_axis',(0.,-1.,0.));
#8187=DIRECTION('',(0.,0.,1.));
#8188=DIRECTION('',(0.,-1.,0.));
#8189=DIRECTION('center_axis',(1.,0.,0.));
#8190=DIRECTION('ref_axis',(0.,1.,0.));
#8191=DIRECTION('',(0.,1.,0.));
#8192=DIRECTION('center_axis',(0.,1.,0.));
#8193=DIRECTION('ref_axis',(-1.,0.,0.));
#8194=DIRECTION('',(-1.,0.,0.));
#8195=DIRECTION('',(0.,0.,1.));
#8196=DIRECTION('center_axis',(1.,0.,0.));
#8197=DIRECTION('ref_axis',(0.,1.,0.));
#8198=DIRECTION('',(0.,1.,0.));
#8199=DIRECTION('',(0.,0.,1.));
#8200=DIRECTION('center_axis',(0.,1.,0.));
#8201=DIRECTION('ref_axis',(-1.,0.,0.));
#8202=DIRECTION('',(-1.,0.,0.));
#8203=DIRECTION('center_axis',(0.,0.,1.));
#8204=DIRECTION('ref_axis',(1.,0.,0.));
#8205=CARTESIAN_POINT('',(0.,0.,0.));
#8206=CARTESIAN_POINT('Ctrl Pts',(7.18963172286749,-44.3915422260761,0.));
#8207=CARTESIAN_POINT('Ctrl Pts',(7.18963172286749,-44.3915422260761,0.2));
#8208=CARTESIAN_POINT('Ctrl Pts',(7.20111214369508,-44.4255951869204,0.));
#8209=CARTESIAN_POINT('Ctrl Pts',(7.20111214369508,-44.4255951869204,0.2));
#8210=CARTESIAN_POINT('Ctrl Pts',(7.22789841466741,-44.5050480092762,0.));
#8211=CARTESIAN_POINT('Ctrl Pts',(7.22789841466741,-44.5050480092762,0.2));
#8212=CARTESIAN_POINT('Ctrl Pts',(7.2287234635593,-44.5890876472567,0.));
#8213=CARTESIAN_POINT('Ctrl Pts',(7.2287234635593,-44.5890876472567,0.2));
#8214=CARTESIAN_POINT('Ctrl Pts',(7.2291949018836,-44.6371084451675,0.));
#8215=CARTESIAN_POINT('Ctrl Pts',(7.2291949018836,-44.6371084451675,0.2));
#8216=CARTESIAN_POINT('',(7.18963172286749,-44.3915422260761,0.));
#8217=CARTESIAN_POINT('',(7.2291949018836,-44.6371084451675,0.));
#8218=CARTESIAN_POINT('Ctrl Pts',(7.18963172286749,-44.3915422260761,0.));
#8219=CARTESIAN_POINT('Ctrl Pts',(7.20111214369508,-44.4255951869204,0.));
#8220=CARTESIAN_POINT('Ctrl Pts',(7.22789841466741,-44.5050480092762,0.));
#8221=CARTESIAN_POINT('Ctrl Pts',(7.2287234635593,-44.5890876472567,0.));
#8222=CARTESIAN_POINT('Ctrl Pts',(7.2291949018836,-44.6371084451675,0.));
#8223=CARTESIAN_POINT('',(7.18963172286749,-44.3915422260761,0.2));
#8224=CARTESIAN_POINT('',(7.18963172286749,-44.3915422260761,0.));
#8225=CARTESIAN_POINT('',(7.2291949018836,-44.6371084451675,0.2));
#8226=CARTESIAN_POINT('Ctrl Pts',(7.18963172286749,-44.3915422260761,0.2));
#8227=CARTESIAN_POINT('Ctrl Pts',(7.20111214369508,-44.4255951869204,0.2));
#8228=CARTESIAN_POINT('Ctrl Pts',(7.22789841466741,-44.5050480092762,0.2));
#8229=CARTESIAN_POINT('Ctrl Pts',(7.2287234635593,-44.5890876472567,0.2));
#8230=CARTESIAN_POINT('Ctrl Pts',(7.2291949018836,-44.6371084451675,0.2));
#8231=CARTESIAN_POINT('',(7.2291949018836,-44.6371084451675,0.));
#8232=CARTESIAN_POINT('Ctrl Pts',(7.02728506177664,-44.2216923832893,0.));
#8233=CARTESIAN_POINT('Ctrl Pts',(7.02728506177664,-44.2216923832893,0.2));
#8234=CARTESIAN_POINT('Ctrl Pts',(7.06153568502106,-44.244000432902,0.));
#8235=CARTESIAN_POINT('Ctrl Pts',(7.06153568502106,-44.244000432902,0.2));
#8236=CARTESIAN_POINT('Ctrl Pts',(7.12898706939417,-44.2879327379668,0.));
#8237=CARTESIAN_POINT('Ctrl Pts',(7.12898706939417,-44.2879327379668,0.2));
#8238=CARTESIAN_POINT('Ctrl Pts',(7.1696276917198,-44.3573659663627,0.));
#8239=CARTESIAN_POINT('Ctrl Pts',(7.1696276917198,-44.3573659663627,0.2));
#8240=CARTESIAN_POINT('Ctrl Pts',(7.18963172286749,-44.3915422260761,0.));
#8241=CARTESIAN_POINT('Ctrl Pts',(7.18963172286749,-44.3915422260761,0.2));
#8242=CARTESIAN_POINT('',(7.02728506177664,-44.2216923832893,0.));
#8243=CARTESIAN_POINT('Ctrl Pts',(7.02728506177664,-44.2216923832893,0.));
#8244=CARTESIAN_POINT('Ctrl Pts',(7.06153568502106,-44.244000432902,0.));
#8245=CARTESIAN_POINT('Ctrl Pts',(7.12898706939417,-44.2879327379668,0.));
#8246=CARTESIAN_POINT('Ctrl Pts',(7.1696276917198,-44.3573659663627,0.));
#8247=CARTESIAN_POINT('Ctrl Pts',(7.18963172286749,-44.3915422260761,0.));
#8248=CARTESIAN_POINT('',(7.02728506177664,-44.2216923832893,0.2));
#8249=CARTESIAN_POINT('',(7.02728506177664,-44.2216923832893,0.));
#8250=CARTESIAN_POINT('Ctrl Pts',(7.02728506177664,-44.2216923832893,0.2));
#8251=CARTESIAN_POINT('Ctrl Pts',(7.06153568502106,-44.244000432902,0.2));
#8252=CARTESIAN_POINT('Ctrl Pts',(7.12898706939417,-44.2879327379668,0.2));
#8253=CARTESIAN_POINT('Ctrl Pts',(7.1696276917198,-44.3573659663627,0.2));
#8254=CARTESIAN_POINT('Ctrl Pts',(7.18963172286749,-44.3915422260761,0.2));
#8255=CARTESIAN_POINT('Ctrl Pts',(6.77489753812551,-44.1596186161041,0.));
#8256=CARTESIAN_POINT('Ctrl Pts',(6.77489753812551,-44.1596186161041,0.2));
#8257=CARTESIAN_POINT('Ctrl Pts',(6.82030375594899,-44.1618848850551,0.));
#8258=CARTESIAN_POINT('Ctrl Pts',(6.82030375594899,-44.1618848850551,0.2));
#8259=CARTESIAN_POINT('Ctrl Pts',(6.90850592183026,-44.1662871418281,0.));
#8260=CARTESIAN_POINT('Ctrl Pts',(6.90850592183026,-44.1662871418281,0.2));
#8261=CARTESIAN_POINT('Ctrl Pts',(6.98848094658259,-44.2035919712727,0.));
#8262=CARTESIAN_POINT('Ctrl Pts',(6.98848094658259,-44.2035919712727,0.2));
#8263=CARTESIAN_POINT('Ctrl Pts',(7.02728506177664,-44.2216923832893,0.));
#8264=CARTESIAN_POINT('Ctrl Pts',(7.02728506177664,-44.2216923832893,0.2));
#8265=CARTESIAN_POINT('',(6.77489753812551,-44.1596186161041,0.));
#8266=CARTESIAN_POINT('Ctrl Pts',(6.77489753812551,-44.1596186161041,0.));
#8267=CARTESIAN_POINT('Ctrl Pts',(6.82030375594899,-44.1618848850551,0.));
#8268=CARTESIAN_POINT('Ctrl Pts',(6.90850592183026,-44.1662871418281,0.));
#8269=CARTESIAN_POINT('Ctrl Pts',(6.98848094658259,-44.2035919712727,0.));
#8270=CARTESIAN_POINT('Ctrl Pts',(7.02728506177664,-44.2216923832893,0.));
#8271=CARTESIAN_POINT('',(6.77489753812551,-44.1596186161041,0.2));
#8272=CARTESIAN_POINT('',(6.77489753812551,-44.1596186161041,0.));
#8273=CARTESIAN_POINT('Ctrl Pts',(6.77489753812551,-44.1596186161041,0.2));
#8274=CARTESIAN_POINT('Ctrl Pts',(6.82030375594899,-44.1618848850551,0.2));
#8275=CARTESIAN_POINT('Ctrl Pts',(6.90850592183026,-44.1662871418281,0.2));
#8276=CARTESIAN_POINT('Ctrl Pts',(6.98848094658259,-44.2035919712727,0.2));
#8277=CARTESIAN_POINT('Ctrl Pts',(7.02728506177664,-44.2216923832893,0.2));
#8278=CARTESIAN_POINT('Ctrl Pts',(6.55729856342077,-44.2251029610634,0.));
#8279=CARTESIAN_POINT('Ctrl Pts',(6.55729856342077,-44.2251029610634,0.2));
#8280=CARTESIAN_POINT('Ctrl Pts',(6.58696359880179,-44.2060532139774,0.));
#8281=CARTESIAN_POINT('Ctrl Pts',(6.58696359880179,-44.2060532139774,0.2));
#8282=CARTESIAN_POINT('Ctrl Pts',(6.65290746955419,-44.1637065913098,0.));
#8283=CARTESIAN_POINT('Ctrl Pts',(6.65290746955419,-44.1637065913098,0.2));
#8284=CARTESIAN_POINT('Ctrl Pts',(6.73160326640781,-44.1610694383834,0.));
#8285=CARTESIAN_POINT('Ctrl Pts',(6.73160326640781,-44.1610694383834,0.2));
#8286=CARTESIAN_POINT('Ctrl Pts',(6.77489753812551,-44.1596186161041,0.));
#8287=CARTESIAN_POINT('Ctrl Pts',(6.77489753812551,-44.1596186161041,0.2));
#8288=CARTESIAN_POINT('',(6.55729856342077,-44.2251029610634,0.));
#8289=CARTESIAN_POINT('Ctrl Pts',(6.55729856342077,-44.2251029610634,0.));
#8290=CARTESIAN_POINT('Ctrl Pts',(6.58696359880179,-44.2060532139774,0.));
#8291=CARTESIAN_POINT('Ctrl Pts',(6.65290746955419,-44.1637065913098,0.));
#8292=CARTESIAN_POINT('Ctrl Pts',(6.73160326640781,-44.1610694383834,0.));
#8293=CARTESIAN_POINT('Ctrl Pts',(6.77489753812551,-44.1596186161041,0.));
#8294=CARTESIAN_POINT('',(6.55729856342077,-44.2251029610634,0.2));
#8295=CARTESIAN_POINT('',(6.55729856342077,-44.2251029610634,0.));
#8296=CARTESIAN_POINT('Ctrl Pts',(6.55729856342077,-44.2251029610634,0.2));
#8297=CARTESIAN_POINT('Ctrl Pts',(6.58696359880179,-44.2060532139774,0.2));
#8298=CARTESIAN_POINT('Ctrl Pts',(6.65290746955419,-44.1637065913098,0.2));
#8299=CARTESIAN_POINT('Ctrl Pts',(6.73160326640781,-44.1610694383834,0.2));
#8300=CARTESIAN_POINT('Ctrl Pts',(6.77489753812551,-44.1596186161041,0.2));
#8301=CARTESIAN_POINT('Ctrl Pts',(6.48294653743505,-44.3888136744499,0.));
#8302=CARTESIAN_POINT('Ctrl Pts',(6.48294653743505,-44.3888136744499,0.2));
#8303=CARTESIAN_POINT('Ctrl Pts',(6.48607506008958,-44.3574089711404,0.));
#8304=CARTESIAN_POINT('Ctrl Pts',(6.48607506008958,-44.3574089711404,0.2));
#8305=CARTESIAN_POINT('Ctrl Pts',(6.49234761208766,-44.2944439054382,0.));
#8306=CARTESIAN_POINT('Ctrl Pts',(6.49234761208766,-44.2944439054382,0.2));
#8307=CARTESIAN_POINT('Ctrl Pts',(6.53561259380247,-44.2482546714256,0.));
#8308=CARTESIAN_POINT('Ctrl Pts',(6.53561259380247,-44.2482546714256,0.2));
#8309=CARTESIAN_POINT('Ctrl Pts',(6.55729856342077,-44.2251029610634,0.));
#8310=CARTESIAN_POINT('Ctrl Pts',(6.55729856342077,-44.2251029610634,0.2));
#8311=CARTESIAN_POINT('',(6.48294653743505,-44.3888136744499,0.));
#8312=CARTESIAN_POINT('Ctrl Pts',(6.48294653743505,-44.3888136744499,0.));
#8313=CARTESIAN_POINT('Ctrl Pts',(6.48607506008958,-44.3574089711404,0.));
#8314=CARTESIAN_POINT('Ctrl Pts',(6.49234761208766,-44.2944439054382,0.));
#8315=CARTESIAN_POINT('Ctrl Pts',(6.53561259380247,-44.2482546714256,0.));
#8316=CARTESIAN_POINT('Ctrl Pts',(6.55729856342077,-44.2251029610634,0.));
#8317=CARTESIAN_POINT('',(6.48294653743505,-44.3888136744499,0.2));
#8318=CARTESIAN_POINT('',(6.48294653743505,-44.3888136744499,0.));
#8319=CARTESIAN_POINT('Ctrl Pts',(6.48294653743505,-44.3888136744499,0.2));
#8320=CARTESIAN_POINT('Ctrl Pts',(6.48607506008958,-44.3574089711404,0.2));
#8321=CARTESIAN_POINT('Ctrl Pts',(6.49234761208766,-44.2944439054382,0.2));
#8322=CARTESIAN_POINT('Ctrl Pts',(6.53561259380247,-44.2482546714256,0.2));
#8323=CARTESIAN_POINT('Ctrl Pts',(6.55729856342077,-44.2251029610634,0.2));
#8324=CARTESIAN_POINT('Ctrl Pts',(6.5170532092452,-44.5054575800896,0.));
#8325=CARTESIAN_POINT('Ctrl Pts',(6.5170532092452,-44.5054575800896,0.2));
#8326=CARTESIAN_POINT('Ctrl Pts',(6.50710542985467,-44.4874002637793,0.));
#8327=CARTESIAN_POINT('Ctrl Pts',(6.50710542985467,-44.4874002637793,0.2));
#8328=CARTESIAN_POINT('Ctrl Pts',(6.48708425794526,-44.4510576168549,0.));
#8329=CARTESIAN_POINT('Ctrl Pts',(6.48708425794526,-44.4510576168549,0.2));
#8330=CARTESIAN_POINT('Ctrl Pts',(6.48433153448102,-44.4096482562317,0.));
#8331=CARTESIAN_POINT('Ctrl Pts',(6.48433153448102,-44.4096482562317,0.2));
#8332=CARTESIAN_POINT('Ctrl Pts',(6.48294653743505,-44.3888136744499,0.));
#8333=CARTESIAN_POINT('Ctrl Pts',(6.48294653743505,-44.3888136744499,0.2));
#8334=CARTESIAN_POINT('',(6.5170532092452,-44.5054575800896,0.));
#8335=CARTESIAN_POINT('Ctrl Pts',(6.5170532092452,-44.5054575800896,0.));
#8336=CARTESIAN_POINT('Ctrl Pts',(6.50710542985467,-44.4874002637793,0.));
#8337=CARTESIAN_POINT('Ctrl Pts',(6.48708425794526,-44.4510576168549,0.));
#8338=CARTESIAN_POINT('Ctrl Pts',(6.48433153448102,-44.4096482562317,0.));
#8339=CARTESIAN_POINT('Ctrl Pts',(6.48294653743505,-44.3888136744499,0.));
#8340=CARTESIAN_POINT('',(6.5170532092452,-44.5054575800896,0.2));
#8341=CARTESIAN_POINT('',(6.5170532092452,-44.5054575800896,0.));
#8342=CARTESIAN_POINT('Ctrl Pts',(6.5170532092452,-44.5054575800896,0.2));
#8343=CARTESIAN_POINT('Ctrl Pts',(6.50710542985467,-44.4874002637793,0.2));
#8344=CARTESIAN_POINT('Ctrl Pts',(6.48708425794526,-44.4510576168549,0.2));
#8345=CARTESIAN_POINT('Ctrl Pts',(6.48433153448102,-44.4096482562317,0.2));
#8346=CARTESIAN_POINT('Ctrl Pts',(6.48294653743505,-44.3888136744499,0.2));
#8347=CARTESIAN_POINT('Ctrl Pts',(6.61391522735357,-44.5852667093277,0.));
#8348=CARTESIAN_POINT('Ctrl Pts',(6.61391522735357,-44.5852667093277,0.2));
#8349=CARTESIAN_POINT('Ctrl Pts',(6.59433253064717,-44.5753355103797,0.));
#8350=CARTESIAN_POINT('Ctrl Pts',(6.59433253064717,-44.5753355103797,0.2));
#8351=CARTESIAN_POINT('Ctrl Pts',(6.55607069049404,-44.5559313418745,0.));
#8352=CARTESIAN_POINT('Ctrl Pts',(6.55607069049404,-44.5559313418745,0.2));
#8353=CARTESIAN_POINT('Ctrl Pts',(6.52985265672751,-44.5220151907431,0.));
#8354=CARTESIAN_POINT('Ctrl Pts',(6.52985265672751,-44.5220151907431,0.2));
#8355=CARTESIAN_POINT('Ctrl Pts',(6.5170532092452,-44.5054575800896,0.));
#8356=CARTESIAN_POINT('Ctrl Pts',(6.5170532092452,-44.5054575800896,0.2));
#8357=CARTESIAN_POINT('',(6.61391522735357,-44.5852667093277,0.));
#8358=CARTESIAN_POINT('Ctrl Pts',(6.61391522735357,-44.5852667093277,0.));
#8359=CARTESIAN_POINT('Ctrl Pts',(6.59433253064717,-44.5753355103797,0.));
#8360=CARTESIAN_POINT('Ctrl Pts',(6.55607069049404,-44.5559313418745,0.));
#8361=CARTESIAN_POINT('Ctrl Pts',(6.52985265672751,-44.5220151907431,0.));
#8362=CARTESIAN_POINT('Ctrl Pts',(6.5170532092452,-44.5054575800896,0.));
#8363=CARTESIAN_POINT('',(6.61391522735357,-44.5852667093277,0.2));
#8364=CARTESIAN_POINT('',(6.61391522735357,-44.5852667093277,0.));
#8365=CARTESIAN_POINT('Ctrl Pts',(6.61391522735357,-44.5852667093277,0.2));
#8366=CARTESIAN_POINT('Ctrl Pts',(6.59433253064717,-44.5753355103797,0.2));
#8367=CARTESIAN_POINT('Ctrl Pts',(6.55607069049404,-44.5559313418745,0.2));
#8368=CARTESIAN_POINT('Ctrl Pts',(6.52985265672751,-44.5220151907431,0.2));
#8369=CARTESIAN_POINT('Ctrl Pts',(6.5170532092452,-44.5054575800896,0.2));
#8370=CARTESIAN_POINT('Ctrl Pts',(6.82810362428427,-44.6343798935413,0.));
#8371=CARTESIAN_POINT('Ctrl Pts',(6.82810362428427,-44.6343798935413,0.2));
#8372=CARTESIAN_POINT('Ctrl Pts',(6.78465224554351,-44.6281551365374,0.));
#8373=CARTESIAN_POINT('Ctrl Pts',(6.78465224554351,-44.6281551365374,0.2));
#8374=CARTESIAN_POINT('Ctrl Pts',(6.71182266254676,-44.6177217171618,0.));
#8375=CARTESIAN_POINT('Ctrl Pts',(6.71182266254676,-44.6177217171618,0.2));
#8376=CARTESIAN_POINT('Ctrl Pts',(6.64205735533227,-44.5945954490931,0.));
#8377=CARTESIAN_POINT('Ctrl Pts',(6.64205735533227,-44.5945954490931,0.2));
#8378=CARTESIAN_POINT('Ctrl Pts',(6.61391522735357,-44.5852667093277,0.));
#8379=CARTESIAN_POINT('Ctrl Pts',(6.61391522735357,-44.5852667093277,0.2));
#8380=CARTESIAN_POINT('',(6.82810362428427,-44.6343798935413,0.));
#8381=CARTESIAN_POINT('Ctrl Pts',(6.82810362428427,-44.6343798935413,0.));
#8382=CARTESIAN_POINT('Ctrl Pts',(6.78465224554351,-44.6281551365374,0.));
#8383=CARTESIAN_POINT('Ctrl Pts',(6.71182266254676,-44.6177217171618,0.));
#8384=CARTESIAN_POINT('Ctrl Pts',(6.64205735533227,-44.5945954490931,0.));
#8385=CARTESIAN_POINT('Ctrl Pts',(6.61391522735357,-44.5852667093277,0.));
#8386=CARTESIAN_POINT('',(6.82810362428427,-44.6343798935413,0.2));
#8387=CARTESIAN_POINT('',(6.82810362428427,-44.6343798935413,0.));
#8388=CARTESIAN_POINT('Ctrl Pts',(6.82810362428427,-44.6343798935413,0.2));
#8389=CARTESIAN_POINT('Ctrl Pts',(6.78465224554351,-44.6281551365374,0.2));
#8390=CARTESIAN_POINT('Ctrl Pts',(6.71182266254676,-44.6177217171618,0.2));
#8391=CARTESIAN_POINT('Ctrl Pts',(6.64205735533227,-44.5945954490931,0.2));
#8392=CARTESIAN_POINT('Ctrl Pts',(6.61391522735357,-44.5852667093277,0.2));
#8393=CARTESIAN_POINT('Ctrl Pts',(7.2291949018836,-44.7271493077278,0.));
#8394=CARTESIAN_POINT('Ctrl Pts',(7.2291949018836,-44.7271493077278,0.2));
#8395=CARTESIAN_POINT('Ctrl Pts',(7.17381743196638,-44.7089528684717,0.));
#8396=CARTESIAN_POINT('Ctrl Pts',(7.17381743196638,-44.7089528684717,0.2));
#8397=CARTESIAN_POINT('Ctrl Pts',(7.04302041293028,-44.6659743789284,0.));
#8398=CARTESIAN_POINT('Ctrl Pts',(7.04302041293028,-44.6659743789284,0.2));
#8399=CARTESIAN_POINT('Ctrl Pts',(6.90670510350963,-44.6459349391124,0.));
#8400=CARTESIAN_POINT('Ctrl Pts',(6.90670510350963,-44.6459349391124,0.2));
#8401=CARTESIAN_POINT('Ctrl Pts',(6.82810362428427,-44.6343798935413,0.));
#8402=CARTESIAN_POINT('Ctrl Pts',(6.82810362428427,-44.6343798935413,0.2));
#8403=CARTESIAN_POINT('',(7.2291949018836,-44.7271493077278,0.));
#8404=CARTESIAN_POINT('Ctrl Pts',(7.2291949018836,-44.7271493077278,0.));
#8405=CARTESIAN_POINT('Ctrl Pts',(7.17381743196638,-44.7089528684717,0.));
#8406=CARTESIAN_POINT('Ctrl Pts',(7.04302041293028,-44.6659743789284,0.));
#8407=CARTESIAN_POINT('Ctrl Pts',(6.90670510350963,-44.6459349391124,0.));
#8408=CARTESIAN_POINT('Ctrl Pts',(6.82810362428427,-44.6343798935413,0.));
#8409=CARTESIAN_POINT('',(7.2291949018836,-44.7271493077278,0.2));
#8410=CARTESIAN_POINT('',(7.2291949018836,-44.7271493077278,0.));
#8411=CARTESIAN_POINT('Ctrl Pts',(7.2291949018836,-44.7271493077278,0.2));
#8412=CARTESIAN_POINT('Ctrl Pts',(7.17381743196638,-44.7089528684717,0.2));
#8413=CARTESIAN_POINT('Ctrl Pts',(7.04302041293028,-44.6659743789284,0.2));
#8414=CARTESIAN_POINT('Ctrl Pts',(6.90670510350963,-44.6459349391124,0.2));
#8415=CARTESIAN_POINT('Ctrl Pts',(6.82810362428427,-44.6343798935413,0.2));
#8416=CARTESIAN_POINT('Origin',(7.2291949018836,-44.6371084451675,0.));
#8417=CARTESIAN_POINT('',(7.2291949018836,-26.5805542225838,0.));
#8418=CARTESIAN_POINT('',(7.2291949018836,-44.6371084451675,0.2));
#8419=CARTESIAN_POINT('Origin',(7.55525227636099,-44.0000006556511,0.));
#8420=CARTESIAN_POINT('',(7.55525227636099,-44.0000006556511,0.));
#8421=CARTESIAN_POINT('',(7.29877199977636,-44.0000006556511,0.));
#8422=CARTESIAN_POINT('',(13.5451261381805,-44.0000006556511,0.));
#8423=CARTESIAN_POINT('',(7.55525227636099,-44.0000006556511,0.2));
#8424=CARTESIAN_POINT('',(7.55525227636099,-44.0000006556511,0.));
#8425=CARTESIAN_POINT('',(7.29877199977636,-44.0000006556511,0.2));
#8426=CARTESIAN_POINT('',(7.55525227636099,-44.0000006556511,0.2));
#8427=CARTESIAN_POINT('',(7.29877199977636,-44.0000006556511,0.));
#8428=CARTESIAN_POINT('Ctrl Pts',(7.49317850917578,-44.173943400383,0.));
#8429=CARTESIAN_POINT('Ctrl Pts',(7.49317850917578,-44.173943400383,0.2));
#8430=CARTESIAN_POINT('Ctrl Pts',(7.49975385494474,-44.1438959957295,0.));
#8431=CARTESIAN_POINT('Ctrl Pts',(7.49975385494474,-44.1438959957295,0.2));
#8432=CARTESIAN_POINT('Ctrl Pts',(7.51302041533985,-44.0832716996761,0.));
#8433=CARTESIAN_POINT('Ctrl Pts',(7.51302041533985,-44.0832716996761,0.2));
#8434=CARTESIAN_POINT('Ctrl Pts',(7.54109326084684,-44.02791881923,0.));
#8435=CARTESIAN_POINT('Ctrl Pts',(7.54109326084684,-44.02791881923,0.2));
#8436=CARTESIAN_POINT('Ctrl Pts',(7.55525227636099,-44.0000006556511,0.));
#8437=CARTESIAN_POINT('Ctrl Pts',(7.55525227636099,-44.0000006556511,0.2));
#8438=CARTESIAN_POINT('',(7.49317850917578,-44.173943400383,0.));
#8439=CARTESIAN_POINT('Ctrl Pts',(7.49317850917578,-44.173943400383,0.));
#8440=CARTESIAN_POINT('Ctrl Pts',(7.49975385494474,-44.1438959957295,0.));
#8441=CARTESIAN_POINT('Ctrl Pts',(7.51302041533985,-44.0832716996761,0.));
#8442=CARTESIAN_POINT('Ctrl Pts',(7.54109326084684,-44.02791881923,0.));
#8443=CARTESIAN_POINT('Ctrl Pts',(7.55525227636099,-44.0000006556511,0.));
#8444=CARTESIAN_POINT('',(7.49317850917578,-44.173943400383,0.2));
#8445=CARTESIAN_POINT('',(7.49317850917578,-44.173943400383,0.));
#8446=CARTESIAN_POINT('Ctrl Pts',(7.49317850917578,-44.173943400383,0.2));
#8447=CARTESIAN_POINT('Ctrl Pts',(7.49975385494474,-44.1438959957295,0.2));
#8448=CARTESIAN_POINT('Ctrl Pts',(7.51302041533985,-44.0832716996761,0.2));
#8449=CARTESIAN_POINT('Ctrl Pts',(7.54109326084684,-44.02791881923,0.2));
#8450=CARTESIAN_POINT('Ctrl Pts',(7.55525227636099,-44.0000006556511,0.2));
#8451=CARTESIAN_POINT('Ctrl Pts',(7.47748967260122,-44.6070948243141,0.));
#8452=CARTESIAN_POINT('Ctrl Pts',(7.47748967260122,-44.6070948243141,0.2));
#8453=CARTESIAN_POINT('Ctrl Pts',(7.47692534306213,-44.5138427787823,0.));
#8454=CARTESIAN_POINT('Ctrl Pts',(7.47692534306213,-44.5138427787823,0.2));
#8455=CARTESIAN_POINT('Ctrl Pts',(7.47604990929784,-44.3691826403451,0.));
#8456=CARTESIAN_POINT('Ctrl Pts',(7.47604990929784,-44.3691826403451,0.2));
#8457=CARTESIAN_POINT('Ctrl Pts',(7.48868747741692,-44.2251341359652,0.));
#8458=CARTESIAN_POINT('Ctrl Pts',(7.48868747741692,-44.2251341359652,0.2));
#8459=CARTESIAN_POINT('Ctrl Pts',(7.49317850917578,-44.173943400383,0.));
#8460=CARTESIAN_POINT('Ctrl Pts',(7.49317850917578,-44.173943400383,0.2));
#8461=CARTESIAN_POINT('',(7.47748967260122,-44.6070948243141,0.));
#8462=CARTESIAN_POINT('Ctrl Pts',(7.47748967260122,-44.6070948243141,0.));
#8463=CARTESIAN_POINT('Ctrl Pts',(7.47692534306213,-44.5138427787823,0.));
#8464=CARTESIAN_POINT('Ctrl Pts',(7.47604990929784,-44.3691826403451,0.));
#8465=CARTESIAN_POINT('Ctrl Pts',(7.48868747741692,-44.2251341359652,0.));
#8466=CARTESIAN_POINT('Ctrl Pts',(7.49317850917578,-44.173943400383,0.));
#8467=CARTESIAN_POINT('',(7.47748967260122,-44.6070948243141,0.2));
#8468=CARTESIAN_POINT('',(7.47748967260122,-44.6070948243141,0.));
#8469=CARTESIAN_POINT('Ctrl Pts',(7.47748967260122,-44.6070948243141,0.2));
#8470=CARTESIAN_POINT('Ctrl Pts',(7.47692534306213,-44.5138427787823,0.2));
#8471=CARTESIAN_POINT('Ctrl Pts',(7.47604990929784,-44.3691826403451,0.2));
#8472=CARTESIAN_POINT('Ctrl Pts',(7.48868747741692,-44.2251341359652,0.2));
#8473=CARTESIAN_POINT('Ctrl Pts',(7.49317850917578,-44.173943400383,0.2));
#8474=CARTESIAN_POINT('Origin',(7.47748967260122,-44.9345162510872,0.));
#8475=CARTESIAN_POINT('',(7.47748967260122,-44.9345162510872,0.));
#8476=CARTESIAN_POINT('',(7.47748967260122,-26.7292581255436,0.));
#8477=CARTESIAN_POINT('',(7.47748967260122,-44.9345162510872,0.2));
#8478=CARTESIAN_POINT('',(7.47748967260122,-44.9345162510872,0.));
#8479=CARTESIAN_POINT('',(7.47748967260122,-44.9345162510872,0.2));
#8480=CARTESIAN_POINT('Ctrl Pts',(7.46521141380072,-45.1609829068184,0.));
#8481=CARTESIAN_POINT('Ctrl Pts',(7.46521141380072,-45.1609829068184,0.2));
#8482=CARTESIAN_POINT('Ctrl Pts',(7.46875193828638,-45.1316811698713,0.));
#8483=CARTESIAN_POINT('Ctrl Pts',(7.46875193828638,-45.1316811698713,0.2));
#8484=CARTESIAN_POINT('Ctrl Pts',(7.47783507851269,-45.0565081872687,0.));
#8485=CARTESIAN_POINT('Ctrl Pts',(7.47783507851269,-45.0565081872687,0.2));
#8486=CARTESIAN_POINT('Ctrl Pts',(7.47762056855259,-44.9807466426813,0.));
#8487=CARTESIAN_POINT('Ctrl Pts',(7.47762056855259,-44.9807466426813,0.2));
#8488=CARTESIAN_POINT('Ctrl Pts',(7.47748967260122,-44.9345162510872,0.));
#8489=CARTESIAN_POINT('Ctrl Pts',(7.47748967260122,-44.9345162510872,0.2));
#8490=CARTESIAN_POINT('',(7.46521141380072,-45.1609829068184,0.));
#8491=CARTESIAN_POINT('Ctrl Pts',(7.46521141380072,-45.1609829068184,0.));
#8492=CARTESIAN_POINT('Ctrl Pts',(7.46875193828638,-45.1316811698713,0.));
#8493=CARTESIAN_POINT('Ctrl Pts',(7.47783507851269,-45.0565081872687,0.));
#8494=CARTESIAN_POINT('Ctrl Pts',(7.47762056855259,-44.9807466426813,0.));
#8495=CARTESIAN_POINT('Ctrl Pts',(7.47748967260122,-44.9345162510872,0.));
#8496=CARTESIAN_POINT('',(7.46521141380072,-45.1609829068184,0.2));
#8497=CARTESIAN_POINT('',(7.46521141380072,-45.1609829068184,0.));
#8498=CARTESIAN_POINT('Ctrl Pts',(7.46521141380072,-45.1609829068184,0.2));
#8499=CARTESIAN_POINT('Ctrl Pts',(7.46875193828638,-45.1316811698713,0.2));
#8500=CARTESIAN_POINT('Ctrl Pts',(7.47783507851269,-45.0565081872687,0.2));
#8501=CARTESIAN_POINT('Ctrl Pts',(7.47762056855259,-44.9807466426813,0.2));
#8502=CARTESIAN_POINT('Ctrl Pts',(7.47748967260122,-44.9345162510872,0.2));
#8503=CARTESIAN_POINT('Ctrl Pts',(7.38881316035986,-45.3281043469906,0.));
#8504=CARTESIAN_POINT('Ctrl Pts',(7.38881316035986,-45.3281043469906,0.2));
#8505=CARTESIAN_POINT('Ctrl Pts',(7.40579253857539,-45.3038544195058,0.));
#8506=CARTESIAN_POINT('Ctrl Pts',(7.40579253857539,-45.3038544195058,0.2));
#8507=CARTESIAN_POINT('Ctrl Pts',(7.44147653821251,-45.2528905742706,0.));
#8508=CARTESIAN_POINT('Ctrl Pts',(7.44147653821251,-45.2528905742706,0.2));
#8509=CARTESIAN_POINT('Ctrl Pts',(7.45704882659545,-45.1925905867333,0.));
#8510=CARTESIAN_POINT('Ctrl Pts',(7.45704882659545,-45.1925905867333,0.2));
#8511=CARTESIAN_POINT('Ctrl Pts',(7.46521141380072,-45.1609829068184,0.));
#8512=CARTESIAN_POINT('Ctrl Pts',(7.46521141380072,-45.1609829068184,0.2));
#8513=CARTESIAN_POINT('',(7.38881316035986,-45.3281043469906,0.));
#8514=CARTESIAN_POINT('Ctrl Pts',(7.38881316035986,-45.3281043469906,0.));
#8515=CARTESIAN_POINT('Ctrl Pts',(7.40579253857539,-45.3038544195058,0.));
#8516=CARTESIAN_POINT('Ctrl Pts',(7.44147653821251,-45.2528905742706,0.));
#8517=CARTESIAN_POINT('Ctrl Pts',(7.45704882659545,-45.1925905867333,0.));
#8518=CARTESIAN_POINT('Ctrl Pts',(7.46521141380072,-45.1609829068184,0.));
#8519=CARTESIAN_POINT('',(7.38881316035986,-45.3281043469906,0.2));
#8520=CARTESIAN_POINT('',(7.38881316035986,-45.3281043469906,0.));
#8521=CARTESIAN_POINT('Ctrl Pts',(7.38881316035986,-45.3281043469906,0.2));
#8522=CARTESIAN_POINT('Ctrl Pts',(7.40579253857539,-45.3038544195058,0.2));
#8523=CARTESIAN_POINT('Ctrl Pts',(7.44147653821251,-45.2528905742706,0.2));
#8524=CARTESIAN_POINT('Ctrl Pts',(7.45704882659545,-45.1925905867333,0.2));
#8525=CARTESIAN_POINT('Ctrl Pts',(7.46521141380072,-45.1609829068184,0.2));
#8526=CARTESIAN_POINT('Ctrl Pts',(7.218280993402,-45.4379269480705,0.));
#8527=CARTESIAN_POINT('Ctrl Pts',(7.218280993402,-45.4379269480705,0.2));
#8528=CARTESIAN_POINT('Ctrl Pts',(7.2532721220765,-45.4236950203115,0.));
#8529=CARTESIAN_POINT('Ctrl Pts',(7.2532721220765,-45.4236950203115,0.2));
#8530=CARTESIAN_POINT('Ctrl Pts',(7.31714817199452,-45.3977147400976,0.));
#8531=CARTESIAN_POINT('Ctrl Pts',(7.31714817199452,-45.3977147400976,0.2));
#8532=CARTESIAN_POINT('Ctrl Pts',(7.36649733594653,-45.3497803891606,0.));
#8533=CARTESIAN_POINT('Ctrl Pts',(7.36649733594653,-45.3497803891606,0.2));
#8534=CARTESIAN_POINT('Ctrl Pts',(7.38881316035986,-45.3281043469906,0.));
#8535=CARTESIAN_POINT('Ctrl Pts',(7.38881316035986,-45.3281043469906,0.2));
#8536=CARTESIAN_POINT('',(7.218280993402,-45.4379269480705,0.));
#8537=CARTESIAN_POINT('Ctrl Pts',(7.218280993402,-45.4379269480705,0.));
#8538=CARTESIAN_POINT('Ctrl Pts',(7.2532721220765,-45.4236950203115,0.));
#8539=CARTESIAN_POINT('Ctrl Pts',(7.31714817199452,-45.3977147400976,0.));
#8540=CARTESIAN_POINT('Ctrl Pts',(7.36649733594653,-45.3497803891606,0.));
#8541=CARTESIAN_POINT('Ctrl Pts',(7.38881316035986,-45.3281043469906,0.));
#8542=CARTESIAN_POINT('',(7.218280993402,-45.4379269480705,0.2));
#8543=CARTESIAN_POINT('',(7.218280993402,-45.4379269480705,0.));
#8544=CARTESIAN_POINT('Ctrl Pts',(7.218280993402,-45.4379269480705,0.2));
#8545=CARTESIAN_POINT('Ctrl Pts',(7.2532721220765,-45.4236950203115,0.2));
#8546=CARTESIAN_POINT('Ctrl Pts',(7.31714817199452,-45.3977147400976,0.2));
#8547=CARTESIAN_POINT('Ctrl Pts',(7.36649733594653,-45.3497803891606,0.2));
#8548=CARTESIAN_POINT('Ctrl Pts',(7.38881316035986,-45.3281043469906,0.2));
#8549=CARTESIAN_POINT('Ctrl Pts',(6.91678013652563,-45.4815831780434,0.));
#8550=CARTESIAN_POINT('Ctrl Pts',(6.91678013652563,-45.4815831780434,0.2));
#8551=CARTESIAN_POINT('Ctrl Pts',(6.97324217908244,-45.4806324008578,0.));
#8552=CARTESIAN_POINT('Ctrl Pts',(6.97324217908244,-45.4806324008578,0.2));
#8553=CARTESIAN_POINT('Ctrl Pts',(7.07571761208399,-45.4789067937179,0.));
#8554=CARTESIAN_POINT('Ctrl Pts',(7.07571761208399,-45.4789067937179,0.2));
#8555=CARTESIAN_POINT('Ctrl Pts',(7.17410376594838,-45.450625692625,0.));
#8556=CARTESIAN_POINT('Ctrl Pts',(7.17410376594838,-45.450625692625,0.2));
#8557=CARTESIAN_POINT('Ctrl Pts',(7.218280993402,-45.4379269480705,0.));
#8558=CARTESIAN_POINT('Ctrl Pts',(7.218280993402,-45.4379269480705,0.2));
#8559=CARTESIAN_POINT('',(6.91678013652563,-45.4815831780434,0.));
#8560=CARTESIAN_POINT('Ctrl Pts',(6.91678013652563,-45.4815831780434,0.));
#8561=CARTESIAN_POINT('Ctrl Pts',(6.97324217908244,-45.4806324008578,0.));
#8562=CARTESIAN_POINT('Ctrl Pts',(7.07571761208399,-45.4789067937179,0.));
#8563=CARTESIAN_POINT('Ctrl Pts',(7.17410376594838,-45.450625692625,0.));
#8564=CARTESIAN_POINT('Ctrl Pts',(7.218280993402,-45.4379269480705,0.));
#8565=CARTESIAN_POINT('',(6.91678013652563,-45.4815831780434,0.2));
#8566=CARTESIAN_POINT('',(6.91678013652563,-45.4815831780434,0.));
#8567=CARTESIAN_POINT('Ctrl Pts',(6.91678013652563,-45.4815831780434,0.2));
#8568=CARTESIAN_POINT('Ctrl Pts',(6.97324217908244,-45.4806324008578,0.2));
#8569=CARTESIAN_POINT('Ctrl Pts',(7.07571761208399,-45.4789067937179,0.2));
#8570=CARTESIAN_POINT('Ctrl Pts',(7.17410376594838,-45.450625692625,0.2));
#8571=CARTESIAN_POINT('Ctrl Pts',(7.218280993402,-45.4379269480705,0.2));
#8572=CARTESIAN_POINT('Ctrl Pts',(6.58799435943365,-45.4304234683514,0.));
#8573=CARTESIAN_POINT('Ctrl Pts',(6.58799435943365,-45.4304234683514,0.2));
#8574=CARTESIAN_POINT('Ctrl Pts',(6.63870028264631,-45.4453329737583,0.));
#8575=CARTESIAN_POINT('Ctrl Pts',(6.63870028264631,-45.4453329737583,0.2));
#8576=CARTESIAN_POINT('Ctrl Pts',(6.74597085139002,-45.4768746758584,0.));
#8577=CARTESIAN_POINT('Ctrl Pts',(6.74597085139002,-45.4768746758584,0.2));
#8578=CARTESIAN_POINT('Ctrl Pts',(6.85780767013691,-45.479957552208,0.));
#8579=CARTESIAN_POINT('Ctrl Pts',(6.85780767013691,-45.479957552208,0.2));
#8580=CARTESIAN_POINT('Ctrl Pts',(6.91678013652563,-45.4815831780434,0.));
#8581=CARTESIAN_POINT('Ctrl Pts',(6.91678013652563,-45.4815831780434,0.2));
#8582=CARTESIAN_POINT('',(6.58799435943365,-45.4304234683514,0.));
#8583=CARTESIAN_POINT('Ctrl Pts',(6.58799435943365,-45.4304234683514,0.));
#8584=CARTESIAN_POINT('Ctrl Pts',(6.63870028264631,-45.4453329737583,0.));
#8585=CARTESIAN_POINT('Ctrl Pts',(6.74597085139002,-45.4768746758584,0.));
#8586=CARTESIAN_POINT('Ctrl Pts',(6.85780767013691,-45.479957552208,0.));
#8587=CARTESIAN_POINT('Ctrl Pts',(6.91678013652563,-45.4815831780434,0.));
#8588=CARTESIAN_POINT('',(6.58799435943365,-45.4304234683514,0.2));
#8589=CARTESIAN_POINT('',(6.58799435943365,-45.4304234683514,0.));
#8590=CARTESIAN_POINT('Ctrl Pts',(6.58799435943365,-45.4304234683514,0.2));
#8591=CARTESIAN_POINT('Ctrl Pts',(6.63870028264631,-45.4453329737583,0.2));
#8592=CARTESIAN_POINT('Ctrl Pts',(6.74597085139002,-45.4768746758584,0.2));
#8593=CARTESIAN_POINT('Ctrl Pts',(6.85780767013691,-45.479957552208,0.2));
#8594=CARTESIAN_POINT('Ctrl Pts',(6.91678013652563,-45.4815831780434,0.2));
#8595=CARTESIAN_POINT('Ctrl Pts',(6.37107755988836,-45.2844481170177,0.));
#8596=CARTESIAN_POINT('Ctrl Pts',(6.37107755988836,-45.2844481170177,0.2));
#8597=CARTESIAN_POINT('Ctrl Pts',(6.40011880115516,-45.3146649508819,0.));
#8598=CARTESIAN_POINT('Ctrl Pts',(6.40011880115516,-45.3146649508819,0.2));
#8599=CARTESIAN_POINT('Ctrl Pts',(6.46179642885371,-45.3788392956414,0.));
#8600=CARTESIAN_POINT('Ctrl Pts',(6.46179642885371,-45.3788392956414,0.2));
#8601=CARTESIAN_POINT('Ctrl Pts',(6.54432487439186,-45.4125733003795,0.));
#8602=CARTESIAN_POINT('Ctrl Pts',(6.54432487439186,-45.4125733003795,0.2));
#8603=CARTESIAN_POINT('Ctrl Pts',(6.58799435943365,-45.4304234683514,0.));
#8604=CARTESIAN_POINT('Ctrl Pts',(6.58799435943365,-45.4304234683514,0.2));
#8605=CARTESIAN_POINT('',(6.37107755988836,-45.2844481170177,0.));
#8606=CARTESIAN_POINT('Ctrl Pts',(6.37107755988836,-45.2844481170177,0.));
#8607=CARTESIAN_POINT('Ctrl Pts',(6.40011880115516,-45.3146649508819,0.));
#8608=CARTESIAN_POINT('Ctrl Pts',(6.46179642885371,-45.3788392956414,0.));
#8609=CARTESIAN_POINT('Ctrl Pts',(6.54432487439186,-45.4125733003795,0.));
#8610=CARTESIAN_POINT('Ctrl Pts',(6.58799435943365,-45.4304234683514,0.));
#8611=CARTESIAN_POINT('',(6.37107755988836,-45.2844481170177,0.2));
#8612=CARTESIAN_POINT('',(6.37107755988836,-45.2844481170177,0.));
#8613=CARTESIAN_POINT('Ctrl Pts',(6.37107755988836,-45.2844481170177,0.2));
#8614=CARTESIAN_POINT('Ctrl Pts',(6.40011880115516,-45.3146649508819,0.2));
#8615=CARTESIAN_POINT('Ctrl Pts',(6.46179642885371,-45.3788392956414,0.2));
#8616=CARTESIAN_POINT('Ctrl Pts',(6.54432487439186,-45.4125733003795,0.2));
#8617=CARTESIAN_POINT('Ctrl Pts',(6.58799435943365,-45.4304234683514,0.2));
#8618=CARTESIAN_POINT('Ctrl Pts',(6.26330133527517,-45.0354713201523,0.));
#8619=CARTESIAN_POINT('Ctrl Pts',(6.26330133527517,-45.0354713201523,0.2));
#8620=CARTESIAN_POINT('Ctrl Pts',(6.27501278843112,-45.0831190305015,0.));
#8621=CARTESIAN_POINT('Ctrl Pts',(6.27501278843112,-45.0831190305015,0.2));
#8622=CARTESIAN_POINT('Ctrl Pts',(6.29693412660105,-45.1723053643988,0.));
#8623=CARTESIAN_POINT('Ctrl Pts',(6.29693412660105,-45.1723053643988,0.2));
#8624=CARTESIAN_POINT('Ctrl Pts',(6.34751804819244,-45.2488140982679,0.));
#8625=CARTESIAN_POINT('Ctrl Pts',(6.34751804819244,-45.2488140982679,0.2));
#8626=CARTESIAN_POINT('Ctrl Pts',(6.37107755988836,-45.2844481170177,0.));
#8627=CARTESIAN_POINT('Ctrl Pts',(6.37107755988836,-45.2844481170177,0.2));
#8628=CARTESIAN_POINT('',(6.26330133527517,-45.0354713201523,0.));
#8629=CARTESIAN_POINT('Ctrl Pts',(6.26330133527517,-45.0354713201523,0.));
#8630=CARTESIAN_POINT('Ctrl Pts',(6.27501278843112,-45.0831190305015,0.));
#8631=CARTESIAN_POINT('Ctrl Pts',(6.29693412660105,-45.1723053643988,0.));
#8632=CARTESIAN_POINT('Ctrl Pts',(6.34751804819244,-45.2488140982679,0.));
#8633=CARTESIAN_POINT('Ctrl Pts',(6.37107755988836,-45.2844481170177,0.));
#8634=CARTESIAN_POINT('',(6.26330133527517,-45.0354713201523,0.2));
#8635=CARTESIAN_POINT('',(6.26330133527517,-45.0354713201523,0.));
#8636=CARTESIAN_POINT('Ctrl Pts',(6.26330133527517,-45.0354713201523,0.2));
#8637=CARTESIAN_POINT('Ctrl Pts',(6.27501278843112,-45.0831190305015,0.2));
#8638=CARTESIAN_POINT('Ctrl Pts',(6.29693412660105,-45.1723053643988,0.2));
#8639=CARTESIAN_POINT('Ctrl Pts',(6.34751804819244,-45.2488140982679,0.2));
#8640=CARTESIAN_POINT('Ctrl Pts',(6.37107755988836,-45.2844481170177,0.2));
#8641=CARTESIAN_POINT('Origin',(6.50341060012579,-45.0027291476727,0.));
#8642=CARTESIAN_POINT('',(6.50341060012579,-45.0027291476727,0.));
#8643=CARTESIAN_POINT('',(15.3420367596446,-43.7974619441019,0.));
#8644=CARTESIAN_POINT('',(6.50341060012579,-45.0027291476727,0.2));
#8645=CARTESIAN_POINT('',(6.50341060012579,-45.0027291476727,0.));
#8646=CARTESIAN_POINT('',(6.50341060012579,-45.0027291476727,0.2));
#8647=CARTESIAN_POINT('Ctrl Pts',(6.62551160901785,-45.2175995707512,0.));
#8648=CARTESIAN_POINT('Ctrl Pts',(6.62551160901785,-45.2175995707512,0.2));
#8649=CARTESIAN_POINT('Ctrl Pts',(6.59922039806965,-45.1909803454287,0.));
#8650=CARTESIAN_POINT('Ctrl Pts',(6.59922039806965,-45.1909803454287,0.2));
#8651=CARTESIAN_POINT('Ctrl Pts',(6.53960278285971,-45.1306189289998,0.));
#8652=CARTESIAN_POINT('Ctrl Pts',(6.53960278285971,-45.1306189289998,0.2));
#8653=CARTESIAN_POINT('Ctrl Pts',(6.51638782361753,-45.0485858534368,0.));
#8654=CARTESIAN_POINT('Ctrl Pts',(6.51638782361753,-45.0485858534368,0.2));
#8655=CARTESIAN_POINT('Ctrl Pts',(6.50341060012579,-45.0027291476727,0.));
#8656=CARTESIAN_POINT('Ctrl Pts',(6.50341060012579,-45.0027291476727,0.2));
#8657=CARTESIAN_POINT('',(6.62551160901785,-45.2175995707512,0.));
#8658=CARTESIAN_POINT('Ctrl Pts',(6.62551160901785,-45.2175995707512,0.));
#8659=CARTESIAN_POINT('Ctrl Pts',(6.59922039806965,-45.1909803454287,0.));
#8660=CARTESIAN_POINT('Ctrl Pts',(6.53960278285971,-45.1306189289998,0.));
#8661=CARTESIAN_POINT('Ctrl Pts',(6.51638782361753,-45.0485858534368,0.));
#8662=CARTESIAN_POINT('Ctrl Pts',(6.50341060012579,-45.0027291476727,0.));
#8663=CARTESIAN_POINT('',(6.62551160901785,-45.2175995707512,0.2));
#8664=CARTESIAN_POINT('',(6.62551160901785,-45.2175995707512,0.));
#8665=CARTESIAN_POINT('Ctrl Pts',(6.62551160901785,-45.2175995707512,0.2));
#8666=CARTESIAN_POINT('Ctrl Pts',(6.59922039806965,-45.1909803454287,0.2));
#8667=CARTESIAN_POINT('Ctrl Pts',(6.53960278285971,-45.1306189289998,0.2));
#8668=CARTESIAN_POINT('Ctrl Pts',(6.51638782361753,-45.0485858534368,0.2));
#8669=CARTESIAN_POINT('Ctrl Pts',(6.50341060012579,-45.0027291476727,0.2));
#8670=CARTESIAN_POINT('Ctrl Pts',(6.8813094124198,-45.2783089876175,0.));
#8671=CARTESIAN_POINT('Ctrl Pts',(6.8813094124198,-45.2783089876175,0.2));
#8672=CARTESIAN_POINT('Ctrl Pts',(6.83000822866757,-45.2775103412097,0.));
#8673=CARTESIAN_POINT('Ctrl Pts',(6.83000822866757,-45.2775103412097,0.2));
#8674=CARTESIAN_POINT('Ctrl Pts',(6.73984450536266,-45.2761066906802,0.));
#8675=CARTESIAN_POINT('Ctrl Pts',(6.73984450536266,-45.2761066906802,0.2));
#8676=CARTESIAN_POINT('Ctrl Pts',(6.65994852602967,-45.2352218378153,0.));
#8677=CARTESIAN_POINT('Ctrl Pts',(6.65994852602967,-45.2352218378153,0.2));
#8678=CARTESIAN_POINT('Ctrl Pts',(6.62551160901785,-45.2175995707512,0.));
#8679=CARTESIAN_POINT('Ctrl Pts',(6.62551160901785,-45.2175995707512,0.2));
#8680=CARTESIAN_POINT('',(6.8813094124198,-45.2783089876175,0.));
#8681=CARTESIAN_POINT('Ctrl Pts',(6.8813094124198,-45.2783089876175,0.));
#8682=CARTESIAN_POINT('Ctrl Pts',(6.83000822866757,-45.2775103412097,0.));
#8683=CARTESIAN_POINT('Ctrl Pts',(6.73984450536266,-45.2761066906802,0.));
#8684=CARTESIAN_POINT('Ctrl Pts',(6.65994852602967,-45.2352218378153,0.));
#8685=CARTESIAN_POINT('Ctrl Pts',(6.62551160901785,-45.2175995707512,0.));
#8686=CARTESIAN_POINT('',(6.8813094124198,-45.2783089876175,0.2));
#8687=CARTESIAN_POINT('',(6.8813094124198,-45.2783089876175,0.));
#8688=CARTESIAN_POINT('Ctrl Pts',(6.8813094124198,-45.2783089876175,0.2));
#8689=CARTESIAN_POINT('Ctrl Pts',(6.83000822866757,-45.2775103412097,0.2));
#8690=CARTESIAN_POINT('Ctrl Pts',(6.73984450536266,-45.2761066906802,0.2));
#8691=CARTESIAN_POINT('Ctrl Pts',(6.65994852602967,-45.2352218378153,0.2));
#8692=CARTESIAN_POINT('Ctrl Pts',(6.62551160901785,-45.2175995707512,0.2));
#8693=CARTESIAN_POINT('Ctrl Pts',(7.16098215430975,-45.1950892806053,0.));
#8694=CARTESIAN_POINT('Ctrl Pts',(7.16098215430975,-45.1950892806053,0.2));
#8695=CARTESIAN_POINT('Ctrl Pts',(7.12307034364417,-45.2192912966006,0.));
#8696=CARTESIAN_POINT('Ctrl Pts',(7.12307034364417,-45.2192912966006,0.2));
#8697=CARTESIAN_POINT('Ctrl Pts',(7.03826317160917,-45.2734302179044,0.));
#8698=CARTESIAN_POINT('Ctrl Pts',(7.03826317160917,-45.2734302179044,0.2));
#8699=CARTESIAN_POINT('Ctrl Pts',(6.93719598548118,-45.2765718025929,0.));
#8700=CARTESIAN_POINT('Ctrl Pts',(6.93719598548118,-45.2765718025929,0.2));
#8701=CARTESIAN_POINT('Ctrl Pts',(6.8813094124198,-45.2783089876175,0.));
#8702=CARTESIAN_POINT('Ctrl Pts',(6.8813094124198,-45.2783089876175,0.2));
#8703=CARTESIAN_POINT('',(7.16098215430975,-45.1950892806053,0.));
#8704=CARTESIAN_POINT('Ctrl Pts',(7.16098215430975,-45.1950892806053,0.));
#8705=CARTESIAN_POINT('Ctrl Pts',(7.12307034364417,-45.2192912966006,0.));
#8706=CARTESIAN_POINT('Ctrl Pts',(7.03826317160917,-45.2734302179044,0.));
#8707=CARTESIAN_POINT('Ctrl Pts',(6.93719598548118,-45.2765718025929,0.));
#8708=CARTESIAN_POINT('Ctrl Pts',(6.8813094124198,-45.2783089876175,0.));
#8709=CARTESIAN_POINT('',(7.16098215430975,-45.1950892806053,0.2));
#8710=CARTESIAN_POINT('',(7.16098215430975,-45.1950892806053,0.));
#8711=CARTESIAN_POINT('Ctrl Pts',(7.16098215430975,-45.1950892806053,0.2));
#8712=CARTESIAN_POINT('Ctrl Pts',(7.12307034364417,-45.2192912966006,0.2));
#8713=CARTESIAN_POINT('Ctrl Pts',(7.03826317160917,-45.2734302179044,0.2));
#8714=CARTESIAN_POINT('Ctrl Pts',(6.93719598548118,-45.2765718025929,0.2));
#8715=CARTESIAN_POINT('Ctrl Pts',(6.8813094124198,-45.2783089876175,0.2));
#8716=CARTESIAN_POINT('Ctrl Pts',(7.23055925220251,-44.9836295843124,0.));
#8717=CARTESIAN_POINT('Ctrl Pts',(7.23055925220251,-44.9836295843124,0.2));
#8718=CARTESIAN_POINT('Ctrl Pts',(7.2295794909624,-45.0280034586735,0.));
#8719=CARTESIAN_POINT('Ctrl Pts',(7.2295794909624,-45.0280034586735,0.2));
#8720=CARTESIAN_POINT('Ctrl Pts',(7.22785193876207,-45.1062451579274,0.));
#8721=CARTESIAN_POINT('Ctrl Pts',(7.22785193876207,-45.1062451579274,0.2));
#8722=CARTESIAN_POINT('Ctrl Pts',(7.18118324041453,-45.1682498375472,0.));
#8723=CARTESIAN_POINT('Ctrl Pts',(7.18118324041453,-45.1682498375472,0.2));
#8724=CARTESIAN_POINT('Ctrl Pts',(7.16098215430975,-45.1950892806053,0.));
#8725=CARTESIAN_POINT('Ctrl Pts',(7.16098215430975,-45.1950892806053,0.2));
#8726=CARTESIAN_POINT('',(7.23055925220251,-44.9836295843124,0.));
#8727=CARTESIAN_POINT('Ctrl Pts',(7.23055925220251,-44.9836295843124,0.));
#8728=CARTESIAN_POINT('Ctrl Pts',(7.2295794909624,-45.0280034586735,0.));
#8729=CARTESIAN_POINT('Ctrl Pts',(7.22785193876207,-45.1062451579274,0.));
#8730=CARTESIAN_POINT('Ctrl Pts',(7.18118324041453,-45.1682498375472,0.));
#8731=CARTESIAN_POINT('Ctrl Pts',(7.16098215430975,-45.1950892806053,0.));
#8732=CARTESIAN_POINT('',(7.23055925220251,-44.9836295843124,0.2));
#8733=CARTESIAN_POINT('',(7.23055925220251,-44.9836295843124,0.));
#8734=CARTESIAN_POINT('Ctrl Pts',(7.23055925220251,-44.9836295843124,0.2));
#8735=CARTESIAN_POINT('Ctrl Pts',(7.2295794909624,-45.0280034586735,0.2));
#8736=CARTESIAN_POINT('Ctrl Pts',(7.22785193876207,-45.1062451579274,0.2));
#8737=CARTESIAN_POINT('Ctrl Pts',(7.18118324041453,-45.1682498375472,0.2));
#8738=CARTESIAN_POINT('Ctrl Pts',(7.16098215430975,-45.1950892806053,0.2));
#8739=CARTESIAN_POINT('Ctrl Pts',(7.2291949018836,-44.9195095896721,0.));
#8740=CARTESIAN_POINT('Ctrl Pts',(7.2291949018836,-44.9195095896721,0.2));
#8741=CARTESIAN_POINT('Ctrl Pts',(7.2295797614464,-44.933264976707,0.));
#8742=CARTESIAN_POINT('Ctrl Pts',(7.2295797614464,-44.933264976707,0.2));
#8743=CARTESIAN_POINT('Ctrl Pts',(7.23017768261228,-44.9546354657064,0.));
#8744=CARTESIAN_POINT('Ctrl Pts',(7.23017768261228,-44.9546354657064,0.2));
#8745=CARTESIAN_POINT('Ctrl Pts',(7.23045900614095,-44.9760122419636,0.));
#8746=CARTESIAN_POINT('Ctrl Pts',(7.23045900614095,-44.9760122419636,0.2));
#8747=CARTESIAN_POINT('Ctrl Pts',(7.23055925220251,-44.9836295843124,0.));
#8748=CARTESIAN_POINT('Ctrl Pts',(7.23055925220251,-44.9836295843124,0.2));
#8749=CARTESIAN_POINT('',(7.2291949018836,-44.9195095896721,0.));
#8750=CARTESIAN_POINT('Ctrl Pts',(7.2291949018836,-44.9195095896721,0.));
#8751=CARTESIAN_POINT('Ctrl Pts',(7.2295797614464,-44.933264976707,0.));
#8752=CARTESIAN_POINT('Ctrl Pts',(7.23017768261228,-44.9546354657064,0.));
#8753=CARTESIAN_POINT('Ctrl Pts',(7.23045900614095,-44.9760122419636,0.));
#8754=CARTESIAN_POINT('Ctrl Pts',(7.23055925220251,-44.9836295843124,0.));
#8755=CARTESIAN_POINT('',(7.2291949018836,-44.9195095896721,0.2));
#8756=CARTESIAN_POINT('',(7.2291949018836,-44.9195095896721,0.));
#8757=CARTESIAN_POINT('Ctrl Pts',(7.2291949018836,-44.9195095896721,0.2));
#8758=CARTESIAN_POINT('Ctrl Pts',(7.2295797614464,-44.933264976707,0.2));
#8759=CARTESIAN_POINT('Ctrl Pts',(7.23017768261228,-44.9546354657064,0.2));
#8760=CARTESIAN_POINT('Ctrl Pts',(7.23045900614095,-44.9760122419636,0.2));
#8761=CARTESIAN_POINT('Ctrl Pts',(7.23055925220251,-44.9836295843124,0.2));
#8762=CARTESIAN_POINT('Ctrl Pts',(6.79126854985952,-44.834925532341,0.));
#8763=CARTESIAN_POINT('Ctrl Pts',(6.79126854985952,-44.834925532341,0.2));
#8764=CARTESIAN_POINT('Ctrl Pts',(6.87783136201733,-44.845404889485,0.));
#8765=CARTESIAN_POINT('Ctrl Pts',(6.87783136201733,-44.845404889485,0.2));
#8766=CARTESIAN_POINT('Ctrl Pts',(7.02588078609305,-44.8633278606914,0.));
#8767=CARTESIAN_POINT('Ctrl Pts',(7.02588078609305,-44.8633278606914,0.2));
#8768=CARTESIAN_POINT('Ctrl Pts',(7.16953406084609,-44.9030235272612,0.));
#8769=CARTESIAN_POINT('Ctrl Pts',(7.16953406084609,-44.9030235272612,0.2));
#8770=CARTESIAN_POINT('Ctrl Pts',(7.2291949018836,-44.9195095896721,0.));
#8771=CARTESIAN_POINT('Ctrl Pts',(7.2291949018836,-44.9195095896721,0.2));
#8772=CARTESIAN_POINT('',(6.79126854985952,-44.834925532341,0.));
#8773=CARTESIAN_POINT('Ctrl Pts',(6.79126854985952,-44.834925532341,0.));
#8774=CARTESIAN_POINT('Ctrl Pts',(6.87783136201733,-44.845404889485,0.));
#8775=CARTESIAN_POINT('Ctrl Pts',(7.02588078609305,-44.8633278606914,0.));
#8776=CARTESIAN_POINT('Ctrl Pts',(7.16953406084609,-44.9030235272612,0.));
#8777=CARTESIAN_POINT('Ctrl Pts',(7.2291949018836,-44.9195095896721,0.));
#8778=CARTESIAN_POINT('',(6.79126854985952,-44.834925532341,0.2));
#8779=CARTESIAN_POINT('',(6.79126854985952,-44.834925532341,0.));
#8780=CARTESIAN_POINT('Ctrl Pts',(6.79126854985952,-44.834925532341,0.2));
#8781=CARTESIAN_POINT('Ctrl Pts',(6.87783136201733,-44.845404889485,0.2));
#8782=CARTESIAN_POINT('Ctrl Pts',(7.02588078609305,-44.8633278606914,0.2));
#8783=CARTESIAN_POINT('Ctrl Pts',(7.16953406084609,-44.9030235272612,0.2));
#8784=CARTESIAN_POINT('Ctrl Pts',(7.2291949018836,-44.9195095896721,0.2));
#8785=CARTESIAN_POINT('Ctrl Pts',(6.57298769801855,-44.7980907559395,0.));
#8786=CARTESIAN_POINT('Ctrl Pts',(6.57298769801855,-44.7980907559395,0.2));
#8787=CARTESIAN_POINT('Ctrl Pts',(6.60315881449976,-44.8047451449187,0.));
#8788=CARTESIAN_POINT('Ctrl Pts',(6.60315881449976,-44.8047451449187,0.2));
#8789=CARTESIAN_POINT('Ctrl Pts',(6.67528725693247,-44.8206534296753,0.));
#8790=CARTESIAN_POINT('Ctrl Pts',(6.67528725693247,-44.8206534296753,0.2));
#8791=CARTESIAN_POINT('Ctrl Pts',(6.74861410679851,-44.8296766807792,0.));
#8792=CARTESIAN_POINT('Ctrl Pts',(6.74861410679851,-44.8296766807792,0.2));
#8793=CARTESIAN_POINT('Ctrl Pts',(6.79126854985952,-44.834925532341,0.));
#8794=CARTESIAN_POINT('Ctrl Pts',(6.79126854985952,-44.834925532341,0.2));
#8795=CARTESIAN_POINT('',(6.57298769801855,-44.7980907559395,0.));
#8796=CARTESIAN_POINT('Ctrl Pts',(6.57298769801855,-44.7980907559395,0.));
#8797=CARTESIAN_POINT('Ctrl Pts',(6.60315881449976,-44.8047451449187,0.));
#8798=CARTESIAN_POINT('Ctrl Pts',(6.67528725693247,-44.8206534296753,0.));
#8799=CARTESIAN_POINT('Ctrl Pts',(6.74861410679851,-44.8296766807792,0.));
#8800=CARTESIAN_POINT('Ctrl Pts',(6.79126854985952,-44.834925532341,0.));
#8801=CARTESIAN_POINT('',(6.57298769801855,-44.7980907559395,0.2));
#8802=CARTESIAN_POINT('',(6.57298769801855,-44.7980907559395,0.));
#8803=CARTESIAN_POINT('Ctrl Pts',(6.57298769801855,-44.7980907559395,0.2));
#8804=CARTESIAN_POINT('Ctrl Pts',(6.60315881449976,-44.8047451449187,0.2));
#8805=CARTESIAN_POINT('Ctrl Pts',(6.67528725693247,-44.8206534296753,0.2));
#8806=CARTESIAN_POINT('Ctrl Pts',(6.74861410679851,-44.8296766807792,0.2));
#8807=CARTESIAN_POINT('Ctrl Pts',(6.79126854985952,-44.834925532341,0.2));
#8808=CARTESIAN_POINT('Ctrl Pts',(6.39631655067205,-44.7175994515419,0.));
#8809=CARTESIAN_POINT('Ctrl Pts',(6.39631655067205,-44.7175994515419,0.2));
#8810=CARTESIAN_POINT('Ctrl Pts',(6.42358225736657,-44.7343353814642,0.));
#8811=CARTESIAN_POINT('Ctrl Pts',(6.42358225736657,-44.7343353814642,0.2));
#8812=CARTESIAN_POINT('Ctrl Pts',(6.4791450258999,-44.7684402961426,0.));
#8813=CARTESIAN_POINT('Ctrl Pts',(6.4791450258999,-44.7684402961426,0.2));
#8814=CARTESIAN_POINT('Ctrl Pts',(6.54132209740528,-44.7880857166889,0.));
#8815=CARTESIAN_POINT('Ctrl Pts',(6.54132209740528,-44.7880857166889,0.2));
#8816=CARTESIAN_POINT('Ctrl Pts',(6.57298769801855,-44.7980907559395,0.));
#8817=CARTESIAN_POINT('Ctrl Pts',(6.57298769801855,-44.7980907559395,0.2));
#8818=CARTESIAN_POINT('',(6.39631655067205,-44.7175994515419,0.));
#8819=CARTESIAN_POINT('Ctrl Pts',(6.39631655067205,-44.7175994515419,0.));
#8820=CARTESIAN_POINT('Ctrl Pts',(6.42358225736657,-44.7343353814642,0.));
#8821=CARTESIAN_POINT('Ctrl Pts',(6.4791450258999,-44.7684402961426,0.));
#8822=CARTESIAN_POINT('Ctrl Pts',(6.54132209740528,-44.7880857166889,0.));
#8823=CARTESIAN_POINT('Ctrl Pts',(6.57298769801855,-44.7980907559395,0.));
#8824=CARTESIAN_POINT('',(6.39631655067205,-44.7175994515419,0.2));
#8825=CARTESIAN_POINT('',(6.39631655067205,-44.7175994515419,0.));
#8826=CARTESIAN_POINT('Ctrl Pts',(6.39631655067205,-44.7175994515419,0.2));
#8827=CARTESIAN_POINT('Ctrl Pts',(6.42358225736657,-44.7343353814642,0.2));
#8828=CARTESIAN_POINT('Ctrl Pts',(6.4791450258999,-44.7684402961426,0.2));
#8829=CARTESIAN_POINT('Ctrl Pts',(6.54132209740528,-44.7880857166889,0.2));
#8830=CARTESIAN_POINT('Ctrl Pts',(6.57298769801855,-44.7980907559395,0.2));
#8831=CARTESIAN_POINT('Ctrl Pts',(6.26944061368704,-44.5763990283012,0.));
#8832=CARTESIAN_POINT('Ctrl Pts',(6.26944061368704,-44.5763990283012,0.2));
#8833=CARTESIAN_POINT('Ctrl Pts',(6.28663194533623,-44.6041422681893,0.));
#8834=CARTESIAN_POINT('Ctrl Pts',(6.28663194533623,-44.6041422681893,0.2));
#8835=CARTESIAN_POINT('Ctrl Pts',(6.32050309586013,-44.6588032725515,0.));
#8836=CARTESIAN_POINT('Ctrl Pts',(6.32050309586013,-44.6588032725515,0.2));
#8837=CARTESIAN_POINT('Ctrl Pts',(6.3713011116098,-44.6981990398831,0.));
#8838=CARTESIAN_POINT('Ctrl Pts',(6.3713011116098,-44.6981990398831,0.2));
#8839=CARTESIAN_POINT('Ctrl Pts',(6.39631655067205,-44.7175994515419,0.));
#8840=CARTESIAN_POINT('Ctrl Pts',(6.39631655067205,-44.7175994515419,0.2));
#8841=CARTESIAN_POINT('',(6.26944061368704,-44.5763990283012,0.));
#8842=CARTESIAN_POINT('Ctrl Pts',(6.26944061368704,-44.5763990283012,0.));
#8843=CARTESIAN_POINT('Ctrl Pts',(6.28663194533623,-44.6041422681893,0.));
#8844=CARTESIAN_POINT('Ctrl Pts',(6.32050309586013,-44.6588032725515,0.));
#8845=CARTESIAN_POINT('Ctrl Pts',(6.3713011116098,-44.6981990398831,0.));
#8846=CARTESIAN_POINT('Ctrl Pts',(6.39631655067205,-44.7175994515419,0.));
#8847=CARTESIAN_POINT('',(6.26944061368704,-44.5763990283012,0.2));
#8848=CARTESIAN_POINT('',(6.26944061368704,-44.5763990283012,0.));
#8849=CARTESIAN_POINT('Ctrl Pts',(6.26944061368704,-44.5763990283012,0.2));
#8850=CARTESIAN_POINT('Ctrl Pts',(6.28663194533623,-44.6041422681893,0.2));
#8851=CARTESIAN_POINT('Ctrl Pts',(6.32050309586013,-44.6588032725515,0.2));
#8852=CARTESIAN_POINT('Ctrl Pts',(6.3713011116098,-44.6981990398831,0.2));
#8853=CARTESIAN_POINT('Ctrl Pts',(6.39631655067205,-44.7175994515419,0.2));
#8854=CARTESIAN_POINT('Ctrl Pts',(6.22100945562124,-44.3819925189018,0.));
#8855=CARTESIAN_POINT('Ctrl Pts',(6.22100945562124,-44.3819925189018,0.2));
#8856=CARTESIAN_POINT('Ctrl Pts',(6.2229024576984,-44.4164666517117,0.));
#8857=CARTESIAN_POINT('Ctrl Pts',(6.2229024576984,-44.4164666517117,0.2));
#8858=CARTESIAN_POINT('Ctrl Pts',(6.2266320240873,-44.4843871091513,0.));
#8859=CARTESIAN_POINT('Ctrl Pts',(6.2266320240873,-44.4843871091513,0.2));
#8860=CARTESIAN_POINT('Ctrl Pts',(6.25531576967539,-44.5460393734432,0.));
#8861=CARTESIAN_POINT('Ctrl Pts',(6.25531576967539,-44.5460393734432,0.2));
#8862=CARTESIAN_POINT('Ctrl Pts',(6.26944061368704,-44.5763990283012,0.));
#8863=CARTESIAN_POINT('Ctrl Pts',(6.26944061368704,-44.5763990283012,0.2));
#8864=CARTESIAN_POINT('',(6.22100945562124,-44.3819925189018,0.));
#8865=CARTESIAN_POINT('Ctrl Pts',(6.22100945562124,-44.3819925189018,0.));
#8866=CARTESIAN_POINT('Ctrl Pts',(6.2229024576984,-44.4164666517117,0.));
#8867=CARTESIAN_POINT('Ctrl Pts',(6.2266320240873,-44.4843871091513,0.));
#8868=CARTESIAN_POINT('Ctrl Pts',(6.25531576967539,-44.5460393734432,0.));
#8869=CARTESIAN_POINT('Ctrl Pts',(6.26944061368704,-44.5763990283012,0.));
#8870=CARTESIAN_POINT('',(6.22100945562124,-44.3819925189018,0.2));
#8871=CARTESIAN_POINT('',(6.22100945562124,-44.3819925189018,0.));
#8872=CARTESIAN_POINT('Ctrl Pts',(6.22100945562124,-44.3819925189018,0.2));
#8873=CARTESIAN_POINT('Ctrl Pts',(6.2229024576984,-44.4164666517117,0.2));
#8874=CARTESIAN_POINT('Ctrl Pts',(6.2266320240873,-44.4843871091513,0.2));
#8875=CARTESIAN_POINT('Ctrl Pts',(6.25531576967539,-44.5460393734432,0.2));
#8876=CARTESIAN_POINT('Ctrl Pts',(6.26944061368704,-44.5763990283012,0.2));
#8877=CARTESIAN_POINT('Ctrl Pts',(6.34924944490194,-44.0839023888111,0.));
#8878=CARTESIAN_POINT('Ctrl Pts',(6.34924944490194,-44.0839023888111,0.2));
#8879=CARTESIAN_POINT('Ctrl Pts',(6.31184797139398,-44.1258677088577,0.));
#8880=CARTESIAN_POINT('Ctrl Pts',(6.31184797139398,-44.1258677088577,0.2));
#8881=CARTESIAN_POINT('Ctrl Pts',(6.23605978876256,-44.2109038061441,0.));
#8882=CARTESIAN_POINT('Ctrl Pts',(6.23605978876256,-44.2109038061441,0.2));
#8883=CARTESIAN_POINT('Ctrl Pts',(6.22606952400955,-44.3244708295882,0.));
#8884=CARTESIAN_POINT('Ctrl Pts',(6.22606952400955,-44.3244708295882,0.2));
#8885=CARTESIAN_POINT('Ctrl Pts',(6.22100945562124,-44.3819925189018,0.));
#8886=CARTESIAN_POINT('Ctrl Pts',(6.22100945562124,-44.3819925189018,0.2));
#8887=CARTESIAN_POINT('',(6.34924944490194,-44.0839023888111,0.));
#8888=CARTESIAN_POINT('Ctrl Pts',(6.34924944490194,-44.0839023888111,0.));
#8889=CARTESIAN_POINT('Ctrl Pts',(6.31184797139398,-44.1258677088577,0.));
#8890=CARTESIAN_POINT('Ctrl Pts',(6.23605978876256,-44.2109038061441,0.));
#8891=CARTESIAN_POINT('Ctrl Pts',(6.22606952400955,-44.3244708295882,0.));
#8892=CARTESIAN_POINT('Ctrl Pts',(6.22100945562124,-44.3819925189018,0.));
#8893=CARTESIAN_POINT('',(6.34924944490194,-44.0839023888111,0.2));
#8894=CARTESIAN_POINT('',(6.34924944490194,-44.0839023888111,0.));
#8895=CARTESIAN_POINT('Ctrl Pts',(6.34924944490194,-44.0839023888111,0.2));
#8896=CARTESIAN_POINT('Ctrl Pts',(6.31184797139398,-44.1258677088577,0.2));
#8897=CARTESIAN_POINT('Ctrl Pts',(6.23605978876256,-44.2109038061441,0.2));
#8898=CARTESIAN_POINT('Ctrl Pts',(6.22606952400955,-44.3244708295882,0.2));
#8899=CARTESIAN_POINT('Ctrl Pts',(6.22100945562124,-44.3819925189018,0.2));
#8900=CARTESIAN_POINT('Ctrl Pts',(6.71623464673758,-43.9672586321831,0.));
#8901=CARTESIAN_POINT('Ctrl Pts',(6.71623464673758,-43.9672586321831,0.2));
#8902=CARTESIAN_POINT('Ctrl Pts',(6.64357129603223,-43.9701668561323,0.));
#8903=CARTESIAN_POINT('Ctrl Pts',(6.64357129603223,-43.9701668561323,0.2));
#8904=CARTESIAN_POINT('Ctrl Pts',(6.50996776438327,-43.9755141045963,0.));
#8905=CARTESIAN_POINT('Ctrl Pts',(6.50996776438327,-43.9755141045963,0.2));
#8906=CARTESIAN_POINT('Ctrl Pts',(6.39959393221343,-44.0499501136941,0.));
#8907=CARTESIAN_POINT('Ctrl Pts',(6.39959393221343,-44.0499501136941,0.2));
#8908=CARTESIAN_POINT('Ctrl Pts',(6.34924944490194,-44.0839023888111,0.));
#8909=CARTESIAN_POINT('Ctrl Pts',(6.34924944490194,-44.0839023888111,0.2));
#8910=CARTESIAN_POINT('',(6.71623464673758,-43.9672586321831,0.));
#8911=CARTESIAN_POINT('Ctrl Pts',(6.71623464673758,-43.9672586321831,0.));
#8912=CARTESIAN_POINT('Ctrl Pts',(6.64357129603223,-43.9701668561323,0.));
#8913=CARTESIAN_POINT('Ctrl Pts',(6.50996776438327,-43.9755141045963,0.));
#8914=CARTESIAN_POINT('Ctrl Pts',(6.39959393221343,-44.0499501136941,0.));
#8915=CARTESIAN_POINT('Ctrl Pts',(6.34924944490194,-44.0839023888111,0.));
#8916=CARTESIAN_POINT('',(6.71623464673758,-43.9672586321831,0.2));
#8917=CARTESIAN_POINT('',(6.71623464673758,-43.9672586321831,0.));
#8918=CARTESIAN_POINT('Ctrl Pts',(6.71623464673758,-43.9672586321831,0.2));
#8919=CARTESIAN_POINT('Ctrl Pts',(6.64357129603223,-43.9701668561323,0.2));
#8920=CARTESIAN_POINT('Ctrl Pts',(6.50996776438327,-43.9755141045963,0.2));
#8921=CARTESIAN_POINT('Ctrl Pts',(6.39959393221343,-44.0499501136941,0.2));
#8922=CARTESIAN_POINT('Ctrl Pts',(6.34924944490194,-44.0839023888111,0.2));
#8923=CARTESIAN_POINT('Ctrl Pts',(6.98703940957785,-44.0150076150894,0.));
#8924=CARTESIAN_POINT('Ctrl Pts',(6.98703940957785,-44.0150076150894,0.2));
#8925=CARTESIAN_POINT('Ctrl Pts',(6.94379400967588,-44.0010820978856,0.));
#8926=CARTESIAN_POINT('Ctrl Pts',(6.94379400967588,-44.0010820978856,0.2));
#8927=CARTESIAN_POINT('Ctrl Pts',(6.85573969390967,-43.9727275933173,0.));
#8928=CARTESIAN_POINT('Ctrl Pts',(6.85573969390967,-43.9727275933173,0.2));
#8929=CARTESIAN_POINT('Ctrl Pts',(6.76328355443506,-43.9691030718849,0.));
#8930=CARTESIAN_POINT('Ctrl Pts',(6.76328355443506,-43.9691030718849,0.2));
#8931=CARTESIAN_POINT('Ctrl Pts',(6.71623464673758,-43.9672586321831,0.));
#8932=CARTESIAN_POINT('Ctrl Pts',(6.71623464673758,-43.9672586321831,0.2));
#8933=CARTESIAN_POINT('',(6.98703940957785,-44.0150076150894,0.));
#8934=CARTESIAN_POINT('Ctrl Pts',(6.98703940957785,-44.0150076150894,0.));
#8935=CARTESIAN_POINT('Ctrl Pts',(6.94379400967588,-44.0010820978856,0.));
#8936=CARTESIAN_POINT('Ctrl Pts',(6.85573969390967,-43.9727275933173,0.));
#8937=CARTESIAN_POINT('Ctrl Pts',(6.76328355443506,-43.9691030718849,0.));
#8938=CARTESIAN_POINT('Ctrl Pts',(6.71623464673758,-43.9672586321831,0.));
#8939=CARTESIAN_POINT('',(6.98703940957785,-44.0150076150894,0.2));
#8940=CARTESIAN_POINT('',(6.98703940957785,-44.0150076150894,0.));
#8941=CARTESIAN_POINT('Ctrl Pts',(6.98703940957785,-44.0150076150894,0.2));
#8942=CARTESIAN_POINT('Ctrl Pts',(6.94379400967588,-44.0010820978856,0.2));
#8943=CARTESIAN_POINT('Ctrl Pts',(6.85573969390967,-43.9727275933173,0.2));
#8944=CARTESIAN_POINT('Ctrl Pts',(6.76328355443506,-43.9691030718849,0.2));
#8945=CARTESIAN_POINT('Ctrl Pts',(6.71623464673758,-43.9672586321831,0.2));
#8946=CARTESIAN_POINT('Ctrl Pts',(7.24965896457434,-44.178718328476,0.));
#8947=CARTESIAN_POINT('Ctrl Pts',(7.24965896457434,-44.178718328476,0.2));
#8948=CARTESIAN_POINT('Ctrl Pts',(7.20635882455423,-44.1435981251071,0.));
#8949=CARTESIAN_POINT('Ctrl Pts',(7.20635882455423,-44.1435981251071,0.2));
#8950=CARTESIAN_POINT('Ctrl Pts',(7.12556084336531,-44.0780638905798,0.));
#8951=CARTESIAN_POINT('Ctrl Pts',(7.12556084336531,-44.0780638905798,0.2));
#8952=CARTESIAN_POINT('Ctrl Pts',(7.03094843881584,-44.0349954232462,0.));
#8953=CARTESIAN_POINT('Ctrl Pts',(7.03094843881584,-44.0349954232462,0.2));
#8954=CARTESIAN_POINT('Ctrl Pts',(6.98703940957785,-44.0150076150894,0.));
#8955=CARTESIAN_POINT('Ctrl Pts',(6.98703940957785,-44.0150076150894,0.2));
#8956=CARTESIAN_POINT('',(7.24965896457434,-44.178718328476,0.));
#8957=CARTESIAN_POINT('Ctrl Pts',(7.24965896457434,-44.178718328476,0.));
#8958=CARTESIAN_POINT('Ctrl Pts',(7.20635882455423,-44.1435981251071,0.));
#8959=CARTESIAN_POINT('Ctrl Pts',(7.12556084336531,-44.0780638905798,0.));
#8960=CARTESIAN_POINT('Ctrl Pts',(7.03094843881584,-44.0349954232462,0.));
#8961=CARTESIAN_POINT('Ctrl Pts',(6.98703940957785,-44.0150076150894,0.));
#8962=CARTESIAN_POINT('',(7.24965896457434,-44.178718328476,0.2));
#8963=CARTESIAN_POINT('',(7.24965896457434,-44.178718328476,0.));
#8964=CARTESIAN_POINT('Ctrl Pts',(7.24965896457434,-44.178718328476,0.2));
#8965=CARTESIAN_POINT('Ctrl Pts',(7.20635882455423,-44.1435981251071,0.2));
#8966=CARTESIAN_POINT('Ctrl Pts',(7.12556084336531,-44.0780638905798,0.2));
#8967=CARTESIAN_POINT('Ctrl Pts',(7.03094843881584,-44.0349954232462,0.2));
#8968=CARTESIAN_POINT('Ctrl Pts',(6.98703940957785,-44.0150076150894,0.2));
#8969=CARTESIAN_POINT('Ctrl Pts',(7.29877199977636,-44.0000006556511,0.));
#8970=CARTESIAN_POINT('Ctrl Pts',(7.29877199977636,-44.0000006556511,0.2));
#8971=CARTESIAN_POINT('Ctrl Pts',(7.28710219064548,-44.0272885746135,0.));
#8972=CARTESIAN_POINT('Ctrl Pts',(7.28710219064548,-44.0272885746135,0.2));
#8973=CARTESIAN_POINT('Ctrl Pts',(7.26259756205792,-44.084588596542,0.));
#8974=CARTESIAN_POINT('Ctrl Pts',(7.26259756205792,-44.084588596542,0.2));
#8975=CARTESIAN_POINT('Ctrl Pts',(7.25410639407377,-44.1463627855272,0.));
#8976=CARTESIAN_POINT('Ctrl Pts',(7.25410639407377,-44.1463627855272,0.2));
#8977=CARTESIAN_POINT('Ctrl Pts',(7.24965896457434,-44.178718328476,0.));
#8978=CARTESIAN_POINT('Ctrl Pts',(7.24965896457434,-44.178718328476,0.2));
#8979=CARTESIAN_POINT('Ctrl Pts',(7.29877199977636,-44.0000006556511,0.));
#8980=CARTESIAN_POINT('Ctrl Pts',(7.28710219064548,-44.0272885746135,0.));
#8981=CARTESIAN_POINT('Ctrl Pts',(7.26259756205792,-44.084588596542,0.));
#8982=CARTESIAN_POINT('Ctrl Pts',(7.25410639407377,-44.1463627855272,0.));
#8983=CARTESIAN_POINT('Ctrl Pts',(7.24965896457434,-44.178718328476,0.));
#8984=CARTESIAN_POINT('Ctrl Pts',(7.29877199977636,-44.0000006556511,0.2));
#8985=CARTESIAN_POINT('Ctrl Pts',(7.28710219064548,-44.0272885746135,0.2));
#8986=CARTESIAN_POINT('Ctrl Pts',(7.26259756205792,-44.084588596542,0.2));
#8987=CARTESIAN_POINT('Ctrl Pts',(7.25410639407377,-44.1463627855272,0.2));
#8988=CARTESIAN_POINT('Ctrl Pts',(7.24965896457434,-44.178718328476,0.2));
#8989=CARTESIAN_POINT('Origin',(14.5886769704521,-44.7060034424067,0.2));
#8990=CARTESIAN_POINT('Origin',(9.65757217258215,-44.7912693023682,0.));
#8991=CARTESIAN_POINT('',(9.65757217258215,-44.7912693023682,0.));
#8992=CARTESIAN_POINT('',(9.65757217258215,-44.0000006556511,0.));
#8993=CARTESIAN_POINT('',(9.65757217258215,-26.6576346511841,0.));
#8994=CARTESIAN_POINT('',(9.65757217258215,-44.7912693023682,0.2));
#8995=CARTESIAN_POINT('',(9.65757217258215,-44.7912693023682,0.));
#8996=CARTESIAN_POINT('',(9.65757217258215,-44.0000006556511,0.2));
#8997=CARTESIAN_POINT('',(9.65757217258215,-44.7912693023682,0.2));
#8998=CARTESIAN_POINT('',(9.65757217258215,-44.0000006556511,0.));
#8999=CARTESIAN_POINT('Ctrl Pts',(9.77148737758398,-45.1691684126854,0.));
#9000=CARTESIAN_POINT('Ctrl Pts',(9.77148737758398,-45.1691684126854,0.2));
#9001=CARTESIAN_POINT('Ctrl Pts',(9.73849150824168,-45.1226154498988,0.));
#9002=CARTESIAN_POINT('Ctrl Pts',(9.73849150824168,-45.1226154498988,0.2));
#9003=CARTESIAN_POINT('Ctrl Pts',(9.65917928580594,-45.0107160208742,0.));
#9004=CARTESIAN_POINT('Ctrl Pts',(9.65917928580594,-45.0107160208742,0.2));
#9005=CARTESIAN_POINT('Ctrl Pts',(9.65816467809469,-44.8721742370672,0.));
#9006=CARTESIAN_POINT('Ctrl Pts',(9.65816467809469,-44.8721742370672,0.2));
#9007=CARTESIAN_POINT('Ctrl Pts',(9.65757217258215,-44.7912693023682,0.));
#9008=CARTESIAN_POINT('Ctrl Pts',(9.65757217258215,-44.7912693023682,0.2));
#9009=CARTESIAN_POINT('',(9.77148737758398,-45.1691684126854,0.));
#9010=CARTESIAN_POINT('Ctrl Pts',(9.77148737758398,-45.1691684126854,0.));
#9011=CARTESIAN_POINT('Ctrl Pts',(9.73849150824168,-45.1226154498988,0.));
#9012=CARTESIAN_POINT('Ctrl Pts',(9.65917928580594,-45.0107160208742,0.));
#9013=CARTESIAN_POINT('Ctrl Pts',(9.65816467809469,-44.8721742370672,0.));
#9014=CARTESIAN_POINT('Ctrl Pts',(9.65757217258215,-44.7912693023682,0.));
#9015=CARTESIAN_POINT('',(9.77148737758398,-45.1691684126854,0.2));
#9016=CARTESIAN_POINT('',(9.77148737758398,-45.1691684126854,0.));
#9017=CARTESIAN_POINT('Ctrl Pts',(9.77148737758398,-45.1691684126854,0.2));
#9018=CARTESIAN_POINT('Ctrl Pts',(9.73849150824168,-45.1226154498988,0.2));
#9019=CARTESIAN_POINT('Ctrl Pts',(9.65917928580594,-45.0107160208742,0.2));
#9020=CARTESIAN_POINT('Ctrl Pts',(9.65816467809469,-44.8721742370672,0.2));
#9021=CARTESIAN_POINT('Ctrl Pts',(9.65757217258215,-44.7912693023682,0.2));
#9022=CARTESIAN_POINT('Ctrl Pts',(10.0422921404243,-45.2687591314316,0.));
#9023=CARTESIAN_POINT('Ctrl Pts',(10.0422921404243,-45.2687591314316,0.2));
#9024=CARTESIAN_POINT('Ctrl Pts',(9.99197983159579,-45.2647775328296,0.));
#9025=CARTESIAN_POINT('Ctrl Pts',(9.99197983159579,-45.2647775328296,0.2));
#9026=CARTESIAN_POINT('Ctrl Pts',(9.8923489176441,-45.2568929750157,0.));
#9027=CARTESIAN_POINT('Ctrl Pts',(9.8923489176441,-45.2568929750157,0.2));
#9028=CARTESIAN_POINT('Ctrl Pts',(9.81150578520175,-45.1982148512107,0.));
#9029=CARTESIAN_POINT('Ctrl Pts',(9.81150578520175,-45.1982148512107,0.2));
#9030=CARTESIAN_POINT('Ctrl Pts',(9.77148737758398,-45.1691684126854,0.));
#9031=CARTESIAN_POINT('Ctrl Pts',(9.77148737758398,-45.1691684126854,0.2));
#9032=CARTESIAN_POINT('',(10.0422921404243,-45.2687591314316,0.));
#9033=CARTESIAN_POINT('Ctrl Pts',(10.0422921404243,-45.2687591314316,0.));
#9034=CARTESIAN_POINT('Ctrl Pts',(9.99197983159579,-45.2647775328296,0.));
#9035=CARTESIAN_POINT('Ctrl Pts',(9.8923489176441,-45.2568929750157,0.));
#9036=CARTESIAN_POINT('Ctrl Pts',(9.81150578520175,-45.1982148512107,0.));
#9037=CARTESIAN_POINT('Ctrl Pts',(9.77148737758398,-45.1691684126854,0.));
#9038=CARTESIAN_POINT('',(10.0422921404243,-45.2687591314316,0.2));
#9039=CARTESIAN_POINT('',(10.0422921404243,-45.2687591314316,0.));
#9040=CARTESIAN_POINT('Ctrl Pts',(10.0422921404243,-45.2687591314316,0.2));
#9041=CARTESIAN_POINT('Ctrl Pts',(9.99197983159579,-45.2647775328296,0.2));
#9042=CARTESIAN_POINT('Ctrl Pts',(9.8923489176441,-45.2568929750157,0.2));
#9043=CARTESIAN_POINT('Ctrl Pts',(9.81150578520175,-45.1982148512107,0.2));
#9044=CARTESIAN_POINT('Ctrl Pts',(9.77148737758398,-45.1691684126854,0.2));
#9045=CARTESIAN_POINT('Ctrl Pts',(10.2135064825416,-45.2244207262993,0.));
#9046=CARTESIAN_POINT('Ctrl Pts',(10.2135064825416,-45.2244207262993,0.2));
#9047=CARTESIAN_POINT('Ctrl Pts',(10.1875613036487,-45.237347864316,0.));
#9048=CARTESIAN_POINT('Ctrl Pts',(10.1875613036487,-45.237347864316,0.2));
#9049=CARTESIAN_POINT('Ctrl Pts',(10.1336809870478,-45.2641936336963,0.));
#9050=CARTESIAN_POINT('Ctrl Pts',(10.1336809870478,-45.2641936336963,0.2));
#9051=CARTESIAN_POINT('Ctrl Pts',(10.0734960252767,-45.2672002840351,0.));
#9052=CARTESIAN_POINT('Ctrl Pts',(10.0734960252767,-45.2672002840351,0.2));
#9053=CARTESIAN_POINT('Ctrl Pts',(10.0422921404243,-45.2687591314316,0.));
#9054=CARTESIAN_POINT('Ctrl Pts',(10.0422921404243,-45.2687591314316,0.2));
#9055=CARTESIAN_POINT('',(10.2135064825416,-45.2244207262993,0.));
#9056=CARTESIAN_POINT('Ctrl Pts',(10.2135064825416,-45.2244207262993,0.));
#9057=CARTESIAN_POINT('Ctrl Pts',(10.1875613036487,-45.237347864316,0.));
#9058=CARTESIAN_POINT('Ctrl Pts',(10.1336809870478,-45.2641936336963,0.));
#9059=CARTESIAN_POINT('Ctrl Pts',(10.0734960252767,-45.2672002840351,0.));
#9060=CARTESIAN_POINT('Ctrl Pts',(10.0422921404243,-45.2687591314316,0.));
#9061=CARTESIAN_POINT('',(10.2135064825416,-45.2244207262993,0.2));
#9062=CARTESIAN_POINT('',(10.2135064825416,-45.2244207262993,0.));
#9063=CARTESIAN_POINT('Ctrl Pts',(10.2135064825416,-45.2244207262993,0.2));
#9064=CARTESIAN_POINT('Ctrl Pts',(10.1875613036487,-45.237347864316,0.2));
#9065=CARTESIAN_POINT('Ctrl Pts',(10.1336809870478,-45.2641936336963,0.2));
#9066=CARTESIAN_POINT('Ctrl Pts',(10.0734960252767,-45.2672002840351,0.2));
#9067=CARTESIAN_POINT('Ctrl Pts',(10.0422921404243,-45.2687591314316,0.2));
#9068=CARTESIAN_POINT('Ctrl Pts',(10.3151437267661,-45.1057305932045,0.));
#9069=CARTESIAN_POINT('Ctrl Pts',(10.3151437267661,-45.1057305932045,0.2));
#9070=CARTESIAN_POINT('Ctrl Pts',(10.3035249877939,-45.1293967916848,0.));
#9071=CARTESIAN_POINT('Ctrl Pts',(10.3035249877939,-45.1293967916848,0.2));
#9072=CARTESIAN_POINT('Ctrl Pts',(10.2798425883579,-45.177635448813,0.));
#9073=CARTESIAN_POINT('Ctrl Pts',(10.2798425883579,-45.177635448813,0.2));
#9074=CARTESIAN_POINT('Ctrl Pts',(10.2358937403066,-45.2086315259264,0.));
#9075=CARTESIAN_POINT('Ctrl Pts',(10.2358937403066,-45.2086315259264,0.2));
#9076=CARTESIAN_POINT('Ctrl Pts',(10.2135064825416,-45.2244207262993,0.));
#9077=CARTESIAN_POINT('Ctrl Pts',(10.2135064825416,-45.2244207262993,0.2));
#9078=CARTESIAN_POINT('',(10.3151437267661,-45.1057305932045,0.));
#9079=CARTESIAN_POINT('Ctrl Pts',(10.3151437267661,-45.1057305932045,0.));
#9080=CARTESIAN_POINT('Ctrl Pts',(10.3035249877939,-45.1293967916848,0.));
#9081=CARTESIAN_POINT('Ctrl Pts',(10.2798425883579,-45.177635448813,0.));
#9082=CARTESIAN_POINT('Ctrl Pts',(10.2358937403066,-45.2086315259264,0.));
#9083=CARTESIAN_POINT('Ctrl Pts',(10.2135064825416,-45.2244207262993,0.));
#9084=CARTESIAN_POINT('',(10.3151437267661,-45.1057305932045,0.2));
#9085=CARTESIAN_POINT('',(10.3151437267661,-45.1057305932045,0.));
#9086=CARTESIAN_POINT('Ctrl Pts',(10.3151437267661,-45.1057305932045,0.2));
#9087=CARTESIAN_POINT('Ctrl Pts',(10.3035249877939,-45.1293967916848,0.2));
#9088=CARTESIAN_POINT('Ctrl Pts',(10.2798425883579,-45.177635448813,0.2));
#9089=CARTESIAN_POINT('Ctrl Pts',(10.2358937403066,-45.2086315259264,0.2));
#9090=CARTESIAN_POINT('Ctrl Pts',(10.2135064825416,-45.2244207262993,0.2));
#9091=CARTESIAN_POINT('Ctrl Pts',(10.3437926992774,-44.88131031394,0.));
#9092=CARTESIAN_POINT('Ctrl Pts',(10.3437926992774,-44.88131031394,0.2));
#9093=CARTESIAN_POINT('Ctrl Pts',(10.3435568779794,-44.9253276162596,0.));
#9094=CARTESIAN_POINT('Ctrl Pts',(10.3435568779794,-44.9253276162596,0.2));
#9095=CARTESIAN_POINT('Ctrl Pts',(10.3431491772108,-45.0014271379864,0.));
#9096=CARTESIAN_POINT('Ctrl Pts',(10.3431491772108,-45.0014271379864,0.2));
#9097=CARTESIAN_POINT('Ctrl Pts',(10.3234489823143,-45.0747985126134,0.));
#9098=CARTESIAN_POINT('Ctrl Pts',(10.3234489823143,-45.0747985126134,0.2));
#9099=CARTESIAN_POINT('Ctrl Pts',(10.3151437267661,-45.1057305932045,0.));
#9100=CARTESIAN_POINT('Ctrl Pts',(10.3151437267661,-45.1057305932045,0.2));
#9101=CARTESIAN_POINT('',(10.3437926992774,-44.88131031394,0.));
#9102=CARTESIAN_POINT('Ctrl Pts',(10.3437926992774,-44.88131031394,0.));
#9103=CARTESIAN_POINT('Ctrl Pts',(10.3435568779794,-44.9253276162596,0.));
#9104=CARTESIAN_POINT('Ctrl Pts',(10.3431491772108,-45.0014271379864,0.));
#9105=CARTESIAN_POINT('Ctrl Pts',(10.3234489823143,-45.0747985126134,0.));
#9106=CARTESIAN_POINT('Ctrl Pts',(10.3151437267661,-45.1057305932045,0.));
#9107=CARTESIAN_POINT('',(10.3437926992774,-44.88131031394,0.2));
#9108=CARTESIAN_POINT('',(10.3437926992774,-44.88131031394,0.));
#9109=CARTESIAN_POINT('Ctrl Pts',(10.3437926992774,-44.88131031394,0.2));
#9110=CARTESIAN_POINT('Ctrl Pts',(10.3435568779794,-44.9253276162596,0.2));
#9111=CARTESIAN_POINT('Ctrl Pts',(10.3431491772108,-45.0014271379864,0.2));
#9112=CARTESIAN_POINT('Ctrl Pts',(10.3234489823143,-45.0747985126134,0.2));
#9113=CARTESIAN_POINT('Ctrl Pts',(10.3151437267661,-45.1057305932045,0.2));
#9114=CARTESIAN_POINT('Origin',(10.3437926992774,-44.0000006556511,0.));
#9115=CARTESIAN_POINT('',(10.3437926992774,-44.0000006556511,0.));
#9116=CARTESIAN_POINT('',(10.3437926992774,-26.2620003278255,0.));
#9117=CARTESIAN_POINT('',(10.3437926992774,-44.0000006556511,0.2));
#9118=CARTESIAN_POINT('',(10.3437926992774,-44.0000006556511,0.));
#9119=CARTESIAN_POINT('',(10.3437926992774,-44.0000006556511,0.2));
#9120=CARTESIAN_POINT('Origin',(10.5893590673804,-44.0000006556511,0.));
#9121=CARTESIAN_POINT('',(10.5893590673804,-44.0000006556511,0.));
#9122=CARTESIAN_POINT('',(15.0621795336902,-44.0000006556511,0.));
#9123=CARTESIAN_POINT('',(10.5893590673804,-44.0000006556511,0.2));
#9124=CARTESIAN_POINT('',(10.5893590673804,-44.0000006556511,0.));
#9125=CARTESIAN_POINT('',(10.5893590673804,-44.0000006556511,0.2));
#9126=CARTESIAN_POINT('Origin',(10.5893590673804,-44.8908600211143,0.));
#9127=CARTESIAN_POINT('',(10.5893590673804,-44.8908600211143,0.));
#9128=CARTESIAN_POINT('',(10.5893590673804,-26.7074300105572,0.));
#9129=CARTESIAN_POINT('',(10.5893590673804,-44.8908600211143,0.2));
#9130=CARTESIAN_POINT('',(10.5893590673804,-44.8908600211143,0.));
#9131=CARTESIAN_POINT('',(10.5893590673804,-44.8908600211143,0.2));
#9132=CARTESIAN_POINT('Ctrl Pts',(10.5757167562842,-45.1296049356461,0.));
#9133=CARTESIAN_POINT('Ctrl Pts',(10.5757167562842,-45.1296049356461,0.2));
#9134=CARTESIAN_POINT('Ctrl Pts',(10.5796537532973,-45.0983755527984,0.));
#9135=CARTESIAN_POINT('Ctrl Pts',(10.5796537532973,-45.0983755527984,0.2));
#9136=CARTESIAN_POINT('Ctrl Pts',(10.5896409872421,-45.0191539655283,0.));
#9137=CARTESIAN_POINT('Ctrl Pts',(10.5896409872421,-45.0191539655283,0.2));
#9138=CARTESIAN_POINT('Ctrl Pts',(10.5894654234245,-44.9392597199564,0.));
#9139=CARTESIAN_POINT('Ctrl Pts',(10.5894654234245,-44.9392597199564,0.2));
#9140=CARTESIAN_POINT('Ctrl Pts',(10.5893590673804,-44.8908600211143,0.));
#9141=CARTESIAN_POINT('Ctrl Pts',(10.5893590673804,-44.8908600211143,0.2));
#9142=CARTESIAN_POINT('',(10.5757167562842,-45.1296049356461,0.));
#9143=CARTESIAN_POINT('Ctrl Pts',(10.5757167562842,-45.1296049356461,0.));
#9144=CARTESIAN_POINT('Ctrl Pts',(10.5796537532973,-45.0983755527984,0.));
#9145=CARTESIAN_POINT('Ctrl Pts',(10.5896409872421,-45.0191539655283,0.));
#9146=CARTESIAN_POINT('Ctrl Pts',(10.5894654234245,-44.9392597199564,0.));
#9147=CARTESIAN_POINT('Ctrl Pts',(10.5893590673804,-44.8908600211143,0.));
#9148=CARTESIAN_POINT('',(10.5757167562842,-45.1296049356461,0.2));
#9149=CARTESIAN_POINT('',(10.5757167562842,-45.1296049356461,0.));
#9150=CARTESIAN_POINT('Ctrl Pts',(10.5757167562842,-45.1296049356461,0.2));
#9151=CARTESIAN_POINT('Ctrl Pts',(10.5796537532973,-45.0983755527984,0.2));
#9152=CARTESIAN_POINT('Ctrl Pts',(10.5896409872421,-45.0191539655283,0.2));
#9153=CARTESIAN_POINT('Ctrl Pts',(10.5894654234245,-44.9392597199564,0.2));
#9154=CARTESIAN_POINT('Ctrl Pts',(10.5893590673804,-44.8908600211143,0.2));
#9155=CARTESIAN_POINT('Ctrl Pts',(10.4993179067969,-45.3110511600971,0.));
#9156=CARTESIAN_POINT('Ctrl Pts',(10.4993179067969,-45.3110511600971,0.2));
#9157=CARTESIAN_POINT('Ctrl Pts',(10.5162578214735,-45.2838262084388,0.));
#9158=CARTESIAN_POINT('Ctrl Pts',(10.5162578214735,-45.2838262084388,0.2));
#9159=CARTESIAN_POINT('Ctrl Pts',(10.5513449362708,-45.2274360186161,0.));
#9160=CARTESIAN_POINT('Ctrl Pts',(10.5513449362708,-45.2274360186161,0.2));
#9161=CARTESIAN_POINT('Ctrl Pts',(10.5674085758226,-45.1629548574667,0.));
#9162=CARTESIAN_POINT('Ctrl Pts',(10.5674085758226,-45.1629548574667,0.2));
#9163=CARTESIAN_POINT('Ctrl Pts',(10.5757167562842,-45.1296049356461,0.));
#9164=CARTESIAN_POINT('Ctrl Pts',(10.5757167562842,-45.1296049356461,0.2));
#9165=CARTESIAN_POINT('',(10.4993179067969,-45.3110511600971,0.));
#9166=CARTESIAN_POINT('Ctrl Pts',(10.4993179067969,-45.3110511600971,0.));
#9167=CARTESIAN_POINT('Ctrl Pts',(10.5162578214735,-45.2838262084388,0.));
#9168=CARTESIAN_POINT('Ctrl Pts',(10.5513449362708,-45.2274360186161,0.));
#9169=CARTESIAN_POINT('Ctrl Pts',(10.5674085758226,-45.1629548574667,0.));
#9170=CARTESIAN_POINT('Ctrl Pts',(10.5757167562842,-45.1296049356461,0.));
#9171=CARTESIAN_POINT('',(10.4993179067969,-45.3110511600971,0.2));
#9172=CARTESIAN_POINT('',(10.4993179067969,-45.3110511600971,0.));
#9173=CARTESIAN_POINT('Ctrl Pts',(10.4993179067969,-45.3110511600971,0.2));
#9174=CARTESIAN_POINT('Ctrl Pts',(10.5162578214735,-45.2838262084388,0.2));
#9175=CARTESIAN_POINT('Ctrl Pts',(10.5513449362708,-45.2274360186161,0.2));
#9176=CARTESIAN_POINT('Ctrl Pts',(10.5674085758226,-45.1629548574667,0.2));
#9177=CARTESIAN_POINT('Ctrl Pts',(10.5757167562842,-45.1296049356461,0.2));
#9178=CARTESIAN_POINT('Ctrl Pts',(10.3349253162742,-45.4345163702965,0.));
#9179=CARTESIAN_POINT('Ctrl Pts',(10.3349253162742,-45.4345163702965,0.2));
#9180=CARTESIAN_POINT('Ctrl Pts',(10.3685561782474,-45.4185112942294,0.));
#9181=CARTESIAN_POINT('Ctrl Pts',(10.3685561782474,-45.4185112942294,0.2));
#9182=CARTESIAN_POINT('Ctrl Pts',(10.4318077900266,-45.3884095722249,0.));
#9183=CARTESIAN_POINT('Ctrl Pts',(10.4318077900266,-45.3884095722249,0.2));
#9184=CARTESIAN_POINT('Ctrl Pts',(10.4777862019485,-45.3357238843814,0.));
#9185=CARTESIAN_POINT('Ctrl Pts',(10.4777862019485,-45.3357238843814,0.2));
#9186=CARTESIAN_POINT('Ctrl Pts',(10.4993179067969,-45.3110511600971,0.));
#9187=CARTESIAN_POINT('Ctrl Pts',(10.4993179067969,-45.3110511600971,0.2));
#9188=CARTESIAN_POINT('',(10.3349253162742,-45.4345163702965,0.));
#9189=CARTESIAN_POINT('Ctrl Pts',(10.3349253162742,-45.4345163702965,0.));
#9190=CARTESIAN_POINT('Ctrl Pts',(10.3685561782474,-45.4185112942294,0.));
#9191=CARTESIAN_POINT('Ctrl Pts',(10.4318077900266,-45.3884095722249,0.));
#9192=CARTESIAN_POINT('Ctrl Pts',(10.4777862019485,-45.3357238843814,0.));
#9193=CARTESIAN_POINT('Ctrl Pts',(10.4993179067969,-45.3110511600971,0.));
#9194=CARTESIAN_POINT('',(10.3349253162742,-45.4345163702965,0.2));
#9195=CARTESIAN_POINT('',(10.3349253162742,-45.4345163702965,0.));
#9196=CARTESIAN_POINT('Ctrl Pts',(10.3349253162742,-45.4345163702965,0.2));
#9197=CARTESIAN_POINT('Ctrl Pts',(10.3685561782474,-45.4185112942294,0.2));
#9198=CARTESIAN_POINT('Ctrl Pts',(10.4318077900266,-45.3884095722249,0.2));
#9199=CARTESIAN_POINT('Ctrl Pts',(10.4777862019485,-45.3357238843814,0.2));
#9200=CARTESIAN_POINT('Ctrl Pts',(10.4993179067969,-45.3110511600971,0.2));
#9201=CARTESIAN_POINT('Ctrl Pts',(10.0941338762641,-45.4815831780434,0.));
#9202=CARTESIAN_POINT('Ctrl Pts',(10.0941338762641,-45.4815831780434,0.2));
#9203=CARTESIAN_POINT('Ctrl Pts',(10.1364543211383,-45.4798142878081,0.));
#9204=CARTESIAN_POINT('Ctrl Pts',(10.1364543211383,-45.4798142878081,0.2));
#9205=CARTESIAN_POINT('Ctrl Pts',(10.2191400441973,-45.4763582284839,0.));
#9206=CARTESIAN_POINT('Ctrl Pts',(10.2191400441973,-45.4763582284839,0.2));
#9207=CARTESIAN_POINT('Ctrl Pts',(10.2969434659045,-45.4482420468731,0.));
#9208=CARTESIAN_POINT('Ctrl Pts',(10.2969434659045,-45.4482420468731,0.2));
#9209=CARTESIAN_POINT('Ctrl Pts',(10.3349253162742,-45.4345163702965,0.));
#9210=CARTESIAN_POINT('Ctrl Pts',(10.3349253162742,-45.4345163702965,0.2));
#9211=CARTESIAN_POINT('',(10.0941338762641,-45.4815831780434,0.));
#9212=CARTESIAN_POINT('Ctrl Pts',(10.0941338762641,-45.4815831780434,0.));
#9213=CARTESIAN_POINT('Ctrl Pts',(10.1364543211383,-45.4798142878081,0.));
#9214=CARTESIAN_POINT('Ctrl Pts',(10.2191400441973,-45.4763582284839,0.));
#9215=CARTESIAN_POINT('Ctrl Pts',(10.2969434659045,-45.4482420468731,0.));
#9216=CARTESIAN_POINT('Ctrl Pts',(10.3349253162742,-45.4345163702965,0.));
#9217=CARTESIAN_POINT('',(10.0941338762641,-45.4815831780434,0.2));
#9218=CARTESIAN_POINT('',(10.0941338762641,-45.4815831780434,0.));
#9219=CARTESIAN_POINT('Ctrl Pts',(10.0941338762641,-45.4815831780434,0.2));
#9220=CARTESIAN_POINT('Ctrl Pts',(10.1364543211383,-45.4798142878081,0.2));
#9221=CARTESIAN_POINT('Ctrl Pts',(10.2191400441973,-45.4763582284839,0.2));
#9222=CARTESIAN_POINT('Ctrl Pts',(10.2969434659045,-45.4482420468731,0.2));
#9223=CARTESIAN_POINT('Ctrl Pts',(10.3349253162742,-45.4345163702965,0.2));
#9224=CARTESIAN_POINT('Ctrl Pts',(9.63301565498114,-45.2428382635117,0.));
#9225=CARTESIAN_POINT('Ctrl Pts',(9.63301565498114,-45.2428382635117,0.2));
#9226=CARTESIAN_POINT('Ctrl Pts',(9.69284762642158,-45.3124680256635,0.));
#9227=CARTESIAN_POINT('Ctrl Pts',(9.69284762642158,-45.3124680256635,0.2));
#9228=CARTESIAN_POINT('Ctrl Pts',(9.81428267743666,-45.4537886860982,0.));
#9229=CARTESIAN_POINT('Ctrl Pts',(9.81428267743666,-45.4537886860982,0.2));
#9230=CARTESIAN_POINT('Ctrl Pts',(9.99994751402973,-45.4722286993152,0.));
#9231=CARTESIAN_POINT('Ctrl Pts',(9.99994751402973,-45.4722286993152,0.2));
#9232=CARTESIAN_POINT('Ctrl Pts',(10.0941338762641,-45.4815831780434,0.));
#9233=CARTESIAN_POINT('Ctrl Pts',(10.0941338762641,-45.4815831780434,0.2));
#9234=CARTESIAN_POINT('',(9.63301565498114,-45.2428382635117,0.));
#9235=CARTESIAN_POINT('Ctrl Pts',(9.63301565498114,-45.2428382635117,0.));
#9236=CARTESIAN_POINT('Ctrl Pts',(9.69284762642158,-45.3124680256635,0.));
#9237=CARTESIAN_POINT('Ctrl Pts',(9.81428267743666,-45.4537886860982,0.));
#9238=CARTESIAN_POINT('Ctrl Pts',(9.99994751402973,-45.4722286993152,0.));
#9239=CARTESIAN_POINT('Ctrl Pts',(10.0941338762641,-45.4815831780434,0.));
#9240=CARTESIAN_POINT('',(9.63301565498114,-45.2428382635117,0.2));
#9241=CARTESIAN_POINT('',(9.63301565498114,-45.2428382635117,0.));
#9242=CARTESIAN_POINT('Ctrl Pts',(9.63301565498114,-45.2428382635117,0.2));
#9243=CARTESIAN_POINT('Ctrl Pts',(9.69284762642158,-45.3124680256635,0.2));
#9244=CARTESIAN_POINT('Ctrl Pts',(9.81428267743666,-45.4537886860982,0.2));
#9245=CARTESIAN_POINT('Ctrl Pts',(9.99994751402973,-45.4722286993152,0.2));
#9246=CARTESIAN_POINT('Ctrl Pts',(10.0941338762641,-45.4815831780434,0.2));
#9247=CARTESIAN_POINT('Origin',(9.63301565498114,-45.4488410055637,0.));
#9248=CARTESIAN_POINT('',(9.63301565498114,-45.4488410055637,0.));
#9249=CARTESIAN_POINT('',(9.63301565498114,-26.9864205027819,0.));
#9250=CARTESIAN_POINT('',(9.63301565498114,-45.4488410055637,0.2));
#9251=CARTESIAN_POINT('',(9.63301565498114,-45.4488410055637,0.));
#9252=CARTESIAN_POINT('',(9.63301565498114,-45.4488410055637,0.2));
#9253=CARTESIAN_POINT('Origin',(9.41200580447912,-45.4488410055637,0.));
#9254=CARTESIAN_POINT('',(9.41200580447912,-45.4488410055637,0.));
#9255=CARTESIAN_POINT('',(14.4735029022396,-45.4488410055637,0.));
#9256=CARTESIAN_POINT('',(9.41200580447912,-45.4488410055637,0.2));
#9257=CARTESIAN_POINT('',(9.41200580447912,-45.4488410055637,0.));
#9258=CARTESIAN_POINT('',(9.41200580447912,-45.4488410055637,0.2));
#9259=CARTESIAN_POINT('Origin',(9.41200580447912,-44.0000006556511,0.));
#9260=CARTESIAN_POINT('',(9.41200580447912,-44.0000006556511,0.));
#9261=CARTESIAN_POINT('',(9.41200580447912,-26.2620003278255,0.));
#9262=CARTESIAN_POINT('',(9.41200580447912,-44.0000006556511,0.2));
#9263=CARTESIAN_POINT('',(9.41200580447912,-44.0000006556511,0.));
#9264=CARTESIAN_POINT('',(9.41200580447912,-44.0000006556511,0.2));
#9265=CARTESIAN_POINT('Origin',(9.65757217258215,-44.0000006556511,0.));
#9266=CARTESIAN_POINT('',(14.5962860862911,-44.0000006556511,0.));
#9267=CARTESIAN_POINT('',(9.65757217258215,-44.0000006556511,0.2));
#9268=CARTESIAN_POINT('Origin',(14.5886769704521,-44.7060034424067,0.2));
#9269=CARTESIAN_POINT('Ctrl Pts',(12.8840377554297,-43.9672586321831,0.));
#9270=CARTESIAN_POINT('Ctrl Pts',(12.8840377554297,-43.9672586321831,0.2));
#9271=CARTESIAN_POINT('Ctrl Pts',(12.7989474011788,-43.9696598393433,0.));
#9272=CARTESIAN_POINT('Ctrl Pts',(12.7989474011788,-43.9696598393433,0.2));
#9273=CARTESIAN_POINT('Ctrl Pts',(12.645313431702,-43.9739953129797,0.));
#9274=CARTESIAN_POINT('Ctrl Pts',(12.645313431702,-43.9739953129797,0.2));
#9275=CARTESIAN_POINT('Ctrl Pts',(12.5127557737343,-44.0504668689826,0.));
#9276=CARTESIAN_POINT('Ctrl Pts',(12.5127557737343,-44.0504668689826,0.2));
#9277=CARTESIAN_POINT('Ctrl Pts',(12.4536153301597,-44.0845845639706,0.));
#9278=CARTESIAN_POINT('Ctrl Pts',(12.4536153301597,-44.0845845639706,0.2));
#9279=CARTESIAN_POINT('',(12.8840377554297,-43.9672586321831,0.));
#9280=CARTESIAN_POINT('',(12.4536153301597,-44.0845845639706,0.));
#9281=CARTESIAN_POINT('Ctrl Pts',(12.8840377554297,-43.9672586321831,0.));
#9282=CARTESIAN_POINT('Ctrl Pts',(12.7989474011788,-43.9696598393433,0.));
#9283=CARTESIAN_POINT('Ctrl Pts',(12.645313431702,-43.9739953129797,0.));
#9284=CARTESIAN_POINT('Ctrl Pts',(12.5127557737343,-44.0504668689826,0.));
#9285=CARTESIAN_POINT('Ctrl Pts',(12.4536153301597,-44.0845845639706,0.));
#9286=CARTESIAN_POINT('',(12.8840377554297,-43.9672586321831,0.2));
#9287=CARTESIAN_POINT('',(12.8840377554297,-43.9672586321831,0.));
#9288=CARTESIAN_POINT('',(12.4536153301597,-44.0845845639706,0.2));
#9289=CARTESIAN_POINT('Ctrl Pts',(12.8840377554297,-43.9672586321831,0.2));
#9290=CARTESIAN_POINT('Ctrl Pts',(12.7989474011788,-43.9696598393433,0.2));
#9291=CARTESIAN_POINT('Ctrl Pts',(12.645313431702,-43.9739953129797,0.2));
#9292=CARTESIAN_POINT('Ctrl Pts',(12.5127557737343,-44.0504668689826,0.2));
#9293=CARTESIAN_POINT('Ctrl Pts',(12.4536153301597,-44.0845845639706,0.2));
#9294=CARTESIAN_POINT('',(12.4536153301597,-44.0845845639706,0.));
#9295=CARTESIAN_POINT('Ctrl Pts',(13.1896313652396,-44.0266036987305,0.));
#9296=CARTESIAN_POINT('Ctrl Pts',(13.1896313652396,-44.0266036987305,0.2));
#9297=CARTESIAN_POINT('Ctrl Pts',(13.1421438949,-44.0093013344705,0.));
#9298=CARTESIAN_POINT('Ctrl Pts',(13.1421438949,-44.0093013344705,0.2));
#9299=CARTESIAN_POINT('Ctrl Pts',(13.0434842226639,-43.9733540503852,0.));
#9300=CARTESIAN_POINT('Ctrl Pts',(13.0434842226639,-43.9733540503852,0.2));
#9301=CARTESIAN_POINT('Ctrl Pts',(12.9384936371319,-43.9693404053217,0.));
#9302=CARTESIAN_POINT('Ctrl Pts',(12.9384936371319,-43.9693404053217,0.2));
#9303=CARTESIAN_POINT('Ctrl Pts',(12.8840377554297,-43.9672586321831,0.));
#9304=CARTESIAN_POINT('Ctrl Pts',(12.8840377554297,-43.9672586321831,0.2));
#9305=CARTESIAN_POINT('',(13.1896313652396,-44.0266036987305,0.));
#9306=CARTESIAN_POINT('Ctrl Pts',(13.1896313652396,-44.0266036987305,0.));
#9307=CARTESIAN_POINT('Ctrl Pts',(13.1421438949,-44.0093013344705,0.));
#9308=CARTESIAN_POINT('Ctrl Pts',(13.0434842226639,-43.9733540503852,0.));
#9309=CARTESIAN_POINT('Ctrl Pts',(12.9384936371319,-43.9693404053217,0.));
#9310=CARTESIAN_POINT('Ctrl Pts',(12.8840377554297,-43.9672586321831,0.));
#9311=CARTESIAN_POINT('',(13.1896313652396,-44.0266036987305,0.2));
#9312=CARTESIAN_POINT('',(13.1896313652396,-44.0266036987305,0.));
#9313=CARTESIAN_POINT('Ctrl Pts',(13.1896313652396,-44.0266036987305,0.2));
#9314=CARTESIAN_POINT('Ctrl Pts',(13.1421438949,-44.0093013344705,0.2));
#9315=CARTESIAN_POINT('Ctrl Pts',(13.0434842226639,-43.9733540503852,0.2));
#9316=CARTESIAN_POINT('Ctrl Pts',(12.9384936371319,-43.9693404053217,0.2));
#9317=CARTESIAN_POINT('Ctrl Pts',(12.8840377554297,-43.9672586321831,0.2));
#9318=CARTESIAN_POINT('Ctrl Pts',(13.3963164314628,-44.1944071650505,0.));
#9319=CARTESIAN_POINT('Ctrl Pts',(13.3963164314628,-44.1944071650505,0.2));
#9320=CARTESIAN_POINT('Ctrl Pts',(13.3690851161355,-44.1599941857254,0.));
#9321=CARTESIAN_POINT('Ctrl Pts',(13.3690851161355,-44.1599941857254,0.2));
#9322=CARTESIAN_POINT('Ctrl Pts',(13.31272698846,-44.0887728341605,0.));
#9323=CARTESIAN_POINT('Ctrl Pts',(13.31272698846,-44.0887728341605,0.2));
#9324=CARTESIAN_POINT('Ctrl Pts',(13.2315730583312,-44.0477862455161,0.));
#9325=CARTESIAN_POINT('Ctrl Pts',(13.2315730583312,-44.0477862455161,0.2));
#9326=CARTESIAN_POINT('Ctrl Pts',(13.1896313652396,-44.0266036987305,0.));
#9327=CARTESIAN_POINT('Ctrl Pts',(13.1896313652396,-44.0266036987305,0.2));
#9328=CARTESIAN_POINT('',(13.3963164314628,-44.1944071650505,0.));
#9329=CARTESIAN_POINT('Ctrl Pts',(13.3963164314628,-44.1944071650505,0.));
#9330=CARTESIAN_POINT('Ctrl Pts',(13.3690851161355,-44.1599941857254,0.));
#9331=CARTESIAN_POINT('Ctrl Pts',(13.31272698846,-44.0887728341605,0.));
#9332=CARTESIAN_POINT('Ctrl Pts',(13.2315730583312,-44.0477862455161,0.));
#9333=CARTESIAN_POINT('Ctrl Pts',(13.1896313652396,-44.0266036987305,0.));
#9334=CARTESIAN_POINT('',(13.3963164314628,-44.1944071650505,0.2));
#9335=CARTESIAN_POINT('',(13.3963164314628,-44.1944071650505,0.));
#9336=CARTESIAN_POINT('Ctrl Pts',(13.3963164314628,-44.1944071650505,0.2));
#9337=CARTESIAN_POINT('Ctrl Pts',(13.3690851161355,-44.1599941857254,0.2));
#9338=CARTESIAN_POINT('Ctrl Pts',(13.31272698846,-44.0887728341605,0.2));
#9339=CARTESIAN_POINT('Ctrl Pts',(13.2315730583312,-44.0477862455161,0.2));
#9340=CARTESIAN_POINT('Ctrl Pts',(13.1896313652396,-44.0266036987305,0.2));
#9341=CARTESIAN_POINT('Ctrl Pts',(13.4679397568107,-44.4256487488747,0.));
#9342=CARTESIAN_POINT('Ctrl Pts',(13.4679397568107,-44.4256487488747,0.2));
#9343=CARTESIAN_POINT('Ctrl Pts',(13.4647784835233,-44.3850522239772,0.));
#9344=CARTESIAN_POINT('Ctrl Pts',(13.4647784835233,-44.3850522239772,0.2));
#9345=CARTESIAN_POINT('Ctrl Pts',(13.4583585810826,-44.3026089469855,0.));
#9346=CARTESIAN_POINT('Ctrl Pts',(13.4583585810826,-44.3026089469855,0.2));
#9347=CARTESIAN_POINT('Ctrl Pts',(13.4172051742978,-44.2308372244695,0.));
#9348=CARTESIAN_POINT('Ctrl Pts',(13.4172051742978,-44.2308372244695,0.2));
#9349=CARTESIAN_POINT('Ctrl Pts',(13.3963164314628,-44.1944071650505,0.));
#9350=CARTESIAN_POINT('Ctrl Pts',(13.3963164314628,-44.1944071650505,0.2));
#9351=CARTESIAN_POINT('',(13.4679397568107,-44.4256487488747,0.));
#9352=CARTESIAN_POINT('Ctrl Pts',(13.4679397568107,-44.4256487488747,0.));
#9353=CARTESIAN_POINT('Ctrl Pts',(13.4647784835233,-44.3850522239772,0.));
#9354=CARTESIAN_POINT('Ctrl Pts',(13.4583585810826,-44.3026089469855,0.));
#9355=CARTESIAN_POINT('Ctrl Pts',(13.4172051742978,-44.2308372244695,0.));
#9356=CARTESIAN_POINT('Ctrl Pts',(13.3963164314628,-44.1944071650505,0.));
#9357=CARTESIAN_POINT('',(13.4679397568107,-44.4256487488747,0.2));
#9358=CARTESIAN_POINT('',(13.4679397568107,-44.4256487488747,0.));
#9359=CARTESIAN_POINT('Ctrl Pts',(13.4679397568107,-44.4256487488747,0.2));
#9360=CARTESIAN_POINT('Ctrl Pts',(13.4647784835233,-44.3850522239772,0.2));
#9361=CARTESIAN_POINT('Ctrl Pts',(13.4583585810826,-44.3026089469855,0.2));
#9362=CARTESIAN_POINT('Ctrl Pts',(13.4172051742978,-44.2308372244695,0.2));
#9363=CARTESIAN_POINT('Ctrl Pts',(13.3963164314628,-44.1944071650505,0.2));
#9364=CARTESIAN_POINT('Ctrl Pts',(13.4092768654227,-44.6357440948486,0.));
#9365=CARTESIAN_POINT('Ctrl Pts',(13.4092768654227,-44.6357440948486,0.2));
#9366=CARTESIAN_POINT('Ctrl Pts',(13.4263738703475,-44.6048393197463,0.));
#9367=CARTESIAN_POINT('Ctrl Pts',(13.4263738703475,-44.6048393197463,0.2));
#9368=CARTESIAN_POINT('Ctrl Pts',(13.4624787440889,-44.539575666376,0.));
#9369=CARTESIAN_POINT('Ctrl Pts',(13.4624787440889,-44.539575666376,0.2));
#9370=CARTESIAN_POINT('Ctrl Pts',(13.4660563046614,-44.4649410758764,0.));
#9371=CARTESIAN_POINT('Ctrl Pts',(13.4660563046614,-44.4649410758764,0.2));
#9372=CARTESIAN_POINT('Ctrl Pts',(13.4679397568107,-44.4256487488747,0.));
#9373=CARTESIAN_POINT('Ctrl Pts',(13.4679397568107,-44.4256487488747,0.2));
#9374=CARTESIAN_POINT('',(13.4092768654227,-44.6357440948486,0.));
#9375=CARTESIAN_POINT('Ctrl Pts',(13.4092768654227,-44.6357440948486,0.));
#9376=CARTESIAN_POINT('Ctrl Pts',(13.4263738703475,-44.6048393197463,0.));
#9377=CARTESIAN_POINT('Ctrl Pts',(13.4624787440889,-44.539575666376,0.));
#9378=CARTESIAN_POINT('Ctrl Pts',(13.4660563046614,-44.4649410758764,0.));
#9379=CARTESIAN_POINT('Ctrl Pts',(13.4679397568107,-44.4256487488747,0.));
#9380=CARTESIAN_POINT('',(13.4092768654227,-44.6357440948486,0.2));
#9381=CARTESIAN_POINT('',(13.4092768654227,-44.6357440948486,0.));
#9382=CARTESIAN_POINT('Ctrl Pts',(13.4092768654227,-44.6357440948486,0.2));
#9383=CARTESIAN_POINT('Ctrl Pts',(13.4263738703475,-44.6048393197463,0.2));
#9384=CARTESIAN_POINT('Ctrl Pts',(13.4624787440889,-44.539575666376,0.2));
#9385=CARTESIAN_POINT('Ctrl Pts',(13.4660563046614,-44.4649410758764,0.2));
#9386=CARTESIAN_POINT('Ctrl Pts',(13.4679397568107,-44.4256487488747,0.2));
#9387=CARTESIAN_POINT('Ctrl Pts',(13.2476123794913,-44.7646664083004,0.));
#9388=CARTESIAN_POINT('Ctrl Pts',(13.2476123794913,-44.7646664083004,0.2));
#9389=CARTESIAN_POINT('Ctrl Pts',(13.27986476655,-44.7485428960845,0.));
#9390=CARTESIAN_POINT('Ctrl Pts',(13.27986476655,-44.7485428960845,0.2));
#9391=CARTESIAN_POINT('Ctrl Pts',(13.3429387352339,-44.7170111554189,0.));
#9392=CARTESIAN_POINT('Ctrl Pts',(13.3429387352339,-44.7170111554189,0.2));
#9393=CARTESIAN_POINT('Ctrl Pts',(13.3875011147322,-44.6624203253256,0.));
#9394=CARTESIAN_POINT('Ctrl Pts',(13.3875011147322,-44.6624203253256,0.2));
#9395=CARTESIAN_POINT('Ctrl Pts',(13.4092768654227,-44.6357440948486,0.));
#9396=CARTESIAN_POINT('Ctrl Pts',(13.4092768654227,-44.6357440948486,0.2));
#9397=CARTESIAN_POINT('',(13.2476123794913,-44.7646664083004,0.));
#9398=CARTESIAN_POINT('Ctrl Pts',(13.2476123794913,-44.7646664083004,0.));
#9399=CARTESIAN_POINT('Ctrl Pts',(13.27986476655,-44.7485428960845,0.));
#9400=CARTESIAN_POINT('Ctrl Pts',(13.3429387352339,-44.7170111554189,0.));
#9401=CARTESIAN_POINT('Ctrl Pts',(13.3875011147322,-44.6624203253256,0.));
#9402=CARTESIAN_POINT('Ctrl Pts',(13.4092768654227,-44.6357440948486,0.));
#9403=CARTESIAN_POINT('',(13.2476123794913,-44.7646664083004,0.2));
#9404=CARTESIAN_POINT('',(13.2476123794913,-44.7646664083004,0.));
#9405=CARTESIAN_POINT('Ctrl Pts',(13.2476123794913,-44.7646664083004,0.2));
#9406=CARTESIAN_POINT('Ctrl Pts',(13.27986476655,-44.7485428960845,0.2));
#9407=CARTESIAN_POINT('Ctrl Pts',(13.3429387352339,-44.7170111554189,0.2));
#9408=CARTESIAN_POINT('Ctrl Pts',(13.3875011147322,-44.6624203253256,0.2));
#9409=CARTESIAN_POINT('Ctrl Pts',(13.4092768654227,-44.6357440948486,0.2));
#9410=CARTESIAN_POINT('Ctrl Pts',(12.8840377554297,-44.8785817623138,0.));
#9411=CARTESIAN_POINT('Ctrl Pts',(12.8840377554297,-44.8785817623138,0.2));
#9412=CARTESIAN_POINT('Ctrl Pts',(12.9582103178646,-44.8588835030939,0.));
#9413=CARTESIAN_POINT('Ctrl Pts',(12.9582103178646,-44.8588835030939,0.2));
#9414=CARTESIAN_POINT('Ctrl Pts',(13.0811110390123,-44.8262443413336,0.));
#9415=CARTESIAN_POINT('Ctrl Pts',(13.0811110390123,-44.8262443413336,0.2));
#9416=CARTESIAN_POINT('Ctrl Pts',(13.2003400104625,-44.7821493592845,0.));
#9417=CARTESIAN_POINT('Ctrl Pts',(13.2003400104625,-44.7821493592845,0.2));
#9418=CARTESIAN_POINT('Ctrl Pts',(13.2476123794913,-44.7646664083004,0.));
#9419=CARTESIAN_POINT('Ctrl Pts',(13.2476123794913,-44.7646664083004,0.2));
#9420=CARTESIAN_POINT('',(12.8840377554297,-44.8785817623138,0.));
#9421=CARTESIAN_POINT('Ctrl Pts',(12.8840377554297,-44.8785817623138,0.));
#9422=CARTESIAN_POINT('Ctrl Pts',(12.9582103178646,-44.8588835030939,0.));
#9423=CARTESIAN_POINT('Ctrl Pts',(13.0811110390123,-44.8262443413336,0.));
#9424=CARTESIAN_POINT('Ctrl Pts',(13.2003400104625,-44.7821493592845,0.));
#9425=CARTESIAN_POINT('Ctrl Pts',(13.2476123794913,-44.7646664083004,0.));
#9426=CARTESIAN_POINT('',(12.8840377554297,-44.8785817623138,0.2));
#9427=CARTESIAN_POINT('',(12.8840377554297,-44.8785817623138,0.));
#9428=CARTESIAN_POINT('Ctrl Pts',(12.8840377554297,-44.8785817623138,0.2));
#9429=CARTESIAN_POINT('Ctrl Pts',(12.9582103178646,-44.8588835030939,0.2));
#9430=CARTESIAN_POINT('Ctrl Pts',(13.0811110390123,-44.8262443413336,0.2));
#9431=CARTESIAN_POINT('Ctrl Pts',(13.2003400104625,-44.7821493592845,0.2));
#9432=CARTESIAN_POINT('Ctrl Pts',(13.2476123794913,-44.7646664083004,0.2));
#9433=CARTESIAN_POINT('Ctrl Pts',(12.6671215519309,-44.9413377046585,0.));
#9434=CARTESIAN_POINT('Ctrl Pts',(12.6671215519309,-44.9413377046585,0.2));
#9435=CARTESIAN_POINT('Ctrl Pts',(12.6913028605907,-44.9337178457358,0.));
#9436=CARTESIAN_POINT('Ctrl Pts',(12.6913028605907,-44.9337178457358,0.2));
#9437=CARTESIAN_POINT('Ctrl Pts',(12.7631056950177,-44.9110917969853,0.));
#9438=CARTESIAN_POINT('Ctrl Pts',(12.7631056950177,-44.9110917969853,0.2));
#9439=CARTESIAN_POINT('Ctrl Pts',(12.8358150207915,-44.8915454277777,0.));
#9440=CARTESIAN_POINT('Ctrl Pts',(12.8358150207915,-44.8915454277777,0.2));
#9441=CARTESIAN_POINT('Ctrl Pts',(12.8840377554297,-44.8785817623138,0.));
#9442=CARTESIAN_POINT('Ctrl Pts',(12.8840377554297,-44.8785817623138,0.2));
#9443=CARTESIAN_POINT('',(12.6671215519309,-44.9413377046585,0.));
#9444=CARTESIAN_POINT('Ctrl Pts',(12.6671215519309,-44.9413377046585,0.));
#9445=CARTESIAN_POINT('Ctrl Pts',(12.6913028605907,-44.9337178457358,0.));
#9446=CARTESIAN_POINT('Ctrl Pts',(12.7631056950177,-44.9110917969853,0.));
#9447=CARTESIAN_POINT('Ctrl Pts',(12.8358150207915,-44.8915454277777,0.));
#9448=CARTESIAN_POINT('Ctrl Pts',(12.8840377554297,-44.8785817623138,0.));
#9449=CARTESIAN_POINT('',(12.6671215519309,-44.9413377046585,0.2));
#9450=CARTESIAN_POINT('',(12.6671215519309,-44.9413377046585,0.));
#9451=CARTESIAN_POINT('Ctrl Pts',(12.6671215519309,-44.9413377046585,0.2));
#9452=CARTESIAN_POINT('Ctrl Pts',(12.6913028605907,-44.9337178457358,0.2));
#9453=CARTESIAN_POINT('Ctrl Pts',(12.7631056950177,-44.9110917969853,0.2));
#9454=CARTESIAN_POINT('Ctrl Pts',(12.8358150207915,-44.8915454277777,0.2));
#9455=CARTESIAN_POINT('Ctrl Pts',(12.8840377554297,-44.8785817623138,0.2));
#9456=CARTESIAN_POINT('Ctrl Pts',(12.5729873403907,-45.0068219006062,0.));
#9457=CARTESIAN_POINT('Ctrl Pts',(12.5729873403907,-45.0068219006062,0.2));
#9458=CARTESIAN_POINT('Ctrl Pts',(12.5852102013468,-44.9938960343327,0.));
#9459=CARTESIAN_POINT('Ctrl Pts',(12.5852102013468,-44.9938960343327,0.2));
#9460=CARTESIAN_POINT('Ctrl Pts',(12.6119722312744,-44.9655947698992,0.));
#9461=CARTESIAN_POINT('Ctrl Pts',(12.6119722312744,-44.9655947698992,0.2));
#9462=CARTESIAN_POINT('Ctrl Pts',(12.6477074595301,-44.9498768652565,0.));
#9463=CARTESIAN_POINT('Ctrl Pts',(12.6477074595301,-44.9498768652565,0.2));
#9464=CARTESIAN_POINT('Ctrl Pts',(12.6671215519309,-44.9413377046585,0.));
#9465=CARTESIAN_POINT('Ctrl Pts',(12.6671215519309,-44.9413377046585,0.2));
#9466=CARTESIAN_POINT('',(12.5729873403907,-45.0068219006062,0.));
#9467=CARTESIAN_POINT('Ctrl Pts',(12.5729873403907,-45.0068219006062,0.));
#9468=CARTESIAN_POINT('Ctrl Pts',(12.5852102013468,-44.9938960343327,0.));
#9469=CARTESIAN_POINT('Ctrl Pts',(12.6119722312744,-44.9655947698992,0.));
#9470=CARTESIAN_POINT('Ctrl Pts',(12.6477074595301,-44.9498768652565,0.));
#9471=CARTESIAN_POINT('Ctrl Pts',(12.6671215519309,-44.9413377046585,0.));
#9472=CARTESIAN_POINT('',(12.5729873403907,-45.0068219006062,0.2));
#9473=CARTESIAN_POINT('',(12.5729873403907,-45.0068219006062,0.));
#9474=CARTESIAN_POINT('Ctrl Pts',(12.5729873403907,-45.0068219006062,0.2));
#9475=CARTESIAN_POINT('Ctrl Pts',(12.5852102013468,-44.9938960343327,0.2));
#9476=CARTESIAN_POINT('Ctrl Pts',(12.6119722312744,-44.9655947698992,0.2));
#9477=CARTESIAN_POINT('Ctrl Pts',(12.6477074595301,-44.9498768652565,0.2));
#9478=CARTESIAN_POINT('Ctrl Pts',(12.6671215519309,-44.9413377046585,0.2));
#9479=CARTESIAN_POINT('Ctrl Pts',(12.5429740175605,-45.0927701592445,0.));
#9480=CARTESIAN_POINT('Ctrl Pts',(12.5429740175605,-45.0927701592445,0.2));
#9481=CARTESIAN_POINT('Ctrl Pts',(12.5442477209275,-45.077222190906,0.));
#9482=CARTESIAN_POINT('Ctrl Pts',(12.5442477209275,-45.077222190906,0.2));
#9483=CARTESIAN_POINT('Ctrl Pts',(12.5468071316383,-45.0459797228957,0.));
#9484=CARTESIAN_POINT('Ctrl Pts',(12.5468071316383,-45.0459797228957,0.2));
#9485=CARTESIAN_POINT('Ctrl Pts',(12.5642333603625,-45.0199152566412,0.));
#9486=CARTESIAN_POINT('Ctrl Pts',(12.5642333603625,-45.0199152566412,0.2));
#9487=CARTESIAN_POINT('Ctrl Pts',(12.5729873403907,-45.0068219006062,0.));
#9488=CARTESIAN_POINT('Ctrl Pts',(12.5729873403907,-45.0068219006062,0.2));
#9489=CARTESIAN_POINT('',(12.5429740175605,-45.0927701592445,0.));
#9490=CARTESIAN_POINT('Ctrl Pts',(12.5429740175605,-45.0927701592445,0.));
#9491=CARTESIAN_POINT('Ctrl Pts',(12.5442477209275,-45.077222190906,0.));
#9492=CARTESIAN_POINT('Ctrl Pts',(12.5468071316383,-45.0459797228957,0.));
#9493=CARTESIAN_POINT('Ctrl Pts',(12.5642333603625,-45.0199152566412,0.));
#9494=CARTESIAN_POINT('Ctrl Pts',(12.5729873403907,-45.0068219006062,0.));
#9495=CARTESIAN_POINT('',(12.5429740175605,-45.0927701592445,0.2));
#9496=CARTESIAN_POINT('',(12.5429740175605,-45.0927701592445,0.));
#9497=CARTESIAN_POINT('Ctrl Pts',(12.5429740175605,-45.0927701592445,0.2));
#9498=CARTESIAN_POINT('Ctrl Pts',(12.5442477209275,-45.077222190906,0.2));
#9499=CARTESIAN_POINT('Ctrl Pts',(12.5468071316383,-45.0459797228957,0.2));
#9500=CARTESIAN_POINT('Ctrl Pts',(12.5642333603625,-45.0199152566412,0.2));
#9501=CARTESIAN_POINT('Ctrl Pts',(12.5729873403907,-45.0068219006062,0.2));
#9502=CARTESIAN_POINT('Ctrl Pts',(12.6152792200446,-45.2237387001514,0.));
#9503=CARTESIAN_POINT('Ctrl Pts',(12.6152792200446,-45.2237387001514,0.2));
#9504=CARTESIAN_POINT('Ctrl Pts',(12.5942113564408,-45.2050996107547,0.));
#9505=CARTESIAN_POINT('Ctrl Pts',(12.5942113564408,-45.2050996107547,0.2));
#9506=CARTESIAN_POINT('Ctrl Pts',(12.5543675335493,-45.1698491178359,0.));
#9507=CARTESIAN_POINT('Ctrl Pts',(12.5543675335493,-45.1698491178359,0.2));
#9508=CARTESIAN_POINT('Ctrl Pts',(12.5466233691001,-45.117458606295,0.));
#9509=CARTESIAN_POINT('Ctrl Pts',(12.5466233691001,-45.117458606295,0.2));
#9510=CARTESIAN_POINT('Ctrl Pts',(12.5429740175605,-45.0927701592445,0.));
#9511=CARTESIAN_POINT('Ctrl Pts',(12.5429740175605,-45.0927701592445,0.2));
#9512=CARTESIAN_POINT('',(12.6152792200446,-45.2237387001514,0.));
#9513=CARTESIAN_POINT('Ctrl Pts',(12.6152792200446,-45.2237387001514,0.));
#9514=CARTESIAN_POINT('Ctrl Pts',(12.5942113564408,-45.2050996107547,0.));
#9515=CARTESIAN_POINT('Ctrl Pts',(12.5543675335493,-45.1698491178359,0.));
#9516=CARTESIAN_POINT('Ctrl Pts',(12.5466233691001,-45.117458606295,0.));
#9517=CARTESIAN_POINT('Ctrl Pts',(12.5429740175605,-45.0927701592445,0.));
#9518=CARTESIAN_POINT('',(12.6152792200446,-45.2237387001514,0.2));
#9519=CARTESIAN_POINT('',(12.6152792200446,-45.2237387001514,0.));
#9520=CARTESIAN_POINT('Ctrl Pts',(12.6152792200446,-45.2237387001514,0.2));
#9521=CARTESIAN_POINT('Ctrl Pts',(12.5942113564408,-45.2050996107547,0.2));
#9522=CARTESIAN_POINT('Ctrl Pts',(12.5543675335493,-45.1698491178359,0.2));
#9523=CARTESIAN_POINT('Ctrl Pts',(12.5466233691001,-45.117458606295,0.2));
#9524=CARTESIAN_POINT('Ctrl Pts',(12.5429740175605,-45.0927701592445,0.2));
#9525=CARTESIAN_POINT('Ctrl Pts',(12.8567531332374,-45.2796731889248,0.));
#9526=CARTESIAN_POINT('Ctrl Pts',(12.8567531332374,-45.2796731889248,0.2));
#9527=CARTESIAN_POINT('Ctrl Pts',(12.8073330652008,-45.2792750595051,0.));
#9528=CARTESIAN_POINT('Ctrl Pts',(12.8073330652008,-45.2792750595051,0.2));
#9529=CARTESIAN_POINT('Ctrl Pts',(12.7221970205761,-45.2785892012013,0.));
#9530=CARTESIAN_POINT('Ctrl Pts',(12.7221970205761,-45.2785892012013,0.2));
#9531=CARTESIAN_POINT('Ctrl Pts',(12.6468771496639,-45.2399489314052,0.));
#9532=CARTESIAN_POINT('Ctrl Pts',(12.6468771496639,-45.2399489314052,0.2));
#9533=CARTESIAN_POINT('Ctrl Pts',(12.6152792200446,-45.2237387001514,0.));
#9534=CARTESIAN_POINT('Ctrl Pts',(12.6152792200446,-45.2237387001514,0.2));
#9535=CARTESIAN_POINT('',(12.8567531332374,-45.2796731889248,0.));
#9536=CARTESIAN_POINT('Ctrl Pts',(12.8567531332374,-45.2796731889248,0.));
#9537=CARTESIAN_POINT('Ctrl Pts',(12.8073330652008,-45.2792750595051,0.));
#9538=CARTESIAN_POINT('Ctrl Pts',(12.7221970205761,-45.2785892012013,0.));
#9539=CARTESIAN_POINT('Ctrl Pts',(12.6468771496639,-45.2399489314052,0.));
#9540=CARTESIAN_POINT('Ctrl Pts',(12.6152792200446,-45.2237387001514,0.));
#9541=CARTESIAN_POINT('',(12.8567531332374,-45.2796731889248,0.2));
#9542=CARTESIAN_POINT('',(12.8567531332374,-45.2796731889248,0.));
#9543=CARTESIAN_POINT('Ctrl Pts',(12.8567531332374,-45.2796731889248,0.2));
#9544=CARTESIAN_POINT('Ctrl Pts',(12.8073330652008,-45.2792750595051,0.2));
#9545=CARTESIAN_POINT('Ctrl Pts',(12.7221970205761,-45.2785892012013,0.2));
#9546=CARTESIAN_POINT('Ctrl Pts',(12.6468771496639,-45.2399489314052,0.2));
#9547=CARTESIAN_POINT('Ctrl Pts',(12.6152792200446,-45.2237387001514,0.2));
#9548=CARTESIAN_POINT('Ctrl Pts',(13.0784448608756,-45.2169173955917,0.));
#9549=CARTESIAN_POINT('Ctrl Pts',(13.0784448608756,-45.2169173955917,0.2));
#9550=CARTESIAN_POINT('Ctrl Pts',(13.0476697313731,-45.2351776554039,0.));
#9551=CARTESIAN_POINT('Ctrl Pts',(13.0476697313731,-45.2351776554039,0.2));
#9552=CARTESIAN_POINT('Ctrl Pts',(12.9796244361267,-45.2755519703226,0.));
#9553=CARTESIAN_POINT('Ctrl Pts',(12.9796244361267,-45.2755519703226,0.2));
#9554=CARTESIAN_POINT('Ctrl Pts',(12.900236148749,-45.2782147278506,0.));
#9555=CARTESIAN_POINT('Ctrl Pts',(12.900236148749,-45.2782147278506,0.2));
#9556=CARTESIAN_POINT('Ctrl Pts',(12.8567531332374,-45.2796731889248,0.));
#9557=CARTESIAN_POINT('Ctrl Pts',(12.8567531332374,-45.2796731889248,0.2));
#9558=CARTESIAN_POINT('',(13.0784448608756,-45.2169173955917,0.));
#9559=CARTESIAN_POINT('Ctrl Pts',(13.0784448608756,-45.2169173955917,0.));
#9560=CARTESIAN_POINT('Ctrl Pts',(13.0476697313731,-45.2351776554039,0.));
#9561=CARTESIAN_POINT('Ctrl Pts',(12.9796244361267,-45.2755519703226,0.));
#9562=CARTESIAN_POINT('Ctrl Pts',(12.900236148749,-45.2782147278506,0.));
#9563=CARTESIAN_POINT('Ctrl Pts',(12.8567531332374,-45.2796731889248,0.));
#9564=CARTESIAN_POINT('',(13.0784448608756,-45.2169173955917,0.2));
#9565=CARTESIAN_POINT('',(13.0784448608756,-45.2169173955917,0.));
#9566=CARTESIAN_POINT('Ctrl Pts',(13.0784448608756,-45.2169173955917,0.2));
#9567=CARTESIAN_POINT('Ctrl Pts',(13.0476697313731,-45.2351776554039,0.2));
#9568=CARTESIAN_POINT('Ctrl Pts',(12.9796244361267,-45.2755519703226,0.2));
#9569=CARTESIAN_POINT('Ctrl Pts',(12.900236148749,-45.2782147278506,0.2));
#9570=CARTESIAN_POINT('Ctrl Pts',(12.8567531332374,-45.2796731889248,0.2));
#9571=CARTESIAN_POINT('Ctrl Pts',(13.1732603535056,-45.0422924757004,0.));
#9572=CARTESIAN_POINT('Ctrl Pts',(13.1732603535056,-45.0422924757004,0.2));
#9573=CARTESIAN_POINT('Ctrl Pts',(13.1656693968772,-45.0771647642313,0.));
#9574=CARTESIAN_POINT('Ctrl Pts',(13.1656693968772,-45.0771647642313,0.2));
#9575=CARTESIAN_POINT('Ctrl Pts',(13.1509697614463,-45.1446937929339,0.));
#9576=CARTESIAN_POINT('Ctrl Pts',(13.1509697614463,-45.1446937929339,0.2));
#9577=CARTESIAN_POINT('Ctrl Pts',(13.1020852127991,-45.1933752552981,0.));
#9578=CARTESIAN_POINT('Ctrl Pts',(13.1020852127991,-45.1933752552981,0.2));
#9579=CARTESIAN_POINT('Ctrl Pts',(13.0784448608756,-45.2169173955917,0.));
#9580=CARTESIAN_POINT('Ctrl Pts',(13.0784448608756,-45.2169173955917,0.2));
#9581=CARTESIAN_POINT('',(13.1732603535056,-45.0422924757004,0.));
#9582=CARTESIAN_POINT('Ctrl Pts',(13.1732603535056,-45.0422924757004,0.));
#9583=CARTESIAN_POINT('Ctrl Pts',(13.1656693968772,-45.0771647642313,0.));
#9584=CARTESIAN_POINT('Ctrl Pts',(13.1509697614463,-45.1446937929339,0.));
#9585=CARTESIAN_POINT('Ctrl Pts',(13.1020852127991,-45.1933752552981,0.));
#9586=CARTESIAN_POINT('Ctrl Pts',(13.0784448608756,-45.2169173955917,0.));
#9587=CARTESIAN_POINT('',(13.1732603535056,-45.0422924757004,0.2));
#9588=CARTESIAN_POINT('',(13.1732603535056,-45.0422924757004,0.));
#9589=CARTESIAN_POINT('Ctrl Pts',(13.1732603535056,-45.0422924757004,0.2));
#9590=CARTESIAN_POINT('Ctrl Pts',(13.1656693968772,-45.0771647642313,0.2));
#9591=CARTESIAN_POINT('Ctrl Pts',(13.1509697614463,-45.1446937929339,0.2));
#9592=CARTESIAN_POINT('Ctrl Pts',(13.1020852127991,-45.1933752552981,0.2));
#9593=CARTESIAN_POINT('Ctrl Pts',(13.0784448608756,-45.2169173955917,0.2));
#9594=CARTESIAN_POINT('Origin',(13.413369320333,-45.0750347971916,0.));
#9595=CARTESIAN_POINT('',(13.413369320333,-45.0750347971916,0.));
#9596=CARTESIAN_POINT('',(13.971672426668,-45.1511674799428,0.));
#9597=CARTESIAN_POINT('',(13.413369320333,-45.0750347971916,0.2));
#9598=CARTESIAN_POINT('',(13.413369320333,-45.0750347971916,0.));
#9599=CARTESIAN_POINT('',(13.413369320333,-45.0750347971916,0.2));
#9600=CARTESIAN_POINT('Ctrl Pts',(13.3287855610251,-45.2994549274445,0.));
#9601=CARTESIAN_POINT('Ctrl Pts',(13.3287855610251,-45.2994549274445,0.2));
#9602=CARTESIAN_POINT('Ctrl Pts',(13.3479052294636,-45.2674828079922,0.));
#9603=CARTESIAN_POINT('Ctrl Pts',(13.3479052294636,-45.2674828079922,0.2));
#9604=CARTESIAN_POINT('Ctrl Pts',(13.3895267104582,-45.1978829105658,0.));
#9605=CARTESIAN_POINT('Ctrl Pts',(13.3895267104582,-45.1978829105658,0.2));
#9606=CARTESIAN_POINT('Ctrl Pts',(13.4050025957226,-45.1181440179904,0.));
#9607=CARTESIAN_POINT('Ctrl Pts',(13.4050025957226,-45.1181440179904,0.2));
#9608=CARTESIAN_POINT('Ctrl Pts',(13.413369320333,-45.0750347971916,0.));
#9609=CARTESIAN_POINT('Ctrl Pts',(13.413369320333,-45.0750347971916,0.2));
#9610=CARTESIAN_POINT('',(13.3287855610251,-45.2994549274445,0.));
#9611=CARTESIAN_POINT('Ctrl Pts',(13.3287855610251,-45.2994549274445,0.));
#9612=CARTESIAN_POINT('Ctrl Pts',(13.3479052294636,-45.2674828079922,0.));
#9613=CARTESIAN_POINT('Ctrl Pts',(13.3895267104582,-45.1978829105658,0.));
#9614=CARTESIAN_POINT('Ctrl Pts',(13.4050025957226,-45.1181440179904,0.));
#9615=CARTESIAN_POINT('Ctrl Pts',(13.413369320333,-45.0750347971916,0.));
#9616=CARTESIAN_POINT('',(13.3287855610251,-45.2994549274445,0.2));
#9617=CARTESIAN_POINT('',(13.3287855610251,-45.2994549274445,0.));
#9618=CARTESIAN_POINT('Ctrl Pts',(13.3287855610251,-45.2994549274445,0.2));
#9619=CARTESIAN_POINT('Ctrl Pts',(13.3479052294636,-45.2674828079922,0.2));
#9620=CARTESIAN_POINT('Ctrl Pts',(13.3895267104582,-45.1978829105658,0.2));
#9621=CARTESIAN_POINT('Ctrl Pts',(13.4050025957226,-45.1181440179904,0.2));
#9622=CARTESIAN_POINT('Ctrl Pts',(13.413369320333,-45.0750347971916,0.2));
#9623=CARTESIAN_POINT('Ctrl Pts',(13.1384721025825,-45.4324699938297,0.));
#9624=CARTESIAN_POINT('Ctrl Pts',(13.1384721025825,-45.4324699938297,0.2));
#9625=CARTESIAN_POINT('Ctrl Pts',(13.1777103759676,-45.4158451158564,0.));
#9626=CARTESIAN_POINT('Ctrl Pts',(13.1777103759676,-45.4158451158564,0.2));
#9627=CARTESIAN_POINT('Ctrl Pts',(13.2507321290785,-45.3849065033708,0.));
#9628=CARTESIAN_POINT('Ctrl Pts',(13.2507321290785,-45.3849065033708,0.2));
#9629=CARTESIAN_POINT('Ctrl Pts',(13.3040965409682,-45.3264840486417,0.));
#9630=CARTESIAN_POINT('Ctrl Pts',(13.3040965409682,-45.3264840486417,0.2));
#9631=CARTESIAN_POINT('Ctrl Pts',(13.3287855610251,-45.2994549274445,0.));
#9632=CARTESIAN_POINT('Ctrl Pts',(13.3287855610251,-45.2994549274445,0.2));
#9633=CARTESIAN_POINT('',(13.1384721025825,-45.4324699938297,0.));
#9634=CARTESIAN_POINT('Ctrl Pts',(13.1384721025825,-45.4324699938297,0.));
#9635=CARTESIAN_POINT('Ctrl Pts',(13.1777103759676,-45.4158451158564,0.));
#9636=CARTESIAN_POINT('Ctrl Pts',(13.2507321290785,-45.3849065033708,0.));
#9637=CARTESIAN_POINT('Ctrl Pts',(13.3040965409682,-45.3264840486417,0.));
#9638=CARTESIAN_POINT('Ctrl Pts',(13.3287855610251,-45.2994549274445,0.));
#9639=CARTESIAN_POINT('',(13.1384721025825,-45.4324699938297,0.2));
#9640=CARTESIAN_POINT('',(13.1384721025825,-45.4324699938297,0.));
#9641=CARTESIAN_POINT('Ctrl Pts',(13.1384721025825,-45.4324699938297,0.2));
#9642=CARTESIAN_POINT('Ctrl Pts',(13.1777103759676,-45.4158451158564,0.2));
#9643=CARTESIAN_POINT('Ctrl Pts',(13.2507321290785,-45.3849065033708,0.2));
#9644=CARTESIAN_POINT('Ctrl Pts',(13.3040965409682,-45.3264840486417,0.2));
#9645=CARTESIAN_POINT('Ctrl Pts',(13.3287855610251,-45.2994549274445,0.2));
#9646=CARTESIAN_POINT('Ctrl Pts',(12.8390177711844,-45.4815831780434,0.));
#9647=CARTESIAN_POINT('Ctrl Pts',(12.8390177711844,-45.4815831780434,0.2));
#9648=CARTESIAN_POINT('Ctrl Pts',(12.8928216502802,-45.480017743014,0.));
#9649=CARTESIAN_POINT('Ctrl Pts',(12.8928216502802,-45.480017743014,0.2));
#9650=CARTESIAN_POINT('Ctrl Pts',(12.994905611307,-45.4770475889803,0.));
#9651=CARTESIAN_POINT('Ctrl Pts',(12.994905611307,-45.4770475889803,0.2));
#9652=CARTESIAN_POINT('Ctrl Pts',(13.0923746325691,-45.4467833223611,0.));
#9653=CARTESIAN_POINT('Ctrl Pts',(13.0923746325691,-45.4467833223611,0.2));
#9654=CARTESIAN_POINT('Ctrl Pts',(13.1384721025825,-45.4324699938297,0.));
#9655=CARTESIAN_POINT('Ctrl Pts',(13.1384721025825,-45.4324699938297,0.2));
#9656=CARTESIAN_POINT('',(12.8390177711844,-45.4815831780434,0.));
#9657=CARTESIAN_POINT('Ctrl Pts',(12.8390177711844,-45.4815831780434,0.));
#9658=CARTESIAN_POINT('Ctrl Pts',(12.8928216502802,-45.480017743014,0.));
#9659=CARTESIAN_POINT('Ctrl Pts',(12.994905611307,-45.4770475889803,0.));
#9660=CARTESIAN_POINT('Ctrl Pts',(13.0923746325691,-45.4467833223611,0.));
#9661=CARTESIAN_POINT('Ctrl Pts',(13.1384721025825,-45.4324699938297,0.));
#9662=CARTESIAN_POINT('',(12.8390177711844,-45.4815831780434,0.2));
#9663=CARTESIAN_POINT('',(12.8390177711844,-45.4815831780434,0.));
#9664=CARTESIAN_POINT('Ctrl Pts',(12.8390177711844,-45.4815831780434,0.2));
#9665=CARTESIAN_POINT('Ctrl Pts',(12.8928216502802,-45.480017743014,0.2));
#9666=CARTESIAN_POINT('Ctrl Pts',(12.994905611307,-45.4770475889803,0.2));
#9667=CARTESIAN_POINT('Ctrl Pts',(13.0923746325691,-45.4467833223611,0.2));
#9668=CARTESIAN_POINT('Ctrl Pts',(13.1384721025825,-45.4324699938297,0.2));
#9669=CARTESIAN_POINT('Ctrl Pts',(12.6268758997321,-45.4522515833378,0.));
#9670=CARTESIAN_POINT('Ctrl Pts',(12.6268758997321,-45.4522515833378,0.2));
#9671=CARTESIAN_POINT('Ctrl Pts',(12.660868170276,-45.4608053171192,0.));
#9672=CARTESIAN_POINT('Ctrl Pts',(12.660868170276,-45.4608053171192,0.2));
#9673=CARTESIAN_POINT('Ctrl Pts',(12.7304978614877,-45.4783267663304,0.));
#9674=CARTESIAN_POINT('Ctrl Pts',(12.7304978614877,-45.4783267663304,0.2));
#9675=CARTESIAN_POINT('Ctrl Pts',(12.8022791393018,-45.4804807433702,0.));
#9676=CARTESIAN_POINT('Ctrl Pts',(12.8022791393018,-45.4804807433702,0.2));
#9677=CARTESIAN_POINT('Ctrl Pts',(12.8390177711844,-45.4815831780434,0.));
#9678=CARTESIAN_POINT('Ctrl Pts',(12.8390177711844,-45.4815831780434,0.2));
#9679=CARTESIAN_POINT('',(12.6268758997321,-45.4522515833378,0.));
#9680=CARTESIAN_POINT('Ctrl Pts',(12.6268758997321,-45.4522515833378,0.));
#9681=CARTESIAN_POINT('Ctrl Pts',(12.660868170276,-45.4608053171192,0.));
#9682=CARTESIAN_POINT('Ctrl Pts',(12.7304978614877,-45.4783267663304,0.));
#9683=CARTESIAN_POINT('Ctrl Pts',(12.8022791393018,-45.4804807433702,0.));
#9684=CARTESIAN_POINT('Ctrl Pts',(12.8390177711844,-45.4815831780434,0.));
#9685=CARTESIAN_POINT('',(12.6268758997321,-45.4522515833378,0.2));
#9686=CARTESIAN_POINT('',(12.6268758997321,-45.4522515833378,0.));
#9687=CARTESIAN_POINT('Ctrl Pts',(12.6268758997321,-45.4522515833378,0.2));
#9688=CARTESIAN_POINT('Ctrl Pts',(12.660868170276,-45.4608053171192,0.2));
#9689=CARTESIAN_POINT('Ctrl Pts',(12.7304978614877,-45.4783267663304,0.2));
#9690=CARTESIAN_POINT('Ctrl Pts',(12.8022791393018,-45.4804807433702,0.2));
#9691=CARTESIAN_POINT('Ctrl Pts',(12.8390177711844,-45.4815831780434,0.2));
#9692=CARTESIAN_POINT('Ctrl Pts',(12.4706682190299,-45.3806281089783,0.));
#9693=CARTESIAN_POINT('Ctrl Pts',(12.4706682190299,-45.3806281089783,0.2));
#9694=CARTESIAN_POINT('Ctrl Pts',(12.4928088615299,-45.3945562099042,0.));
#9695=CARTESIAN_POINT('Ctrl Pts',(12.4928088615299,-45.3945562099042,0.2));
#9696=CARTESIAN_POINT('Ctrl Pts',(12.5416658737439,-45.425290882444,0.));
#9697=CARTESIAN_POINT('Ctrl Pts',(12.5416658737439,-45.425290882444,0.2));
#9698=CARTESIAN_POINT('Ctrl Pts',(12.5967528259783,-45.442720554893,0.));
#9699=CARTESIAN_POINT('Ctrl Pts',(12.5967528259783,-45.442720554893,0.2));
#9700=CARTESIAN_POINT('Ctrl Pts',(12.6268758997321,-45.4522515833378,0.));
#9701=CARTESIAN_POINT('Ctrl Pts',(12.6268758997321,-45.4522515833378,0.2));
#9702=CARTESIAN_POINT('',(12.4706682190299,-45.3806281089783,0.));
#9703=CARTESIAN_POINT('Ctrl Pts',(12.4706682190299,-45.3806281089783,0.));
#9704=CARTESIAN_POINT('Ctrl Pts',(12.4928088615299,-45.3945562099042,0.));
#9705=CARTESIAN_POINT('Ctrl Pts',(12.5416658737439,-45.425290882444,0.));
#9706=CARTESIAN_POINT('Ctrl Pts',(12.5967528259783,-45.442720554893,0.));
#9707=CARTESIAN_POINT('Ctrl Pts',(12.6268758997321,-45.4522515833378,0.));
#9708=CARTESIAN_POINT('',(12.4706682190299,-45.3806281089783,0.2));
#9709=CARTESIAN_POINT('',(12.4706682190299,-45.3806281089783,0.));
#9710=CARTESIAN_POINT('Ctrl Pts',(12.4706682190299,-45.3806281089783,0.2));
#9711=CARTESIAN_POINT('Ctrl Pts',(12.4928088615299,-45.3945562099042,0.2));
#9712=CARTESIAN_POINT('Ctrl Pts',(12.5416658737439,-45.425290882444,0.2));
#9713=CARTESIAN_POINT('Ctrl Pts',(12.5967528259783,-45.442720554893,0.2));
#9714=CARTESIAN_POINT('Ctrl Pts',(12.6268758997321,-45.4522515833378,0.2));
#9715=CARTESIAN_POINT('Ctrl Pts',(12.34993185848,-45.2435204386711,0.));
#9716=CARTESIAN_POINT('Ctrl Pts',(12.34993185848,-45.2435204386711,0.2));
#9717=CARTESIAN_POINT('Ctrl Pts',(12.3660538885652,-45.2698725125929,0.));
#9718=CARTESIAN_POINT('Ctrl Pts',(12.3660538885652,-45.2698725125929,0.2));
#9719=CARTESIAN_POINT('Ctrl Pts',(12.3983152490829,-45.3226049385145,0.));
#9720=CARTESIAN_POINT('Ctrl Pts',(12.3983152490829,-45.3226049385145,0.2));
#9721=CARTESIAN_POINT('Ctrl Pts',(12.4465419417636,-45.361280138888,0.));
#9722=CARTESIAN_POINT('Ctrl Pts',(12.4465419417636,-45.361280138888,0.2));
#9723=CARTESIAN_POINT('Ctrl Pts',(12.4706682190299,-45.3806281089783,0.));
#9724=CARTESIAN_POINT('Ctrl Pts',(12.4706682190299,-45.3806281089783,0.2));
#9725=CARTESIAN_POINT('',(12.34993185848,-45.2435204386711,0.));
#9726=CARTESIAN_POINT('Ctrl Pts',(12.34993185848,-45.2435204386711,0.));
#9727=CARTESIAN_POINT('Ctrl Pts',(12.3660538885652,-45.2698725125929,0.));
#9728=CARTESIAN_POINT('Ctrl Pts',(12.3983152490829,-45.3226049385145,0.));
#9729=CARTESIAN_POINT('Ctrl Pts',(12.4465419417636,-45.361280138888,0.));
#9730=CARTESIAN_POINT('Ctrl Pts',(12.4706682190299,-45.3806281089783,0.));
#9731=CARTESIAN_POINT('',(12.34993185848,-45.2435204386711,0.2));
#9732=CARTESIAN_POINT('',(12.34993185848,-45.2435204386711,0.));
#9733=CARTESIAN_POINT('Ctrl Pts',(12.34993185848,-45.2435204386711,0.2));
#9734=CARTESIAN_POINT('Ctrl Pts',(12.3660538885652,-45.2698725125929,0.2));
#9735=CARTESIAN_POINT('Ctrl Pts',(12.3983152490829,-45.3226049385145,0.2));
#9736=CARTESIAN_POINT('Ctrl Pts',(12.4465419417636,-45.361280138888,0.2));
#9737=CARTESIAN_POINT('Ctrl Pts',(12.4706682190299,-45.3806281089783,0.2));
#9738=CARTESIAN_POINT('Ctrl Pts',(12.3055931553245,-45.0641205906868,0.));
#9739=CARTESIAN_POINT('Ctrl Pts',(12.3055931553245,-45.0641205906868,0.2));
#9740=CARTESIAN_POINT('Ctrl Pts',(12.3073754276244,-45.0956892240858,0.));
#9741=CARTESIAN_POINT('Ctrl Pts',(12.3073754276244,-45.0956892240858,0.2));
#9742=CARTESIAN_POINT('Ctrl Pts',(12.3109092114484,-45.158281638305,0.));
#9743=CARTESIAN_POINT('Ctrl Pts',(12.3109092114484,-45.158281638305,0.2));
#9744=CARTESIAN_POINT('Ctrl Pts',(12.3370000142833,-45.2152728704077,0.));
#9745=CARTESIAN_POINT('Ctrl Pts',(12.3370000142833,-45.2152728704077,0.2));
#9746=CARTESIAN_POINT('Ctrl Pts',(12.34993185848,-45.2435204386711,0.));
#9747=CARTESIAN_POINT('Ctrl Pts',(12.34993185848,-45.2435204386711,0.2));
#9748=CARTESIAN_POINT('',(12.3055931553245,-45.0641205906868,0.));
#9749=CARTESIAN_POINT('Ctrl Pts',(12.3055931553245,-45.0641205906868,0.));
#9750=CARTESIAN_POINT('Ctrl Pts',(12.3073754276244,-45.0956892240858,0.));
#9751=CARTESIAN_POINT('Ctrl Pts',(12.3109092114484,-45.158281638305,0.));
#9752=CARTESIAN_POINT('Ctrl Pts',(12.3370000142833,-45.2152728704077,0.));
#9753=CARTESIAN_POINT('Ctrl Pts',(12.34993185848,-45.2435204386711,0.));
#9754=CARTESIAN_POINT('',(12.3055931553245,-45.0641205906868,0.2));
#9755=CARTESIAN_POINT('',(12.3055931553245,-45.0641205906868,0.));
#9756=CARTESIAN_POINT('Ctrl Pts',(12.3055931553245,-45.0641205906868,0.2));
#9757=CARTESIAN_POINT('Ctrl Pts',(12.3073754276244,-45.0956892240858,0.2));
#9758=CARTESIAN_POINT('Ctrl Pts',(12.3109092114484,-45.158281638305,0.2));
#9759=CARTESIAN_POINT('Ctrl Pts',(12.3370000142833,-45.2152728704077,0.2));
#9760=CARTESIAN_POINT('Ctrl Pts',(12.34993185848,-45.2435204386711,0.2));
#9761=CARTESIAN_POINT('Ctrl Pts',(12.3594817146659,-44.8697140812874,0.));
#9762=CARTESIAN_POINT('Ctrl Pts',(12.3594817146659,-44.8697140812874,0.2));
#9763=CARTESIAN_POINT('Ctrl Pts',(12.3437643657192,-44.899955285764,0.));
#9764=CARTESIAN_POINT('Ctrl Pts',(12.3437643657192,-44.899955285764,0.2));
#9765=CARTESIAN_POINT('Ctrl Pts',(12.3120714302118,-44.960934560729,0.));
#9766=CARTESIAN_POINT('Ctrl Pts',(12.3120714302118,-44.960934560729,0.2));
#9767=CARTESIAN_POINT('Ctrl Pts',(12.3077642786725,-45.0295389153605,0.));
#9768=CARTESIAN_POINT('Ctrl Pts',(12.3077642786725,-45.0295389153605,0.2));
#9769=CARTESIAN_POINT('Ctrl Pts',(12.3055931553245,-45.0641205906868,0.));
#9770=CARTESIAN_POINT('Ctrl Pts',(12.3055931553245,-45.0641205906868,0.2));
#9771=CARTESIAN_POINT('',(12.3594817146659,-44.8697140812874,0.));
#9772=CARTESIAN_POINT('Ctrl Pts',(12.3594817146659,-44.8697140812874,0.));
#9773=CARTESIAN_POINT('Ctrl Pts',(12.3437643657192,-44.899955285764,0.));
#9774=CARTESIAN_POINT('Ctrl Pts',(12.3120714302118,-44.960934560729,0.));
#9775=CARTESIAN_POINT('Ctrl Pts',(12.3077642786725,-45.0295389153605,0.));
#9776=CARTESIAN_POINT('Ctrl Pts',(12.3055931553245,-45.0641205906868,0.));
#9777=CARTESIAN_POINT('',(12.3594817146659,-44.8697140812874,0.2));
#9778=CARTESIAN_POINT('',(12.3594817146659,-44.8697140812874,0.));
#9779=CARTESIAN_POINT('Ctrl Pts',(12.3594817146659,-44.8697140812874,0.2));
#9780=CARTESIAN_POINT('Ctrl Pts',(12.3437643657192,-44.899955285764,0.2));
#9781=CARTESIAN_POINT('Ctrl Pts',(12.3120714302118,-44.960934560729,0.2));
#9782=CARTESIAN_POINT('Ctrl Pts',(12.3077642786725,-45.0295389153605,0.2));
#9783=CARTESIAN_POINT('Ctrl Pts',(12.3055931553245,-45.0641205906868,0.2));
#9784=CARTESIAN_POINT('Ctrl Pts',(12.5177350267768,-44.7319242358208,0.));
#9785=CARTESIAN_POINT('Ctrl Pts',(12.5177350267768,-44.7319242358208,0.2));
#9786=CARTESIAN_POINT('Ctrl Pts',(12.4853428018111,-44.7496455416412,0.));
#9787=CARTESIAN_POINT('Ctrl Pts',(12.4853428018111,-44.7496455416412,0.2));
#9788=CARTESIAN_POINT('Ctrl Pts',(12.4224624214035,-44.7840464650877,0.));
#9789=CARTESIAN_POINT('Ctrl Pts',(12.4224624214035,-44.7840464650877,0.2));
#9790=CARTESIAN_POINT('Ctrl Pts',(12.3800471606096,-44.8417405506406,0.));
#9791=CARTESIAN_POINT('Ctrl Pts',(12.3800471606096,-44.8417405506406,0.2));
#9792=CARTESIAN_POINT('Ctrl Pts',(12.3594817146659,-44.8697140812874,0.));
#9793=CARTESIAN_POINT('Ctrl Pts',(12.3594817146659,-44.8697140812874,0.2));
#9794=CARTESIAN_POINT('',(12.5177350267768,-44.7319242358208,0.));
#9795=CARTESIAN_POINT('Ctrl Pts',(12.5177350267768,-44.7319242358208,0.));
#9796=CARTESIAN_POINT('Ctrl Pts',(12.4853428018111,-44.7496455416412,0.));
#9797=CARTESIAN_POINT('Ctrl Pts',(12.4224624214035,-44.7840464650877,0.));
#9798=CARTESIAN_POINT('Ctrl Pts',(12.3800471606096,-44.8417405506406,0.));
#9799=CARTESIAN_POINT('Ctrl Pts',(12.3594817146659,-44.8697140812874,0.));
#9800=CARTESIAN_POINT('',(12.5177350267768,-44.7319242358208,0.2));
#9801=CARTESIAN_POINT('',(12.5177350267768,-44.7319242358208,0.));
#9802=CARTESIAN_POINT('Ctrl Pts',(12.5177350267768,-44.7319242358208,0.2));
#9803=CARTESIAN_POINT('Ctrl Pts',(12.4853428018111,-44.7496455416412,0.2));
#9804=CARTESIAN_POINT('Ctrl Pts',(12.4224624214035,-44.7840464650877,0.2));
#9805=CARTESIAN_POINT('Ctrl Pts',(12.3800471606096,-44.8417405506406,0.2));
#9806=CARTESIAN_POINT('Ctrl Pts',(12.3594817146659,-44.8697140812874,0.2));
#9807=CARTESIAN_POINT('Ctrl Pts',(12.8922238573432,-44.6139159798622,0.));
#9808=CARTESIAN_POINT('Ctrl Pts',(12.8922238573432,-44.6139159798622,0.2));
#9809=CARTESIAN_POINT('Ctrl Pts',(12.8153625954711,-44.6331694530805,0.));
#9810=CARTESIAN_POINT('Ctrl Pts',(12.8153625954711,-44.6331694530805,0.2));
#9811=CARTESIAN_POINT('Ctrl Pts',(12.6881089317328,-44.6650460440581,0.));
#9812=CARTESIAN_POINT('Ctrl Pts',(12.6881089317328,-44.6650460440581,0.2));
#9813=CARTESIAN_POINT('Ctrl Pts',(12.5660645535628,-44.7129530714219,0.));
#9814=CARTESIAN_POINT('Ctrl Pts',(12.5660645535628,-44.7129530714219,0.2));
#9815=CARTESIAN_POINT('Ctrl Pts',(12.5177350267768,-44.7319242358208,0.));
#9816=CARTESIAN_POINT('Ctrl Pts',(12.5177350267768,-44.7319242358208,0.2));
#9817=CARTESIAN_POINT('',(12.8922238573432,-44.6139159798622,0.));
#9818=CARTESIAN_POINT('Ctrl Pts',(12.8922238573432,-44.6139159798622,0.));
#9819=CARTESIAN_POINT('Ctrl Pts',(12.8153625954711,-44.6331694530805,0.));
#9820=CARTESIAN_POINT('Ctrl Pts',(12.6881089317328,-44.6650460440581,0.));
#9821=CARTESIAN_POINT('Ctrl Pts',(12.5660645535628,-44.7129530714219,0.));
#9822=CARTESIAN_POINT('Ctrl Pts',(12.5177350267768,-44.7319242358208,0.));
#9823=CARTESIAN_POINT('',(12.8922238573432,-44.6139159798622,0.2));
#9824=CARTESIAN_POINT('',(12.8922238573432,-44.6139159798622,0.));
#9825=CARTESIAN_POINT('Ctrl Pts',(12.8922238573432,-44.6139159798622,0.2));
#9826=CARTESIAN_POINT('Ctrl Pts',(12.8153625954711,-44.6331694530805,0.2));
#9827=CARTESIAN_POINT('Ctrl Pts',(12.6881089317328,-44.6650460440581,0.2));
#9828=CARTESIAN_POINT('Ctrl Pts',(12.5660645535628,-44.7129530714219,0.2));
#9829=CARTESIAN_POINT('Ctrl Pts',(12.5177350267768,-44.7319242358208,0.2));
#9830=CARTESIAN_POINT('Ctrl Pts',(13.1432470306754,-44.5306964218616,0.));
#9831=CARTESIAN_POINT('Ctrl Pts',(13.1432470306754,-44.5306964218616,0.2));
#9832=CARTESIAN_POINT('Ctrl Pts',(13.1141518435377,-44.5437622441954,0.));
#9833=CARTESIAN_POINT('Ctrl Pts',(13.1141518435377,-44.5437622441954,0.2));
#9834=CARTESIAN_POINT('Ctrl Pts',(13.0334592045494,-44.5799990169536,0.));
#9835=CARTESIAN_POINT('Ctrl Pts',(13.0334592045494,-44.5799990169536,0.2));
#9836=CARTESIAN_POINT('Ctrl Pts',(12.9473102510471,-44.6006872576692,0.));
#9837=CARTESIAN_POINT('Ctrl Pts',(12.9473102510471,-44.6006872576692,0.2));
#9838=CARTESIAN_POINT('Ctrl Pts',(12.8922238573432,-44.6139159798622,0.));
#9839=CARTESIAN_POINT('Ctrl Pts',(12.8922238573432,-44.6139159798622,0.2));
#9840=CARTESIAN_POINT('',(13.1432470306754,-44.5306964218616,0.));
#9841=CARTESIAN_POINT('Ctrl Pts',(13.1432470306754,-44.5306964218616,0.));
#9842=CARTESIAN_POINT('Ctrl Pts',(13.1141518435377,-44.5437622441954,0.));
#9843=CARTESIAN_POINT('Ctrl Pts',(13.0334592045494,-44.5799990169536,0.));
#9844=CARTESIAN_POINT('Ctrl Pts',(12.9473102510471,-44.6006872576692,0.));
#9845=CARTESIAN_POINT('Ctrl Pts',(12.8922238573432,-44.6139159798622,0.));
#9846=CARTESIAN_POINT('',(13.1432470306754,-44.5306964218616,0.2));
#9847=CARTESIAN_POINT('',(13.1432470306754,-44.5306964218616,0.));
#9848=CARTESIAN_POINT('Ctrl Pts',(13.1432470306754,-44.5306964218616,0.2));
#9849=CARTESIAN_POINT('Ctrl Pts',(13.1141518435377,-44.5437622441954,0.2));
#9850=CARTESIAN_POINT('Ctrl Pts',(13.0334592045494,-44.5799990169536,0.2));
#9851=CARTESIAN_POINT('Ctrl Pts',(12.9473102510471,-44.6006872576692,0.2));
#9852=CARTESIAN_POINT('Ctrl Pts',(12.8922238573432,-44.6139159798622,0.2));
#9853=CARTESIAN_POINT('Ctrl Pts',(13.2155522331595,-44.3997278809547,0.));
#9854=CARTESIAN_POINT('Ctrl Pts',(13.2155522331595,-44.3997278809547,0.2));
#9855=CARTESIAN_POINT('Ctrl Pts',(13.2123959084113,-44.4260836754116,0.));
#9856=CARTESIAN_POINT('Ctrl Pts',(13.2123959084113,-44.4260836754116,0.2));
#9857=CARTESIAN_POINT('Ctrl Pts',(13.2060057135286,-44.4794427801623,0.));
#9858=CARTESIAN_POINT('Ctrl Pts',(13.2060057135286,-44.4794427801623,0.2));
#9859=CARTESIAN_POINT('Ctrl Pts',(13.1643351498637,-44.513474216808,0.));
#9860=CARTESIAN_POINT('Ctrl Pts',(13.1643351498637,-44.513474216808,0.2));
#9861=CARTESIAN_POINT('Ctrl Pts',(13.1432470306754,-44.5306964218616,0.));
#9862=CARTESIAN_POINT('Ctrl Pts',(13.1432470306754,-44.5306964218616,0.2));
#9863=CARTESIAN_POINT('',(13.2155522331595,-44.3997278809547,0.));
#9864=CARTESIAN_POINT('Ctrl Pts',(13.2155522331595,-44.3997278809547,0.));
#9865=CARTESIAN_POINT('Ctrl Pts',(13.2123959084113,-44.4260836754116,0.));
#9866=CARTESIAN_POINT('Ctrl Pts',(13.2060057135286,-44.4794427801623,0.));
#9867=CARTESIAN_POINT('Ctrl Pts',(13.1643351498637,-44.513474216808,0.));
#9868=CARTESIAN_POINT('Ctrl Pts',(13.1432470306754,-44.5306964218616,0.));
#9869=CARTESIAN_POINT('',(13.2155522331595,-44.3997278809547,0.2));
#9870=CARTESIAN_POINT('',(13.2155522331595,-44.3997278809547,0.));
#9871=CARTESIAN_POINT('Ctrl Pts',(13.2155522331595,-44.3997278809547,0.2));
#9872=CARTESIAN_POINT('Ctrl Pts',(13.2123959084113,-44.4260836754116,0.2));
#9873=CARTESIAN_POINT('Ctrl Pts',(13.2060057135286,-44.4794427801623,0.2));
#9874=CARTESIAN_POINT('Ctrl Pts',(13.1643351498637,-44.513474216808,0.2));
#9875=CARTESIAN_POINT('Ctrl Pts',(13.1432470306754,-44.5306964218616,0.2));
#9876=CARTESIAN_POINT('Ctrl Pts',(13.1336971744895,-44.2380633950233,0.));
#9877=CARTESIAN_POINT('Ctrl Pts',(13.1336971744895,-44.2380633950233,0.2));
#9878=CARTESIAN_POINT('Ctrl Pts',(13.1575597296747,-44.2613374948007,0.));
#9879=CARTESIAN_POINT('Ctrl Pts',(13.1575597296747,-44.2613374948007,0.2));
#9880=CARTESIAN_POINT('Ctrl Pts',(13.2034027069044,-44.3060499749963,0.));
#9881=CARTESIAN_POINT('Ctrl Pts',(13.2034027069044,-44.3060499749963,0.2));
#9882=CARTESIAN_POINT('Ctrl Pts',(13.2116147762113,-44.3693684484986,0.));
#9883=CARTESIAN_POINT('Ctrl Pts',(13.2116147762113,-44.3693684484986,0.2));
#9884=CARTESIAN_POINT('Ctrl Pts',(13.2155522331595,-44.3997278809547,0.));
#9885=CARTESIAN_POINT('Ctrl Pts',(13.2155522331595,-44.3997278809547,0.2));
#9886=CARTESIAN_POINT('',(13.1336971744895,-44.2380633950233,0.));
#9887=CARTESIAN_POINT('Ctrl Pts',(13.1336971744895,-44.2380633950233,0.));
#9888=CARTESIAN_POINT('Ctrl Pts',(13.1575597296747,-44.2613374948007,0.));
#9889=CARTESIAN_POINT('Ctrl Pts',(13.2034027069044,-44.3060499749963,0.));
#9890=CARTESIAN_POINT('Ctrl Pts',(13.2116147762113,-44.3693684484986,0.));
#9891=CARTESIAN_POINT('Ctrl Pts',(13.2155522331595,-44.3997278809547,0.));
#9892=CARTESIAN_POINT('',(13.1336971744895,-44.2380633950233,0.2));
#9893=CARTESIAN_POINT('',(13.1336971744895,-44.2380633950233,0.));
#9894=CARTESIAN_POINT('Ctrl Pts',(13.1336971744895,-44.2380633950233,0.2));
#9895=CARTESIAN_POINT('Ctrl Pts',(13.1575597296747,-44.2613374948007,0.2));
#9896=CARTESIAN_POINT('Ctrl Pts',(13.2034027069044,-44.3060499749963,0.2));
#9897=CARTESIAN_POINT('Ctrl Pts',(13.2116147762113,-44.3693684484986,0.2));
#9898=CARTESIAN_POINT('Ctrl Pts',(13.2155522331595,-44.3997278809547,0.2));
#9899=CARTESIAN_POINT('Ctrl Pts',(12.8826740011573,-44.16916847229,0.));
#9900=CARTESIAN_POINT('Ctrl Pts',(12.8826740011573,-44.16916847229,0.2));
#9901=CARTESIAN_POINT('Ctrl Pts',(12.9331505690272,-44.1703295850986,0.));
#9902=CARTESIAN_POINT('Ctrl Pts',(12.9331505690272,-44.1703295850986,0.2));
#9903=CARTESIAN_POINT('Ctrl Pts',(13.0230461215238,-44.1723974530588,0.));
#9904=CARTESIAN_POINT('Ctrl Pts',(13.0230461215238,-44.1723974530588,0.2));
#9905=CARTESIAN_POINT('Ctrl Pts',(13.0999673846854,-44.2180464285293,0.));
#9906=CARTESIAN_POINT('Ctrl Pts',(13.0999673846854,-44.2180464285293,0.2));
#9907=CARTESIAN_POINT('Ctrl Pts',(13.1336971744895,-44.2380633950233,0.));
#9908=CARTESIAN_POINT('Ctrl Pts',(13.1336971744895,-44.2380633950233,0.2));
#9909=CARTESIAN_POINT('',(12.8826740011573,-44.16916847229,0.));
#9910=CARTESIAN_POINT('Ctrl Pts',(12.8826740011573,-44.16916847229,0.));
#9911=CARTESIAN_POINT('Ctrl Pts',(12.9331505690272,-44.1703295850986,0.));
#9912=CARTESIAN_POINT('Ctrl Pts',(13.0230461215238,-44.1723974530588,0.));
#9913=CARTESIAN_POINT('Ctrl Pts',(13.0999673846854,-44.2180464285293,0.));
#9914=CARTESIAN_POINT('Ctrl Pts',(13.1336971744895,-44.2380633950233,0.));
#9915=CARTESIAN_POINT('',(12.8826740011573,-44.16916847229,0.2));
#9916=CARTESIAN_POINT('',(12.8826740011573,-44.16916847229,0.));
#9917=CARTESIAN_POINT('Ctrl Pts',(12.8826740011573,-44.16916847229,0.2));
#9918=CARTESIAN_POINT('Ctrl Pts',(12.9331505690272,-44.1703295850986,0.2));
#9919=CARTESIAN_POINT('Ctrl Pts',(13.0230461215238,-44.1723974530588,0.2));
#9920=CARTESIAN_POINT('Ctrl Pts',(13.0999673846854,-44.2180464285293,0.2));
#9921=CARTESIAN_POINT('Ctrl Pts',(13.1336971744895,-44.2380633950233,0.2));
#9922=CARTESIAN_POINT('Ctrl Pts',(12.6214184984565,-44.2469310760498,0.));
#9923=CARTESIAN_POINT('Ctrl Pts',(12.6214184984565,-44.2469310760498,0.2));
#9924=CARTESIAN_POINT('Ctrl Pts',(12.6577602900119,-44.2242957468146,0.));
#9925=CARTESIAN_POINT('Ctrl Pts',(12.6577602900119,-44.2242957468146,0.2));
#9926=CARTESIAN_POINT('Ctrl Pts',(12.7373967713195,-44.1746945054785,0.));
#9927=CARTESIAN_POINT('Ctrl Pts',(12.7373967713195,-44.1746945054785,0.2));
#9928=CARTESIAN_POINT('Ctrl Pts',(12.8315093328339,-44.1711146661674,0.));
#9929=CARTESIAN_POINT('Ctrl Pts',(12.8315093328339,-44.1711146661674,0.2));
#9930=CARTESIAN_POINT('Ctrl Pts',(12.8826740011573,-44.16916847229,0.));
#9931=CARTESIAN_POINT('Ctrl Pts',(12.8826740011573,-44.16916847229,0.2));
#9932=CARTESIAN_POINT('',(12.6214184984565,-44.2469310760498,0.));
#9933=CARTESIAN_POINT('Ctrl Pts',(12.6214184984565,-44.2469310760498,0.));
#9934=CARTESIAN_POINT('Ctrl Pts',(12.6577602900119,-44.2242957468146,0.));
#9935=CARTESIAN_POINT('Ctrl Pts',(12.7373967713195,-44.1746945054785,0.));
#9936=CARTESIAN_POINT('Ctrl Pts',(12.8315093328339,-44.1711146661674,0.));
#9937=CARTESIAN_POINT('Ctrl Pts',(12.8826740011573,-44.16916847229,0.));
#9938=CARTESIAN_POINT('',(12.6214184984565,-44.2469310760498,0.2));
#9939=CARTESIAN_POINT('',(12.6214184984565,-44.2469310760498,0.));
#9940=CARTESIAN_POINT('Ctrl Pts',(12.6214184984565,-44.2469310760498,0.2));
#9941=CARTESIAN_POINT('Ctrl Pts',(12.6577602900119,-44.2242957468146,0.2));
#9942=CARTESIAN_POINT('Ctrl Pts',(12.7373967713195,-44.1746945054785,0.2));
#9943=CARTESIAN_POINT('Ctrl Pts',(12.8315093328339,-44.1711146661674,0.2));
#9944=CARTESIAN_POINT('Ctrl Pts',(12.8826740011573,-44.16916847229,0.2));
#9945=CARTESIAN_POINT('Ctrl Pts',(12.5075032934546,-44.4706690311432,0.));
#9946=CARTESIAN_POINT('Ctrl Pts',(12.5075032934546,-44.4706690311432,0.2));
#9947=CARTESIAN_POINT('Ctrl Pts',(12.5164629953317,-44.4256360714167,0.));
#9948=CARTESIAN_POINT('Ctrl Pts',(12.5164629953317,-44.4256360714167,0.2));
#9949=CARTESIAN_POINT('Ctrl Pts',(12.5334779014327,-44.3401163084039,0.));
#9950=CARTESIAN_POINT('Ctrl Pts',(12.5334779014327,-44.3401163084039,0.2));
#9951=CARTESIAN_POINT('Ctrl Pts',(12.5931625610307,-44.2768721519978,0.));
#9952=CARTESIAN_POINT('Ctrl Pts',(12.5931625610307,-44.2768721519978,0.2));
#9953=CARTESIAN_POINT('Ctrl Pts',(12.6214184984565,-44.2469310760498,0.));
#9954=CARTESIAN_POINT('Ctrl Pts',(12.6214184984565,-44.2469310760498,0.2));
#9955=CARTESIAN_POINT('',(12.5075032934546,-44.4706690311432,0.));
#9956=CARTESIAN_POINT('Ctrl Pts',(12.5075032934546,-44.4706690311432,0.));
#9957=CARTESIAN_POINT('Ctrl Pts',(12.5164629953317,-44.4256360714167,0.));
#9958=CARTESIAN_POINT('Ctrl Pts',(12.5334779014327,-44.3401163084039,0.));
#9959=CARTESIAN_POINT('Ctrl Pts',(12.5931625610307,-44.2768721519978,0.));
#9960=CARTESIAN_POINT('Ctrl Pts',(12.6214184984565,-44.2469310760498,0.));
#9961=CARTESIAN_POINT('',(12.5075032934546,-44.4706690311432,0.2));
#9962=CARTESIAN_POINT('',(12.5075032934546,-44.4706690311432,0.));
#9963=CARTESIAN_POINT('Ctrl Pts',(12.5075032934546,-44.4706690311432,0.2));
#9964=CARTESIAN_POINT('Ctrl Pts',(12.5164629953317,-44.4256360714167,0.2));
#9965=CARTESIAN_POINT('Ctrl Pts',(12.5334779014327,-44.3401163084039,0.2));
#9966=CARTESIAN_POINT('Ctrl Pts',(12.5931625610307,-44.2768721519978,0.2));
#9967=CARTESIAN_POINT('Ctrl Pts',(12.6214184984565,-44.2469310760498,0.2));
#9968=CARTESIAN_POINT('Origin',(12.2646656259894,-44.4324699044228,0.));
#9969=CARTESIAN_POINT('',(12.2646656259894,-44.4324699044228,0.));
#9970=CARTESIAN_POINT('',(13.0559944837093,-44.5569484156402,0.));
#9971=CARTESIAN_POINT('',(12.2646656259894,-44.4324699044228,0.2));
#9972=CARTESIAN_POINT('',(12.2646656259894,-44.4324699044228,0.));
#9973=CARTESIAN_POINT('',(12.2646656259894,-44.4324699044228,0.2));
#9974=CARTESIAN_POINT('Ctrl Pts',(12.4536153301597,-44.0845845639706,0.));
#9975=CARTESIAN_POINT('Ctrl Pts',(12.4536153301597,-44.0845845639706,0.2));
#9976=CARTESIAN_POINT('Ctrl Pts',(12.4084085014102,-44.1304581510118,0.));
#9977=CARTESIAN_POINT('Ctrl Pts',(12.4084085014102,-44.1304581510118,0.2));
#9978=CARTESIAN_POINT('Ctrl Pts',(12.3123218268041,-44.227962013879,0.));
#9979=CARTESIAN_POINT('Ctrl Pts',(12.3123218268041,-44.227962013879,0.2));
#9980=CARTESIAN_POINT('Ctrl Pts',(12.2811642145382,-44.3616692219641,0.));
#9981=CARTESIAN_POINT('Ctrl Pts',(12.2811642145382,-44.3616692219641,0.2));
#9982=CARTESIAN_POINT('Ctrl Pts',(12.2646656259894,-44.4324699044228,0.));
#9983=CARTESIAN_POINT('Ctrl Pts',(12.2646656259894,-44.4324699044228,0.2));
#9984=CARTESIAN_POINT('Ctrl Pts',(12.4536153301597,-44.0845845639706,0.));
#9985=CARTESIAN_POINT('Ctrl Pts',(12.4084085014102,-44.1304581510118,0.));
#9986=CARTESIAN_POINT('Ctrl Pts',(12.3123218268041,-44.227962013879,0.));
#9987=CARTESIAN_POINT('Ctrl Pts',(12.2811642145382,-44.3616692219641,0.));
#9988=CARTESIAN_POINT('Ctrl Pts',(12.2646656259894,-44.4324699044228,0.));
#9989=CARTESIAN_POINT('Ctrl Pts',(12.4536153301597,-44.0845845639706,0.2));
#9990=CARTESIAN_POINT('Ctrl Pts',(12.4084085014102,-44.1304581510118,0.2));
#9991=CARTESIAN_POINT('Ctrl Pts',(12.3123218268041,-44.227962013879,0.2));
#9992=CARTESIAN_POINT('Ctrl Pts',(12.2811642145382,-44.3616692219641,0.2));
#9993=CARTESIAN_POINT('Ctrl Pts',(12.2646656259894,-44.4324699044228,0.2));
#9994=CARTESIAN_POINT('Origin',(14.5886769704521,-44.7060034424067,0.2));
#9995=CARTESIAN_POINT('Origin',(14.8403825983405,-44.9427019059658,0.));
#9996=CARTESIAN_POINT('',(14.8403825983405,-44.9427019059658,0.));
#9997=CARTESIAN_POINT('',(14.8403825983405,-44.0000006556511,0.));
#9998=CARTESIAN_POINT('',(14.8403825983405,-26.7333509529829,0.));
#9999=CARTESIAN_POINT('',(14.8403825983405,-44.9427019059658,0.2));
#10000=CARTESIAN_POINT('',(14.8403825983405,-44.9427019059658,0.));
#10001=CARTESIAN_POINT('',(14.8403825983405,-44.0000006556511,0.2));
#10002=CARTESIAN_POINT('',(14.8403825983405,-44.9427019059658,0.2));
#10003=CARTESIAN_POINT('',(14.8403825983405,-44.0000006556511,0.));
#10004=CARTESIAN_POINT('Origin',(15.8799460157752,-44.9427019059658,0.));
#10005=CARTESIAN_POINT('',(15.8799460157752,-44.9427019059658,0.));
#10006=CARTESIAN_POINT('',(17.7074730078876,-44.9427019059658,0.));
#10007=CARTESIAN_POINT('',(15.8799460157752,-44.9427019059658,0.2));
#10008=CARTESIAN_POINT('',(15.8799460157752,-44.9427019059658,0.));
#10009=CARTESIAN_POINT('',(15.8799460157752,-44.9427019059658,0.2));
#10010=CARTESIAN_POINT('Origin',(15.8799460157752,-44.0000006556511,0.));
#10011=CARTESIAN_POINT('',(15.8799460157752,-44.0000006556511,0.));
#10012=CARTESIAN_POINT('',(15.8799460157752,-26.2620003278255,0.));
#10013=CARTESIAN_POINT('',(15.8799460157752,-44.0000006556511,0.2));
#10014=CARTESIAN_POINT('',(15.8799460157752,-44.0000006556511,0.));
#10015=CARTESIAN_POINT('',(15.8799460157752,-44.0000006556511,0.2));
#10016=CARTESIAN_POINT('Origin',(16.1446109041572,-44.0000006556511,0.));
#10017=CARTESIAN_POINT('',(16.1446109041572,-44.0000006556511,0.));
#10018=CARTESIAN_POINT('',(17.8398054520786,-44.0000006556511,0.));
#10019=CARTESIAN_POINT('',(16.1446109041572,-44.0000006556511,0.2));
#10020=CARTESIAN_POINT('',(16.1446109041572,-44.0000006556511,0.));
#10021=CARTESIAN_POINT('',(16.1446109041572,-44.0000006556511,0.2));
#10022=CARTESIAN_POINT('Origin',(16.1446109041572,-46.0000006854534,0.));
#10023=CARTESIAN_POINT('',(16.1446109041572,-46.0000006854534,0.));
#10024=CARTESIAN_POINT('',(16.1446109041572,-27.2620003427267,0.));
#10025=CARTESIAN_POINT('',(16.1446109041572,-46.0000006854534,0.2));
#10026=CARTESIAN_POINT('',(16.1446109041572,-46.0000006854534,0.));
#10027=CARTESIAN_POINT('',(16.1446109041572,-46.0000006854534,0.2));
#10028=CARTESIAN_POINT('Origin',(15.8799460157752,-46.0000006854534,0.));
#10029=CARTESIAN_POINT('',(15.8799460157752,-46.0000006854534,0.));
#10030=CARTESIAN_POINT('',(17.7074730078876,-46.0000006854534,0.));
#10031=CARTESIAN_POINT('',(15.8799460157752,-46.0000006854534,0.2));
#10032=CARTESIAN_POINT('',(15.8799460157752,-46.0000006854534,0.));
#10033=CARTESIAN_POINT('',(15.8799460157752,-46.0000006854534,0.2));
#10034=CARTESIAN_POINT('Origin',(15.8799460157752,-45.1787182688713,0.));
#10035=CARTESIAN_POINT('',(15.8799460157752,-45.1787182688713,0.));
#10036=CARTESIAN_POINT('',(15.8799460157752,-26.8513591344357,0.));
#10037=CARTESIAN_POINT('',(15.8799460157752,-45.1787182688713,0.2));
#10038=CARTESIAN_POINT('',(15.8799460157752,-45.1787182688713,0.));
#10039=CARTESIAN_POINT('',(15.8799460157752,-45.1787182688713,0.2));
#10040=CARTESIAN_POINT('Origin',(14.8403825983405,-45.1787182688713,0.));
#10041=CARTESIAN_POINT('',(14.8403825983405,-45.1787182688713,0.));
#10042=CARTESIAN_POINT('',(17.1876912991703,-45.1787182688713,0.));
#10043=CARTESIAN_POINT('',(14.8403825983405,-45.1787182688713,0.2));
#10044=CARTESIAN_POINT('',(14.8403825983405,-45.1787182688713,0.));
#10045=CARTESIAN_POINT('',(14.8403825983405,-45.1787182688713,0.2));
#10046=CARTESIAN_POINT('Origin',(14.8403825983405,-46.0000006854534,0.));
#10047=CARTESIAN_POINT('',(14.8403825983405,-46.0000006854534,0.));
#10048=CARTESIAN_POINT('',(14.8403825983405,-27.2620003427267,0.));
#10049=CARTESIAN_POINT('',(14.8403825983405,-46.0000006854534,0.2));
#10050=CARTESIAN_POINT('',(14.8403825983405,-46.0000006854534,0.));
#10051=CARTESIAN_POINT('',(14.8403825983405,-46.0000006854534,0.2));
#10052=CARTESIAN_POINT('Origin',(14.5757165178657,-46.0000006854534,0.));
#10053=CARTESIAN_POINT('',(14.5757165178657,-46.0000006854534,0.));
#10054=CARTESIAN_POINT('',(17.0553582589328,-46.0000006854534,0.));
#10055=CARTESIAN_POINT('',(14.5757165178657,-46.0000006854534,0.2));
#10056=CARTESIAN_POINT('',(14.5757165178657,-46.0000006854534,0.));
#10057=CARTESIAN_POINT('',(14.5757165178657,-46.0000006854534,0.2));
#10058=CARTESIAN_POINT('Origin',(14.5757165178657,-44.0000006556511,0.));
#10059=CARTESIAN_POINT('',(14.5757165178657,-44.0000006556511,0.));
#10060=CARTESIAN_POINT('',(14.5757165178657,-26.2620003278255,0.));
#10061=CARTESIAN_POINT('',(14.5757165178657,-44.0000006556511,0.2));
#10062=CARTESIAN_POINT('',(14.5757165178657,-44.0000006556511,0.));
#10063=CARTESIAN_POINT('',(14.5757165178657,-44.0000006556511,0.2));
#10064=CARTESIAN_POINT('Origin',(14.8403825983405,-44.0000006556511,0.));
#10065=CARTESIAN_POINT('',(17.1876912991703,-44.0000006556511,0.));
#10066=CARTESIAN_POINT('',(14.8403825983405,-44.0000006556511,0.2));
#10067=CARTESIAN_POINT('Origin',(14.5886769704521,-44.7060034424067,0.2));
#10068=CARTESIAN_POINT('Ctrl Pts',(18.6889496073127,-44.16916847229,0.));
#10069=CARTESIAN_POINT('Ctrl Pts',(18.6889496073127,-44.16916847229,0.2));
#10070=CARTESIAN_POINT('Ctrl Pts',(18.7347057563537,-44.1724525812407,0.));
#10071=CARTESIAN_POINT('Ctrl Pts',(18.7347057563537,-44.1724525812407,0.2));
#10072=CARTESIAN_POINT('Ctrl Pts',(18.8238386404199,-44.1788500187107,0.));
#10073=CARTESIAN_POINT('Ctrl Pts',(18.8238386404199,-44.1788500187107,0.2));
#10074=CARTESIAN_POINT('Ctrl Pts',(18.8955323904309,-44.2319862548604,0.));
#10075=CARTESIAN_POINT('Ctrl Pts',(18.8955323904309,-44.2319862548604,0.2));
#10076=CARTESIAN_POINT('Ctrl Pts',(18.9304223284125,-44.257845133543,0.));
#10077=CARTESIAN_POINT('Ctrl Pts',(18.9304223284125,-44.257845133543,0.2));
#10078=CARTESIAN_POINT('',(18.6889496073127,-44.16916847229,0.));
#10079=CARTESIAN_POINT('',(18.9304223284125,-44.257845133543,0.));
#10080=CARTESIAN_POINT('Ctrl Pts',(18.6889496073127,-44.16916847229,0.));
#10081=CARTESIAN_POINT('Ctrl Pts',(18.7347057563537,-44.1724525812407,0.));
#10082=CARTESIAN_POINT('Ctrl Pts',(18.8238386404199,-44.1788500187107,0.));
#10083=CARTESIAN_POINT('Ctrl Pts',(18.8955323904309,-44.2319862548604,0.));
#10084=CARTESIAN_POINT('Ctrl Pts',(18.9304223284125,-44.257845133543,0.));
#10085=CARTESIAN_POINT('',(18.6889496073127,-44.16916847229,0.2));
#10086=CARTESIAN_POINT('',(18.6889496073127,-44.16916847229,0.));
#10087=CARTESIAN_POINT('',(18.9304223284125,-44.257845133543,0.2));
#10088=CARTESIAN_POINT('Ctrl Pts',(18.6889496073127,-44.16916847229,0.2));
#10089=CARTESIAN_POINT('Ctrl Pts',(18.7347057563537,-44.1724525812407,0.2));
#10090=CARTESIAN_POINT('Ctrl Pts',(18.8238386404199,-44.1788500187107,0.2));
#10091=CARTESIAN_POINT('Ctrl Pts',(18.8955323904309,-44.2319862548604,0.2));
#10092=CARTESIAN_POINT('Ctrl Pts',(18.9304223284125,-44.257845133543,0.2));
#10093=CARTESIAN_POINT('',(18.9304223284125,-44.257845133543,0.));
#10094=CARTESIAN_POINT('Ctrl Pts',(18.3969977125525,-44.3015013635159,0.));
#10095=CARTESIAN_POINT('Ctrl Pts',(18.3969977125525,-44.3015013635159,0.2));
#10096=CARTESIAN_POINT('Ctrl Pts',(18.437456082728,-44.2629056319774,0.));
#10097=CARTESIAN_POINT('Ctrl Pts',(18.437456082728,-44.2629056319774,0.2));
#10098=CARTESIAN_POINT('Ctrl Pts',(18.5192808860156,-44.1848479117286,0.));
#10099=CARTESIAN_POINT('Ctrl Pts',(18.5192808860156,-44.1848479117286,0.2));
#10100=CARTESIAN_POINT('Ctrl Pts',(18.6319764814972,-44.1744334773482,0.));
#10101=CARTESIAN_POINT('Ctrl Pts',(18.6319764814972,-44.1744334773482,0.2));
#10102=CARTESIAN_POINT('Ctrl Pts',(18.6889496073127,-44.16916847229,0.));
#10103=CARTESIAN_POINT('Ctrl Pts',(18.6889496073127,-44.16916847229,0.2));
#10104=CARTESIAN_POINT('',(18.3969977125525,-44.3015013635159,0.));
#10105=CARTESIAN_POINT('Ctrl Pts',(18.3969977125525,-44.3015013635159,0.));
#10106=CARTESIAN_POINT('Ctrl Pts',(18.437456082728,-44.2629056319774,0.));
#10107=CARTESIAN_POINT('Ctrl Pts',(18.5192808860156,-44.1848479117286,0.));
#10108=CARTESIAN_POINT('Ctrl Pts',(18.6319764814972,-44.1744334773482,0.));
#10109=CARTESIAN_POINT('Ctrl Pts',(18.6889496073127,-44.16916847229,0.));
#10110=CARTESIAN_POINT('',(18.3969977125525,-44.3015013635159,0.2));
#10111=CARTESIAN_POINT('',(18.3969977125525,-44.3015013635159,0.));
#10112=CARTESIAN_POINT('Ctrl Pts',(18.3969977125525,-44.3015013635159,0.2));
#10113=CARTESIAN_POINT('Ctrl Pts',(18.437456082728,-44.2629056319774,0.2));
#10114=CARTESIAN_POINT('Ctrl Pts',(18.5192808860156,-44.1848479117286,0.2));
#10115=CARTESIAN_POINT('Ctrl Pts',(18.6319764814972,-44.1744334773482,0.2));
#10116=CARTESIAN_POINT('Ctrl Pts',(18.6889496073127,-44.16916847229,0.2));
#10117=CARTESIAN_POINT('Ctrl Pts',(18.2851293310523,-44.7257851064205,0.));
#10118=CARTESIAN_POINT('Ctrl Pts',(18.2851293310523,-44.7257851064205,0.2));
#10119=CARTESIAN_POINT('Ctrl Pts',(18.2865628556986,-44.6394849607107,0.));
#10120=CARTESIAN_POINT('Ctrl Pts',(18.2865628556986,-44.6394849607107,0.2));
#10121=CARTESIAN_POINT('Ctrl Pts',(18.2890793876427,-44.4879862934093,0.));
#10122=CARTESIAN_POINT('Ctrl Pts',(18.2890793876427,-44.4879862934093,0.2));
#10123=CARTESIAN_POINT('Ctrl Pts',(18.3645279086169,-44.3576098058555,0.));
#10124=CARTESIAN_POINT('Ctrl Pts',(18.3645279086169,-44.3576098058555,0.2));
#10125=CARTESIAN_POINT('Ctrl Pts',(18.3969977125525,-44.3015013635159,0.));
#10126=CARTESIAN_POINT('Ctrl Pts',(18.3969977125525,-44.3015013635159,0.2));
#10127=CARTESIAN_POINT('',(18.2851293310523,-44.7257851064205,0.));
#10128=CARTESIAN_POINT('Ctrl Pts',(18.2851293310523,-44.7257851064205,0.));
#10129=CARTESIAN_POINT('Ctrl Pts',(18.2865628556986,-44.6394849607107,0.));
#10130=CARTESIAN_POINT('Ctrl Pts',(18.2890793876427,-44.4879862934093,0.));
#10131=CARTESIAN_POINT('Ctrl Pts',(18.3645279086169,-44.3576098058555,0.));
#10132=CARTESIAN_POINT('Ctrl Pts',(18.3969977125525,-44.3015013635159,0.));
#10133=CARTESIAN_POINT('',(18.2851293310523,-44.7257851064205,0.2));
#10134=CARTESIAN_POINT('',(18.2851293310523,-44.7257851064205,0.));
#10135=CARTESIAN_POINT('Ctrl Pts',(18.2851293310523,-44.7257851064205,0.2));
#10136=CARTESIAN_POINT('Ctrl Pts',(18.2865628556986,-44.6394849607107,0.2));
#10137=CARTESIAN_POINT('Ctrl Pts',(18.2890793876427,-44.4879862934093,0.2));
#10138=CARTESIAN_POINT('Ctrl Pts',(18.3645279086169,-44.3576098058555,0.2));
#10139=CARTESIAN_POINT('Ctrl Pts',(18.3969977125525,-44.3015013635159,0.2));
#10140=CARTESIAN_POINT('Ctrl Pts',(18.4010913595557,-45.1466581225395,0.));
#10141=CARTESIAN_POINT('Ctrl Pts',(18.4010913595557,-45.1466581225395,0.2));
#10142=CARTESIAN_POINT('Ctrl Pts',(18.3674169652388,-45.0908257725462,0.));
#10143=CARTESIAN_POINT('Ctrl Pts',(18.3674169652388,-45.0908257725462,0.2));
#10144=CARTESIAN_POINT('Ctrl Pts',(18.2898632411972,-44.9622412277663,0.));
#10145=CARTESIAN_POINT('Ctrl Pts',(18.2898632411972,-44.9622412277663,0.2));
#10146=CARTESIAN_POINT('Ctrl Pts',(18.2868399098255,-44.811227543979,0.));
#10147=CARTESIAN_POINT('Ctrl Pts',(18.2868399098255,-44.811227543979,0.2));
#10148=CARTESIAN_POINT('Ctrl Pts',(18.2851293310523,-44.7257851064205,0.));
#10149=CARTESIAN_POINT('Ctrl Pts',(18.2851293310523,-44.7257851064205,0.2));
#10150=CARTESIAN_POINT('',(18.4010913595557,-45.1466581225395,0.));
#10151=CARTESIAN_POINT('Ctrl Pts',(18.4010913595557,-45.1466581225395,0.));
#10152=CARTESIAN_POINT('Ctrl Pts',(18.3674169652388,-45.0908257725462,0.));
#10153=CARTESIAN_POINT('Ctrl Pts',(18.2898632411972,-44.9622412277663,0.));
#10154=CARTESIAN_POINT('Ctrl Pts',(18.2868399098255,-44.811227543979,0.));
#10155=CARTESIAN_POINT('Ctrl Pts',(18.2851293310523,-44.7257851064205,0.));
#10156=CARTESIAN_POINT('',(18.4010913595557,-45.1466581225395,0.2));
#10157=CARTESIAN_POINT('',(18.4010913595557,-45.1466581225395,0.));
#10158=CARTESIAN_POINT('Ctrl Pts',(18.4010913595557,-45.1466581225395,0.2));
#10159=CARTESIAN_POINT('Ctrl Pts',(18.3674169652388,-45.0908257725462,0.2));
#10160=CARTESIAN_POINT('Ctrl Pts',(18.2898632411972,-44.9622412277663,0.2));
#10161=CARTESIAN_POINT('Ctrl Pts',(18.2868399098255,-44.811227543979,0.2));
#10162=CARTESIAN_POINT('Ctrl Pts',(18.2851293310523,-44.7257851064205,0.2));
#10163=CARTESIAN_POINT('Ctrl Pts',(18.7025919184089,-45.2796731889248,0.));
#10164=CARTESIAN_POINT('Ctrl Pts',(18.7025919184089,-45.2796731889248,0.2));
#10165=CARTESIAN_POINT('Ctrl Pts',(18.6439318727564,-45.2744566965059,0.));
#10166=CARTESIAN_POINT('Ctrl Pts',(18.6439318727564,-45.2744566965059,0.2));
#10167=CARTESIAN_POINT('Ctrl Pts',(18.5282749960211,-45.2641716172159,0.));
#10168=CARTESIAN_POINT('Ctrl Pts',(18.5282749960211,-45.2641716172159,0.2));
#10169=CARTESIAN_POINT('Ctrl Pts',(18.4430775082213,-45.185451942207,0.));
#10170=CARTESIAN_POINT('Ctrl Pts',(18.4430775082213,-45.185451942207,0.2));
#10171=CARTESIAN_POINT('Ctrl Pts',(18.4010913595557,-45.1466581225395,0.));
#10172=CARTESIAN_POINT('Ctrl Pts',(18.4010913595557,-45.1466581225395,0.2));
#10173=CARTESIAN_POINT('',(18.7025919184089,-45.2796731889248,0.));
#10174=CARTESIAN_POINT('Ctrl Pts',(18.7025919184089,-45.2796731889248,0.));
#10175=CARTESIAN_POINT('Ctrl Pts',(18.6439318727564,-45.2744566965059,0.));
#10176=CARTESIAN_POINT('Ctrl Pts',(18.5282749960211,-45.2641716172159,0.));
#10177=CARTESIAN_POINT('Ctrl Pts',(18.4430775082213,-45.185451942207,0.));
#10178=CARTESIAN_POINT('Ctrl Pts',(18.4010913595557,-45.1466581225395,0.));
#10179=CARTESIAN_POINT('',(18.7025919184089,-45.2796731889248,0.2));
#10180=CARTESIAN_POINT('',(18.7025919184089,-45.2796731889248,0.));
#10181=CARTESIAN_POINT('Ctrl Pts',(18.7025919184089,-45.2796731889248,0.2));
#10182=CARTESIAN_POINT('Ctrl Pts',(18.6439318727564,-45.2744566965059,0.2));
#10183=CARTESIAN_POINT('Ctrl Pts',(18.5282749960211,-45.2641716172159,0.2));
#10184=CARTESIAN_POINT('Ctrl Pts',(18.4430775082213,-45.185451942207,0.2));
#10185=CARTESIAN_POINT('Ctrl Pts',(18.4010913595557,-45.1466581225395,0.2));
#10186=CARTESIAN_POINT('Ctrl Pts',(18.9120044931769,-45.2060033380985,0.));
#10187=CARTESIAN_POINT('Ctrl Pts',(18.9120044931769,-45.2060033380985,0.2));
#10188=CARTESIAN_POINT('Ctrl Pts',(18.8812074632488,-45.2274876790037,0.));
#10189=CARTESIAN_POINT('Ctrl Pts',(18.8812074632488,-45.2274876790037,0.2));
#10190=CARTESIAN_POINT('Ctrl Pts',(18.8182894861878,-45.2713799397637,0.));
#10191=CARTESIAN_POINT('Ctrl Pts',(18.8182894861878,-45.2713799397637,0.2));
#10192=CARTESIAN_POINT('Ctrl Pts',(18.7416950068492,-45.2768702634906,0.));
#10193=CARTESIAN_POINT('Ctrl Pts',(18.7416950068492,-45.2768702634906,0.2));
#10194=CARTESIAN_POINT('Ctrl Pts',(18.7025919184089,-45.2796731889248,0.));
#10195=CARTESIAN_POINT('Ctrl Pts',(18.7025919184089,-45.2796731889248,0.2));
#10196=CARTESIAN_POINT('',(18.9120044931769,-45.2060033380985,0.));
#10197=CARTESIAN_POINT('Ctrl Pts',(18.9120044931769,-45.2060033380985,0.));
#10198=CARTESIAN_POINT('Ctrl Pts',(18.8812074632488,-45.2274876790037,0.));
#10199=CARTESIAN_POINT('Ctrl Pts',(18.8182894861878,-45.2713799397637,0.));
#10200=CARTESIAN_POINT('Ctrl Pts',(18.7416950068492,-45.2768702634906,0.));
#10201=CARTESIAN_POINT('Ctrl Pts',(18.7025919184089,-45.2796731889248,0.));
#10202=CARTESIAN_POINT('',(18.9120044931769,-45.2060033380985,0.2));
#10203=CARTESIAN_POINT('',(18.9120044931769,-45.2060033380985,0.));
#10204=CARTESIAN_POINT('Ctrl Pts',(18.9120044931769,-45.2060033380985,0.2));
#10205=CARTESIAN_POINT('Ctrl Pts',(18.8812074632488,-45.2274876790037,0.2));
#10206=CARTESIAN_POINT('Ctrl Pts',(18.8182894861878,-45.2713799397637,0.2));
#10207=CARTESIAN_POINT('Ctrl Pts',(18.7416950068492,-45.2768702634906,0.2));
#10208=CARTESIAN_POINT('Ctrl Pts',(18.7025919184089,-45.2796731889248,0.2));
#10209=CARTESIAN_POINT('Ctrl Pts',(19.0327420458198,-44.986357986927,0.));
#10210=CARTESIAN_POINT('Ctrl Pts',(19.0327420458198,-44.986357986927,0.2));
#10211=CARTESIAN_POINT('Ctrl Pts',(19.0203977717228,-45.0309144057485,0.));
#10212=CARTESIAN_POINT('Ctrl Pts',(19.0203977717228,-45.0309144057485,0.2));
#10213=CARTESIAN_POINT('Ctrl Pts',(18.9974101499802,-45.1138877822328,0.));
#10214=CARTESIAN_POINT('Ctrl Pts',(18.9974101499802,-45.1138877822328,0.2));
#10215=CARTESIAN_POINT('Ctrl Pts',(18.9390332144061,-45.1768511042354,0.));
#10216=CARTESIAN_POINT('Ctrl Pts',(18.9390332144061,-45.1768511042354,0.2));
#10217=CARTESIAN_POINT('Ctrl Pts',(18.9120044931769,-45.2060033380985,0.));
#10218=CARTESIAN_POINT('Ctrl Pts',(18.9120044931769,-45.2060033380985,0.2));
#10219=CARTESIAN_POINT('',(19.0327420458198,-44.986357986927,0.));
#10220=CARTESIAN_POINT('Ctrl Pts',(19.0327420458198,-44.986357986927,0.));
#10221=CARTESIAN_POINT('Ctrl Pts',(19.0203977717228,-45.0309144057485,0.));
#10222=CARTESIAN_POINT('Ctrl Pts',(18.9974101499802,-45.1138877822328,0.));
#10223=CARTESIAN_POINT('Ctrl Pts',(18.9390332144061,-45.1768511042354,0.));
#10224=CARTESIAN_POINT('Ctrl Pts',(18.9120044931769,-45.2060033380985,0.));
#10225=CARTESIAN_POINT('',(19.0327420458198,-44.986357986927,0.2));
#10226=CARTESIAN_POINT('',(19.0327420458198,-44.986357986927,0.));
#10227=CARTESIAN_POINT('Ctrl Pts',(19.0327420458198,-44.986357986927,0.2));
#10228=CARTESIAN_POINT('Ctrl Pts',(19.0203977717228,-45.0309144057485,0.2));
#10229=CARTESIAN_POINT('Ctrl Pts',(18.9974101499802,-45.1138877822328,0.2));
#10230=CARTESIAN_POINT('Ctrl Pts',(18.9390332144061,-45.1768511042354,0.2));
#10231=CARTESIAN_POINT('Ctrl Pts',(18.9120044931769,-45.2060033380985,0.2));
#10232=CARTESIAN_POINT('Origin',(19.2714872583747,-45.0231930613518,0.));
#10233=CARTESIAN_POINT('',(19.2714872583747,-45.0231930613518,0.));
#10234=CARTESIAN_POINT('',(16.6499867886695,-44.6187319043186,0.));
#10235=CARTESIAN_POINT('',(19.2714872583747,-45.0231930613518,0.2));
#10236=CARTESIAN_POINT('',(19.2714872583747,-45.0231930613518,0.));
#10237=CARTESIAN_POINT('',(19.2714872583747,-45.0231930613518,0.2));
#10238=CARTESIAN_POINT('Ctrl Pts',(19.079126380384,-45.3622107207775,0.));
#10239=CARTESIAN_POINT('Ctrl Pts',(19.079126380384,-45.3622107207775,0.2));
#10240=CARTESIAN_POINT('Ctrl Pts',(19.1249164864371,-45.3168072845851,0.));
#10241=CARTESIAN_POINT('Ctrl Pts',(19.1249164864371,-45.3168072845851,0.2));
#10242=CARTESIAN_POINT('Ctrl Pts',(19.2205334251674,-45.2219977733008,0.));
#10243=CARTESIAN_POINT('Ctrl Pts',(19.2205334251674,-45.2219977733008,0.2));
#10244=CARTESIAN_POINT('Ctrl Pts',(19.2540312470453,-45.0913005438645,0.));
#10245=CARTESIAN_POINT('Ctrl Pts',(19.2540312470453,-45.0913005438645,0.2));
#10246=CARTESIAN_POINT('Ctrl Pts',(19.2714872583747,-45.0231930613518,0.));
#10247=CARTESIAN_POINT('Ctrl Pts',(19.2714872583747,-45.0231930613518,0.2));
#10248=CARTESIAN_POINT('',(19.079126380384,-45.3622107207775,0.));
#10249=CARTESIAN_POINT('Ctrl Pts',(19.079126380384,-45.3622107207775,0.));
#10250=CARTESIAN_POINT('Ctrl Pts',(19.1249164864371,-45.3168072845851,0.));
#10251=CARTESIAN_POINT('Ctrl Pts',(19.2205334251674,-45.2219977733008,0.));
#10252=CARTESIAN_POINT('Ctrl Pts',(19.2540312470453,-45.0913005438645,0.));
#10253=CARTESIAN_POINT('Ctrl Pts',(19.2714872583747,-45.0231930613518,0.));
#10254=CARTESIAN_POINT('',(19.079126380384,-45.3622107207775,0.2));
#10255=CARTESIAN_POINT('',(19.079126380384,-45.3622107207775,0.));
#10256=CARTESIAN_POINT('Ctrl Pts',(19.079126380384,-45.3622107207775,0.2));
#10257=CARTESIAN_POINT('Ctrl Pts',(19.1249164864371,-45.3168072845851,0.2));
#10258=CARTESIAN_POINT('Ctrl Pts',(19.2205334251674,-45.2219977733008,0.2));
#10259=CARTESIAN_POINT('Ctrl Pts',(19.2540312470453,-45.0913005438645,0.2));
#10260=CARTESIAN_POINT('Ctrl Pts',(19.2714872583747,-45.0231930613518,0.2));
#10261=CARTESIAN_POINT('Ctrl Pts',(18.693042062223,-45.4815831780434,0.));
#10262=CARTESIAN_POINT('Ctrl Pts',(18.693042062223,-45.4815831780434,0.2));
#10263=CARTESIAN_POINT('Ctrl Pts',(18.7665331170793,-45.477829328163,0.));
#10264=CARTESIAN_POINT('Ctrl Pts',(18.7665331170793,-45.477829328163,0.2));
#10265=CARTESIAN_POINT('Ctrl Pts',(18.9056830153462,-45.4707216899616,0.));
#10266=CARTESIAN_POINT('Ctrl Pts',(18.9056830153462,-45.4707216899616,0.2));
#10267=CARTESIAN_POINT('Ctrl Pts',(19.0235228419201,-45.3969978332593,0.));
#10268=CARTESIAN_POINT('Ctrl Pts',(19.0235228419201,-45.3969978332593,0.2));
#10269=CARTESIAN_POINT('Ctrl Pts',(19.079126380384,-45.3622107207775,0.));
#10270=CARTESIAN_POINT('Ctrl Pts',(19.079126380384,-45.3622107207775,0.2));
#10271=CARTESIAN_POINT('',(18.693042062223,-45.4815831780434,0.));
#10272=CARTESIAN_POINT('Ctrl Pts',(18.693042062223,-45.4815831780434,0.));
#10273=CARTESIAN_POINT('Ctrl Pts',(18.7665331170793,-45.477829328163,0.));
#10274=CARTESIAN_POINT('Ctrl Pts',(18.9056830153462,-45.4707216899616,0.));
#10275=CARTESIAN_POINT('Ctrl Pts',(19.0235228419201,-45.3969978332593,0.));
#10276=CARTESIAN_POINT('Ctrl Pts',(19.079126380384,-45.3622107207775,0.));
#10277=CARTESIAN_POINT('',(18.693042062223,-45.4815831780434,0.2));
#10278=CARTESIAN_POINT('',(18.693042062223,-45.4815831780434,0.));
#10279=CARTESIAN_POINT('Ctrl Pts',(18.693042062223,-45.4815831780434,0.2));
#10280=CARTESIAN_POINT('Ctrl Pts',(18.7665331170793,-45.477829328163,0.2));
#10281=CARTESIAN_POINT('Ctrl Pts',(18.9056830153462,-45.4707216899616,0.2));
#10282=CARTESIAN_POINT('Ctrl Pts',(19.0235228419201,-45.3969978332593,0.2));
#10283=CARTESIAN_POINT('Ctrl Pts',(19.079126380384,-45.3622107207775,0.2));
#10284=CARTESIAN_POINT('Ctrl Pts',(18.3472028002143,-45.3935885429382,0.));
#10285=CARTESIAN_POINT('Ctrl Pts',(18.3472028002143,-45.3935885429382,0.2));
#10286=CARTESIAN_POINT('Ctrl Pts',(18.401575399667,-45.4192532406307,0.));
#10287=CARTESIAN_POINT('Ctrl Pts',(18.401575399667,-45.4192532406307,0.2));
#10288=CARTESIAN_POINT('Ctrl Pts',(18.5111370655174,-45.4709680208883,0.));
#10289=CARTESIAN_POINT('Ctrl Pts',(18.5111370655174,-45.4709680208883,0.2));
#10290=CARTESIAN_POINT('Ctrl Pts',(18.6321065701358,-45.4780272568947,0.));
#10291=CARTESIAN_POINT('Ctrl Pts',(18.6321065701358,-45.4780272568947,0.2));
#10292=CARTESIAN_POINT('Ctrl Pts',(18.693042062223,-45.4815831780434,0.));
#10293=CARTESIAN_POINT('Ctrl Pts',(18.693042062223,-45.4815831780434,0.2));
#10294=CARTESIAN_POINT('',(18.3472028002143,-45.3935885429382,0.));
#10295=CARTESIAN_POINT('Ctrl Pts',(18.3472028002143,-45.3935885429382,0.));
#10296=CARTESIAN_POINT('Ctrl Pts',(18.401575399667,-45.4192532406307,0.));
#10297=CARTESIAN_POINT('Ctrl Pts',(18.5111370655174,-45.4709680208883,0.));
#10298=CARTESIAN_POINT('Ctrl Pts',(18.6321065701358,-45.4780272568947,0.));
#10299=CARTESIAN_POINT('Ctrl Pts',(18.693042062223,-45.4815831780434,0.));
#10300=CARTESIAN_POINT('',(18.3472028002143,-45.3935885429382,0.2));
#10301=CARTESIAN_POINT('',(18.3472028002143,-45.3935885429382,0.));
#10302=CARTESIAN_POINT('Ctrl Pts',(18.3472028002143,-45.3935885429382,0.2));
#10303=CARTESIAN_POINT('Ctrl Pts',(18.401575399667,-45.4192532406307,0.2));
#10304=CARTESIAN_POINT('Ctrl Pts',(18.5111370655174,-45.4709680208883,0.2));
#10305=CARTESIAN_POINT('Ctrl Pts',(18.6321065701358,-45.4780272568947,0.2));
#10306=CARTESIAN_POINT('Ctrl Pts',(18.693042062223,-45.4815831780434,0.2));
#10307=CARTESIAN_POINT('Ctrl Pts',(18.1105044111609,-45.1296049356461,0.));
#10308=CARTESIAN_POINT('Ctrl Pts',(18.1105044111609,-45.1296049356461,0.2));
#10309=CARTESIAN_POINT('Ctrl Pts',(18.1393846097211,-45.1843647723107,0.));
#10310=CARTESIAN_POINT('Ctrl Pts',(18.1393846097211,-45.1843647723107,0.2));
#10311=CARTESIAN_POINT('Ctrl Pts',(18.1962616372622,-45.2922094857613,0.));
#10312=CARTESIAN_POINT('Ctrl Pts',(18.1962616372622,-45.2922094857613,0.2));
#10313=CARTESIAN_POINT('Ctrl Pts',(18.2974127459088,-45.3601472426093,0.));
#10314=CARTESIAN_POINT('Ctrl Pts',(18.2974127459088,-45.3601472426093,0.2));
#10315=CARTESIAN_POINT('Ctrl Pts',(18.3472028002143,-45.3935885429382,0.));
#10316=CARTESIAN_POINT('Ctrl Pts',(18.3472028002143,-45.3935885429382,0.2));
#10317=CARTESIAN_POINT('',(18.1105044111609,-45.1296049356461,0.));
#10318=CARTESIAN_POINT('Ctrl Pts',(18.1105044111609,-45.1296049356461,0.));
#10319=CARTESIAN_POINT('Ctrl Pts',(18.1393846097211,-45.1843647723107,0.));
#10320=CARTESIAN_POINT('Ctrl Pts',(18.1962616372622,-45.2922094857613,0.));
#10321=CARTESIAN_POINT('Ctrl Pts',(18.2974127459088,-45.3601472426093,0.));
#10322=CARTESIAN_POINT('Ctrl Pts',(18.3472028002143,-45.3935885429382,0.));
#10323=CARTESIAN_POINT('',(18.1105044111609,-45.1296049356461,0.2));
#10324=CARTESIAN_POINT('',(18.1105044111609,-45.1296049356461,0.));
#10325=CARTESIAN_POINT('Ctrl Pts',(18.1105044111609,-45.1296049356461,0.2));
#10326=CARTESIAN_POINT('Ctrl Pts',(18.1393846097211,-45.1843647723107,0.2));
#10327=CARTESIAN_POINT('Ctrl Pts',(18.1962616372622,-45.2922094857613,0.2));
#10328=CARTESIAN_POINT('Ctrl Pts',(18.2974127459088,-45.3601472426093,0.2));
#10329=CARTESIAN_POINT('Ctrl Pts',(18.3472028002143,-45.3935885429382,0.2));
#10330=CARTESIAN_POINT('Ctrl Pts',(18.0327418074012,-44.7189638018608,0.));
#10331=CARTESIAN_POINT('Ctrl Pts',(18.0327418074012,-44.7189638018608,0.2));
#10332=CARTESIAN_POINT('Ctrl Pts',(18.0352663246268,-44.7930636489545,0.));
#10333=CARTESIAN_POINT('Ctrl Pts',(18.0352663246268,-44.7930636489545,0.2));
#10334=CARTESIAN_POINT('Ctrl Pts',(18.0400699522777,-44.9340601415972,0.));
#10335=CARTESIAN_POINT('Ctrl Pts',(18.0400699522777,-44.9340601415972,0.2));
#10336=CARTESIAN_POINT('Ctrl Pts',(18.0878397428062,-45.066681787291,0.));
#10337=CARTESIAN_POINT('Ctrl Pts',(18.0878397428062,-45.066681787291,0.2));
#10338=CARTESIAN_POINT('Ctrl Pts',(18.1105044111609,-45.1296049356461,0.));
#10339=CARTESIAN_POINT('Ctrl Pts',(18.1105044111609,-45.1296049356461,0.2));
#10340=CARTESIAN_POINT('',(18.0327418074012,-44.7189638018608,0.));
#10341=CARTESIAN_POINT('Ctrl Pts',(18.0327418074012,-44.7189638018608,0.));
#10342=CARTESIAN_POINT('Ctrl Pts',(18.0352663246268,-44.7930636489545,0.));
#10343=CARTESIAN_POINT('Ctrl Pts',(18.0400699522777,-44.9340601415972,0.));
#10344=CARTESIAN_POINT('Ctrl Pts',(18.0878397428062,-45.066681787291,0.));
#10345=CARTESIAN_POINT('Ctrl Pts',(18.1105044111609,-45.1296049356461,0.));
#10346=CARTESIAN_POINT('',(18.0327418074012,-44.7189638018608,0.2));
#10347=CARTESIAN_POINT('',(18.0327418074012,-44.7189638018608,0.));
#10348=CARTESIAN_POINT('Ctrl Pts',(18.0327418074012,-44.7189638018608,0.2));
#10349=CARTESIAN_POINT('Ctrl Pts',(18.0352663246268,-44.7930636489545,0.2));
#10350=CARTESIAN_POINT('Ctrl Pts',(18.0400699522777,-44.9340601415972,0.2));
#10351=CARTESIAN_POINT('Ctrl Pts',(18.0878397428062,-45.066681787291,0.2));
#10352=CARTESIAN_POINT('Ctrl Pts',(18.1105044111609,-45.1296049356461,0.2));
#10353=CARTESIAN_POINT('Ctrl Pts',(18.2135060057044,-44.1616649925709,0.));
#10354=CARTESIAN_POINT('Ctrl Pts',(18.2135060057044,-44.1616649925709,0.2));
#10355=CARTESIAN_POINT('Ctrl Pts',(18.1608857280662,-44.2379612145799,0.));
#10356=CARTESIAN_POINT('Ctrl Pts',(18.1608857280662,-44.2379612145799,0.2));
#10357=CARTESIAN_POINT('Ctrl Pts',(18.0457415067296,-44.4049133757709,0.));
#10358=CARTESIAN_POINT('Ctrl Pts',(18.0457415067296,-44.4049133757709,0.2));
#10359=CARTESIAN_POINT('Ctrl Pts',(18.0373165857175,-44.608445008832,0.));
#10360=CARTESIAN_POINT('Ctrl Pts',(18.0373165857175,-44.608445008832,0.2));
#10361=CARTESIAN_POINT('Ctrl Pts',(18.0327418074012,-44.7189638018608,0.));
#10362=CARTESIAN_POINT('Ctrl Pts',(18.0327418074012,-44.7189638018608,0.2));
#10363=CARTESIAN_POINT('',(18.2135060057044,-44.1616649925709,0.));
#10364=CARTESIAN_POINT('Ctrl Pts',(18.2135060057044,-44.1616649925709,0.));
#10365=CARTESIAN_POINT('Ctrl Pts',(18.1608857280662,-44.2379612145799,0.));
#10366=CARTESIAN_POINT('Ctrl Pts',(18.0457415067296,-44.4049133757709,0.));
#10367=CARTESIAN_POINT('Ctrl Pts',(18.0373165857175,-44.608445008832,0.));
#10368=CARTESIAN_POINT('Ctrl Pts',(18.0327418074012,-44.7189638018608,0.));
#10369=CARTESIAN_POINT('',(18.2135060057044,-44.1616649925709,0.2));
#10370=CARTESIAN_POINT('',(18.2135060057044,-44.1616649925709,0.));
#10371=CARTESIAN_POINT('Ctrl Pts',(18.2135060057044,-44.1616649925709,0.2));
#10372=CARTESIAN_POINT('Ctrl Pts',(18.1608857280662,-44.2379612145799,0.2));
#10373=CARTESIAN_POINT('Ctrl Pts',(18.0457415067296,-44.4049133757709,0.2));
#10374=CARTESIAN_POINT('Ctrl Pts',(18.0373165857175,-44.608445008832,0.2));
#10375=CARTESIAN_POINT('Ctrl Pts',(18.0327418074012,-44.7189638018608,0.2));
#10376=CARTESIAN_POINT('Ctrl Pts',(18.6916771158576,-43.9672586321831,0.));
#10377=CARTESIAN_POINT('Ctrl Pts',(18.6916771158576,-43.9672586321831,0.2));
#10378=CARTESIAN_POINT('Ctrl Pts',(18.5984471630865,-43.9742625501908,0.));
#10379=CARTESIAN_POINT('Ctrl Pts',(18.5984471630865,-43.9742625501908,0.2));
#10380=CARTESIAN_POINT('Ctrl Pts',(18.4178087895518,-43.9878330425023,0.));
#10381=CARTESIAN_POINT('Ctrl Pts',(18.4178087895518,-43.9878330425023,0.2));
#10382=CARTESIAN_POINT('Ctrl Pts',(18.2801278943954,-44.1049794564744,0.));
#10383=CARTESIAN_POINT('Ctrl Pts',(18.2801278943954,-44.1049794564744,0.2));
#10384=CARTESIAN_POINT('Ctrl Pts',(18.2135060057044,-44.1616649925709,0.));
#10385=CARTESIAN_POINT('Ctrl Pts',(18.2135060057044,-44.1616649925709,0.2));
#10386=CARTESIAN_POINT('',(18.6916771158576,-43.9672586321831,0.));
#10387=CARTESIAN_POINT('Ctrl Pts',(18.6916771158576,-43.9672586321831,0.));
#10388=CARTESIAN_POINT('Ctrl Pts',(18.5984471630865,-43.9742625501908,0.));
#10389=CARTESIAN_POINT('Ctrl Pts',(18.4178087895518,-43.9878330425023,0.));
#10390=CARTESIAN_POINT('Ctrl Pts',(18.2801278943954,-44.1049794564744,0.));
#10391=CARTESIAN_POINT('Ctrl Pts',(18.2135060057044,-44.1616649925709,0.));
#10392=CARTESIAN_POINT('',(18.6916771158576,-43.9672586321831,0.2));
#10393=CARTESIAN_POINT('',(18.6916771158576,-43.9672586321831,0.));
#10394=CARTESIAN_POINT('Ctrl Pts',(18.6916771158576,-43.9672586321831,0.2));
#10395=CARTESIAN_POINT('Ctrl Pts',(18.5984471630865,-43.9742625501908,0.2));
#10396=CARTESIAN_POINT('Ctrl Pts',(18.4178087895518,-43.9878330425023,0.2));
#10397=CARTESIAN_POINT('Ctrl Pts',(18.2801278943954,-44.1049794564744,0.2));
#10398=CARTESIAN_POINT('Ctrl Pts',(18.2135060057044,-44.1616649925709,0.2));
#10399=CARTESIAN_POINT('Ctrl Pts',(19.0920868143439,-44.1084590554237,0.));
#10400=CARTESIAN_POINT('Ctrl Pts',(19.0920868143439,-44.1084590554237,0.2));
#10401=CARTESIAN_POINT('Ctrl Pts',(19.0336523154543,-44.0672836409736,0.));
#10402=CARTESIAN_POINT('Ctrl Pts',(19.0336523154543,-44.0672836409736,0.2));
#10403=CARTESIAN_POINT('Ctrl Pts',(18.9136186267964,-43.982702837298,0.));
#10404=CARTESIAN_POINT('Ctrl Pts',(18.9136186267964,-43.982702837298,0.2));
#10405=CARTESIAN_POINT('Ctrl Pts',(18.7669466230539,-43.9724963982194,0.));
#10406=CARTESIAN_POINT('Ctrl Pts',(18.7669466230539,-43.9724963982194,0.2));
#10407=CARTESIAN_POINT('Ctrl Pts',(18.6916771158576,-43.9672586321831,0.));
#10408=CARTESIAN_POINT('Ctrl Pts',(18.6916771158576,-43.9672586321831,0.2));
#10409=CARTESIAN_POINT('',(19.0920868143439,-44.1084590554237,0.));
#10410=CARTESIAN_POINT('Ctrl Pts',(19.0920868143439,-44.1084590554237,0.));
#10411=CARTESIAN_POINT('Ctrl Pts',(19.0336523154543,-44.0672836409736,0.));
#10412=CARTESIAN_POINT('Ctrl Pts',(18.9136186267964,-43.982702837298,0.));
#10413=CARTESIAN_POINT('Ctrl Pts',(18.7669466230539,-43.9724963982194,0.));
#10414=CARTESIAN_POINT('Ctrl Pts',(18.6916771158576,-43.9672586321831,0.));
#10415=CARTESIAN_POINT('',(19.0920868143439,-44.1084590554237,0.2));
#10416=CARTESIAN_POINT('',(19.0920868143439,-44.1084590554237,0.));
#10417=CARTESIAN_POINT('Ctrl Pts',(19.0920868143439,-44.1084590554237,0.2));
#10418=CARTESIAN_POINT('Ctrl Pts',(19.0336523154543,-44.0672836409736,0.2));
#10419=CARTESIAN_POINT('Ctrl Pts',(18.9136186267964,-43.982702837298,0.2));
#10420=CARTESIAN_POINT('Ctrl Pts',(18.7669466230539,-43.9724963982194,0.2));
#10421=CARTESIAN_POINT('Ctrl Pts',(18.6916771158576,-43.9672586321831,0.2));
#10422=CARTESIAN_POINT('Ctrl Pts',(19.2946794256568,-44.4993185997009,0.));
#10423=CARTESIAN_POINT('Ctrl Pts',(19.2946794256568,-44.4993185997009,0.2));
#10424=CARTESIAN_POINT('Ctrl Pts',(19.2776132992056,-44.4217500403188,0.));
#10425=CARTESIAN_POINT('Ctrl Pts',(19.2776132992056,-44.4217500403188,0.2));
#10426=CARTESIAN_POINT('Ctrl Pts',(19.2449009614587,-44.2730666867589,0.));
#10427=CARTESIAN_POINT('Ctrl Pts',(19.2449009614587,-44.2730666867589,0.2));
#10428=CARTESIAN_POINT('Ctrl Pts',(19.1415292083376,-44.1617171831331,0.));
#10429=CARTESIAN_POINT('Ctrl Pts',(19.1415292083376,-44.1617171831331,0.2));
#10430=CARTESIAN_POINT('Ctrl Pts',(19.0920868143439,-44.1084590554237,0.));
#10431=CARTESIAN_POINT('Ctrl Pts',(19.0920868143439,-44.1084590554237,0.2));
#10432=CARTESIAN_POINT('',(19.2946794256568,-44.4993185997009,0.));
#10433=CARTESIAN_POINT('Ctrl Pts',(19.2946794256568,-44.4993185997009,0.));
#10434=CARTESIAN_POINT('Ctrl Pts',(19.2776132992056,-44.4217500403188,0.));
#10435=CARTESIAN_POINT('Ctrl Pts',(19.2449009614587,-44.2730666867589,0.));
#10436=CARTESIAN_POINT('Ctrl Pts',(19.1415292083376,-44.1617171831331,0.));
#10437=CARTESIAN_POINT('Ctrl Pts',(19.0920868143439,-44.1084590554237,0.));
#10438=CARTESIAN_POINT('',(19.2946794256568,-44.4993185997009,0.2));
#10439=CARTESIAN_POINT('',(19.2946794256568,-44.4993185997009,0.));
#10440=CARTESIAN_POINT('Ctrl Pts',(19.2946794256568,-44.4993185997009,0.2));
#10441=CARTESIAN_POINT('Ctrl Pts',(19.2776132992056,-44.4217500403188,0.2));
#10442=CARTESIAN_POINT('Ctrl Pts',(19.2449009614587,-44.2730666867589,0.2));
#10443=CARTESIAN_POINT('Ctrl Pts',(19.1415292083376,-44.1617171831331,0.2));
#10444=CARTESIAN_POINT('Ctrl Pts',(19.0920868143439,-44.1084590554237,0.2));
#10445=CARTESIAN_POINT('Origin',(19.053205512464,-44.5306964218616,0.));
#10446=CARTESIAN_POINT('',(19.053205512464,-44.5306964218616,0.));
#10447=CARTESIAN_POINT('',(21.5906647495686,-44.2009715930832,0.));
#10448=CARTESIAN_POINT('',(19.053205512464,-44.5306964218616,0.2));
#10449=CARTESIAN_POINT('',(19.053205512464,-44.5306964218616,0.));
#10450=CARTESIAN_POINT('',(19.053205512464,-44.5306964218616,0.2));
#10451=CARTESIAN_POINT('Ctrl Pts',(18.9304223284125,-44.257845133543,0.));
#10452=CARTESIAN_POINT('Ctrl Pts',(18.9304223284125,-44.257845133543,0.2));
#10453=CARTESIAN_POINT('Ctrl Pts',(18.9600421976003,-44.2938374521766,0.));
#10454=CARTESIAN_POINT('Ctrl Pts',(18.9600421976003,-44.2938374521766,0.2));
#10455=CARTESIAN_POINT('Ctrl Pts',(19.0254299252884,-44.3732927635677,0.));
#10456=CARTESIAN_POINT('Ctrl Pts',(19.0254299252884,-44.3732927635677,0.2));
#10457=CARTESIAN_POINT('Ctrl Pts',(19.0433842726364,-44.4750396658738,0.));
#10458=CARTESIAN_POINT('Ctrl Pts',(19.0433842726364,-44.4750396658738,0.2));
#10459=CARTESIAN_POINT('Ctrl Pts',(19.053205512464,-44.5306964218616,0.));
#10460=CARTESIAN_POINT('Ctrl Pts',(19.053205512464,-44.5306964218616,0.2));
#10461=CARTESIAN_POINT('Ctrl Pts',(18.9304223284125,-44.257845133543,0.));
#10462=CARTESIAN_POINT('Ctrl Pts',(18.9600421976003,-44.2938374521766,0.));
#10463=CARTESIAN_POINT('Ctrl Pts',(19.0254299252884,-44.3732927635677,0.));
#10464=CARTESIAN_POINT('Ctrl Pts',(19.0433842726364,-44.4750396658738,0.));
#10465=CARTESIAN_POINT('Ctrl Pts',(19.053205512464,-44.5306964218616,0.));
#10466=CARTESIAN_POINT('Ctrl Pts',(18.9304223284125,-44.257845133543,0.2));
#10467=CARTESIAN_POINT('Ctrl Pts',(18.9600421976003,-44.2938374521766,0.2));
#10468=CARTESIAN_POINT('Ctrl Pts',(19.0254299252884,-44.3732927635677,0.2));
#10469=CARTESIAN_POINT('Ctrl Pts',(19.0433842726364,-44.4750396658738,0.2));
#10470=CARTESIAN_POINT('Ctrl Pts',(19.053205512464,-44.5306964218616,0.2));
#10471=CARTESIAN_POINT('Origin',(14.5886769704521,-44.7060034424067,0.2));
#10472=CARTESIAN_POINT('Ctrl Pts',(21.5225103124976,-45.2892228960991,0.));
#10473=CARTESIAN_POINT('Ctrl Pts',(21.5225103124976,-45.2892228960991,0.2));
#10474=CARTESIAN_POINT('Ctrl Pts',(21.4707346966386,-45.2818695563255,0.));
#10475=CARTESIAN_POINT('Ctrl Pts',(21.4707346966386,-45.2818695563255,0.2));
#10476=CARTESIAN_POINT('Ctrl Pts',(21.3611375677792,-45.2663042189877,0.));
#10477=CARTESIAN_POINT('Ctrl Pts',(21.3611375677792,-45.2663042189877,0.2));
#10478=CARTESIAN_POINT('Ctrl Pts',(21.2850344574059,-45.1853011570231,0.));
#10479=CARTESIAN_POINT('Ctrl Pts',(21.2850344574059,-45.1853011570231,0.2));
#10480=CARTESIAN_POINT('Ctrl Pts',(21.2448837980628,-45.142565369606,0.));
#10481=CARTESIAN_POINT('Ctrl Pts',(21.2448837980628,-45.142565369606,0.2));
#10482=CARTESIAN_POINT('',(21.5225103124976,-45.2892228960991,0.));
#10483=CARTESIAN_POINT('',(21.2448837980628,-45.142565369606,0.));
#10484=CARTESIAN_POINT('Ctrl Pts',(21.5225103124976,-45.2892228960991,0.));
#10485=CARTESIAN_POINT('Ctrl Pts',(21.4707346966386,-45.2818695563255,0.));
#10486=CARTESIAN_POINT('Ctrl Pts',(21.3611375677792,-45.2663042189877,0.));
#10487=CARTESIAN_POINT('Ctrl Pts',(21.2850344574059,-45.1853011570231,0.));
#10488=CARTESIAN_POINT('Ctrl Pts',(21.2448837980628,-45.142565369606,0.));
#10489=CARTESIAN_POINT('',(21.5225103124976,-45.2892228960991,0.2));
#10490=CARTESIAN_POINT('',(21.5225103124976,-45.2892228960991,0.));
#10491=CARTESIAN_POINT('',(21.2448837980628,-45.142565369606,0.2));
#10492=CARTESIAN_POINT('Ctrl Pts',(21.5225103124976,-45.2892228960991,0.2));
#10493=CARTESIAN_POINT('Ctrl Pts',(21.4707346966386,-45.2818695563255,0.2));
#10494=CARTESIAN_POINT('Ctrl Pts',(21.3611375677792,-45.2663042189877,0.2));
#10495=CARTESIAN_POINT('Ctrl Pts',(21.2850344574059,-45.1853011570231,0.2));
#10496=CARTESIAN_POINT('Ctrl Pts',(21.2448837980628,-45.142565369606,0.2));
#10497=CARTESIAN_POINT('',(21.2448837980628,-45.142565369606,0.));
#10498=CARTESIAN_POINT('Ctrl Pts',(21.7946794256568,-45.1514330506325,0.));
#10499=CARTESIAN_POINT('Ctrl Pts',(21.7946794256568,-45.1514330506325,0.2));
#10500=CARTESIAN_POINT('Ctrl Pts',(21.7558528935199,-45.1916069830685,0.));
#10501=CARTESIAN_POINT('Ctrl Pts',(21.7558528935199,-45.1916069830685,0.2));
#10502=CARTESIAN_POINT('Ctrl Pts',(21.6808424942926,-45.2692204742742,0.));
#10503=CARTESIAN_POINT('Ctrl Pts',(21.6808424942926,-45.2692204742742,0.2));
#10504=CARTESIAN_POINT('Ctrl Pts',(21.5740333883893,-45.2827138826691,0.));
#10505=CARTESIAN_POINT('Ctrl Pts',(21.5740333883893,-45.2827138826691,0.2));
#10506=CARTESIAN_POINT('Ctrl Pts',(21.5225103124976,-45.2892228960991,0.));
#10507=CARTESIAN_POINT('Ctrl Pts',(21.5225103124976,-45.2892228960991,0.2));
#10508=CARTESIAN_POINT('',(21.7946794256568,-45.1514330506325,0.));
#10509=CARTESIAN_POINT('Ctrl Pts',(21.7946794256568,-45.1514330506325,0.));
#10510=CARTESIAN_POINT('Ctrl Pts',(21.7558528935199,-45.1916069830685,0.));
#10511=CARTESIAN_POINT('Ctrl Pts',(21.6808424942926,-45.2692204742742,0.));
#10512=CARTESIAN_POINT('Ctrl Pts',(21.5740333883893,-45.2827138826691,0.));
#10513=CARTESIAN_POINT('Ctrl Pts',(21.5225103124976,-45.2892228960991,0.));
#10514=CARTESIAN_POINT('',(21.7946794256568,-45.1514330506325,0.2));
#10515=CARTESIAN_POINT('',(21.7946794256568,-45.1514330506325,0.));
#10516=CARTESIAN_POINT('Ctrl Pts',(21.7946794256568,-45.1514330506325,0.2));
#10517=CARTESIAN_POINT('Ctrl Pts',(21.7558528935199,-45.1916069830685,0.2));
#10518=CARTESIAN_POINT('Ctrl Pts',(21.6808424942926,-45.2692204742742,0.2));
#10519=CARTESIAN_POINT('Ctrl Pts',(21.5740333883893,-45.2827138826691,0.2));
#10520=CARTESIAN_POINT('Ctrl Pts',(21.5225103124976,-45.2892228960991,0.2));
#10521=CARTESIAN_POINT('Ctrl Pts',(21.9085946306586,-44.7366991639137,0.));
#10522=CARTESIAN_POINT('Ctrl Pts',(21.9085946306586,-44.7366991639137,0.2));
#10523=CARTESIAN_POINT('Ctrl Pts',(21.9065237241471,-44.8196192917677,0.));
#10524=CARTESIAN_POINT('Ctrl Pts',(21.9065237241471,-44.8196192917677,0.2));
#10525=CARTESIAN_POINT('Ctrl Pts',(21.9028172442929,-44.9680285906377,0.));
#10526=CARTESIAN_POINT('Ctrl Pts',(21.9028172442929,-44.9680285906377,0.2));
#10527=CARTESIAN_POINT('Ctrl Pts',(21.8277879191478,-45.095280213017,0.));
#10528=CARTESIAN_POINT('Ctrl Pts',(21.8277879191478,-45.095280213017,0.2));
#10529=CARTESIAN_POINT('Ctrl Pts',(21.7946794256568,-45.1514330506325,0.));
#10530=CARTESIAN_POINT('Ctrl Pts',(21.7946794256568,-45.1514330506325,0.2));
#10531=CARTESIAN_POINT('',(21.9085946306586,-44.7366991639137,0.));
#10532=CARTESIAN_POINT('Ctrl Pts',(21.9085946306586,-44.7366991639137,0.));
#10533=CARTESIAN_POINT('Ctrl Pts',(21.9065237241471,-44.8196192917677,0.));
#10534=CARTESIAN_POINT('Ctrl Pts',(21.9028172442929,-44.9680285906377,0.));
#10535=CARTESIAN_POINT('Ctrl Pts',(21.8277879191478,-45.095280213017,0.));
#10536=CARTESIAN_POINT('Ctrl Pts',(21.7946794256568,-45.1514330506325,0.));
#10537=CARTESIAN_POINT('',(21.9085946306586,-44.7366991639137,0.2));
#10538=CARTESIAN_POINT('',(21.9085946306586,-44.7366991639137,0.));
#10539=CARTESIAN_POINT('Ctrl Pts',(21.9085946306586,-44.7366991639137,0.2));
#10540=CARTESIAN_POINT('Ctrl Pts',(21.9065237241471,-44.8196192917677,0.2));
#10541=CARTESIAN_POINT('Ctrl Pts',(21.9028172442929,-44.9680285906377,0.2));
#10542=CARTESIAN_POINT('Ctrl Pts',(21.8277879191478,-45.095280213017,0.2));
#10543=CARTESIAN_POINT('Ctrl Pts',(21.7946794256568,-45.1514330506325,0.2));
#10544=CARTESIAN_POINT('Ctrl Pts',(21.791950725019,-44.3076404929161,0.));
#10545=CARTESIAN_POINT('Ctrl Pts',(21.791950725019,-44.3076404929161,0.2));
#10546=CARTESIAN_POINT('Ctrl Pts',(21.8258330350422,-44.3650776912495,0.));
#10547=CARTESIAN_POINT('Ctrl Pts',(21.8258330350422,-44.3650776912495,0.2));
#10548=CARTESIAN_POINT('Ctrl Pts',(21.9034435718374,-44.4966428587841,0.));
#10549=CARTESIAN_POINT('Ctrl Pts',(21.9034435718374,-44.4966428587841,0.2));
#10550=CARTESIAN_POINT('Ctrl Pts',(21.9067382851543,-44.6501873498805,0.));
#10551=CARTESIAN_POINT('Ctrl Pts',(21.9067382851543,-44.6501873498805,0.2));
#10552=CARTESIAN_POINT('Ctrl Pts',(21.9085946306586,-44.7366991639137,0.));
#10553=CARTESIAN_POINT('Ctrl Pts',(21.9085946306586,-44.7366991639137,0.2));
#10554=CARTESIAN_POINT('',(21.791950725019,-44.3076404929161,0.));
#10555=CARTESIAN_POINT('Ctrl Pts',(21.791950725019,-44.3076404929161,0.));
#10556=CARTESIAN_POINT('Ctrl Pts',(21.8258330350422,-44.3650776912495,0.));
#10557=CARTESIAN_POINT('Ctrl Pts',(21.9034435718374,-44.4966428587841,0.));
#10558=CARTESIAN_POINT('Ctrl Pts',(21.9067382851543,-44.6501873498805,0.));
#10559=CARTESIAN_POINT('Ctrl Pts',(21.9085946306586,-44.7366991639137,0.));
#10560=CARTESIAN_POINT('',(21.791950725019,-44.3076404929161,0.2));
#10561=CARTESIAN_POINT('',(21.791950725019,-44.3076404929161,0.));
#10562=CARTESIAN_POINT('Ctrl Pts',(21.791950725019,-44.3076404929161,0.2));
#10563=CARTESIAN_POINT('Ctrl Pts',(21.8258330350422,-44.3650776912495,0.2));
#10564=CARTESIAN_POINT('Ctrl Pts',(21.9034435718374,-44.4966428587841,0.2));
#10565=CARTESIAN_POINT('Ctrl Pts',(21.9067382851543,-44.6501873498805,0.2));
#10566=CARTESIAN_POINT('Ctrl Pts',(21.9085946306586,-44.7366991639137,0.2));
#10567=CARTESIAN_POINT('Ctrl Pts',(21.5115955099463,-44.16916847229,0.));
#10568=CARTESIAN_POINT('Ctrl Pts',(21.5115955099463,-44.16916847229,0.2));
#10569=CARTESIAN_POINT('Ctrl Pts',(21.5647341937487,-44.1755793566709,0.));
#10570=CARTESIAN_POINT('Ctrl Pts',(21.5647341937487,-44.1755793566709,0.2));
#10571=CARTESIAN_POINT('Ctrl Pts',(21.6741866773274,-44.1887841853798,0.));
#10572=CARTESIAN_POINT('Ctrl Pts',(21.6741866773274,-44.1887841853798,0.2));
#10573=CARTESIAN_POINT('Ctrl Pts',(21.7519441514967,-44.2672628590012,0.));
#10574=CARTESIAN_POINT('Ctrl Pts',(21.7519441514967,-44.2672628590012,0.2));
#10575=CARTESIAN_POINT('Ctrl Pts',(21.791950725019,-44.3076404929161,0.));
#10576=CARTESIAN_POINT('Ctrl Pts',(21.791950725019,-44.3076404929161,0.2));
#10577=CARTESIAN_POINT('',(21.5115955099463,-44.16916847229,0.));
#10578=CARTESIAN_POINT('Ctrl Pts',(21.5115955099463,-44.16916847229,0.));
#10579=CARTESIAN_POINT('Ctrl Pts',(21.5647341937487,-44.1755793566709,0.));
#10580=CARTESIAN_POINT('Ctrl Pts',(21.6741866773274,-44.1887841853798,0.));
#10581=CARTESIAN_POINT('Ctrl Pts',(21.7519441514967,-44.2672628590012,0.));
#10582=CARTESIAN_POINT('Ctrl Pts',(21.791950725019,-44.3076404929161,0.));
#10583=CARTESIAN_POINT('',(21.5115955099463,-44.16916847229,0.2));
#10584=CARTESIAN_POINT('',(21.5115955099463,-44.16916847229,0.));
#10585=CARTESIAN_POINT('Ctrl Pts',(21.5115955099463,-44.16916847229,0.2));
#10586=CARTESIAN_POINT('Ctrl Pts',(21.5647341937487,-44.1755793566709,0.2));
#10587=CARTESIAN_POINT('Ctrl Pts',(21.6741866773274,-44.1887841853798,0.2));
#10588=CARTESIAN_POINT('Ctrl Pts',(21.7519441514967,-44.2672628590012,0.2));
#10589=CARTESIAN_POINT('Ctrl Pts',(21.791950725019,-44.3076404929161,0.2));
#10590=CARTESIAN_POINT('Ctrl Pts',(21.2373807653785,-44.3028655648232,0.));
#10591=CARTESIAN_POINT('Ctrl Pts',(21.2373807653785,-44.3028655648232,0.2));
#10592=CARTESIAN_POINT('Ctrl Pts',(21.2764304000987,-44.2638773337375,0.));
#10593=CARTESIAN_POINT('Ctrl Pts',(21.2764304000987,-44.2638773337375,0.2));
#10594=CARTESIAN_POINT('Ctrl Pts',(21.3526703533017,-44.1877572641201,0.));
#10595=CARTESIAN_POINT('Ctrl Pts',(21.3526703533017,-44.1877572641201,0.2));
#10596=CARTESIAN_POINT('Ctrl Pts',(21.45948880948,-44.1752631688653,0.));
#10597=CARTESIAN_POINT('Ctrl Pts',(21.45948880948,-44.1752631688653,0.2));
#10598=CARTESIAN_POINT('Ctrl Pts',(21.5115955099463,-44.16916847229,0.));
#10599=CARTESIAN_POINT('Ctrl Pts',(21.5115955099463,-44.16916847229,0.2));
#10600=CARTESIAN_POINT('',(21.2373807653785,-44.3028655648232,0.));
#10601=CARTESIAN_POINT('Ctrl Pts',(21.2373807653785,-44.3028655648232,0.));
#10602=CARTESIAN_POINT('Ctrl Pts',(21.2764304000987,-44.2638773337375,0.));
#10603=CARTESIAN_POINT('Ctrl Pts',(21.3526703533017,-44.1877572641201,0.));
#10604=CARTESIAN_POINT('Ctrl Pts',(21.45948880948,-44.1752631688653,0.));
#10605=CARTESIAN_POINT('Ctrl Pts',(21.5115955099463,-44.16916847229,0.));
#10606=CARTESIAN_POINT('',(21.2373807653785,-44.3028655648232,0.2));
#10607=CARTESIAN_POINT('',(21.2373807653785,-44.3028655648232,0.));
#10608=CARTESIAN_POINT('Ctrl Pts',(21.2373807653785,-44.3028655648232,0.2));
#10609=CARTESIAN_POINT('Ctrl Pts',(21.2764304000987,-44.2638773337375,0.2));
#10610=CARTESIAN_POINT('Ctrl Pts',(21.3526703533017,-44.1877572641201,0.2));
#10611=CARTESIAN_POINT('Ctrl Pts',(21.45948880948,-44.1752631688653,0.2));
#10612=CARTESIAN_POINT('Ctrl Pts',(21.5115955099463,-44.16916847229,0.2));
#10613=CARTESIAN_POINT('Ctrl Pts',(21.1241474375129,-44.7162352502346,0.));
#10614=CARTESIAN_POINT('Ctrl Pts',(21.1241474375129,-44.7162352502346,0.2));
#10615=CARTESIAN_POINT('Ctrl Pts',(21.1259859167122,-44.6329136428751,0.));
#10616=CARTESIAN_POINT('Ctrl Pts',(21.1259859167122,-44.6329136428751,0.2));
#10617=CARTESIAN_POINT('Ctrl Pts',(21.1292527221145,-44.4848589479104,0.));
#10618=CARTESIAN_POINT('Ctrl Pts',(21.1292527221145,-44.4848589479104,0.2));
#10619=CARTESIAN_POINT('Ctrl Pts',(21.204486667735,-44.3582305555603,0.));
#10620=CARTESIAN_POINT('Ctrl Pts',(21.204486667735,-44.3582305555603,0.2));
#10621=CARTESIAN_POINT('Ctrl Pts',(21.2373807653785,-44.3028655648232,0.));
#10622=CARTESIAN_POINT('Ctrl Pts',(21.2373807653785,-44.3028655648232,0.2));
#10623=CARTESIAN_POINT('',(21.1241474375129,-44.7162352502346,0.));
#10624=CARTESIAN_POINT('Ctrl Pts',(21.1241474375129,-44.7162352502346,0.));
#10625=CARTESIAN_POINT('Ctrl Pts',(21.1259859167122,-44.6329136428751,0.));
#10626=CARTESIAN_POINT('Ctrl Pts',(21.1292527221145,-44.4848589479104,0.));
#10627=CARTESIAN_POINT('Ctrl Pts',(21.204486667735,-44.3582305555603,0.));
#10628=CARTESIAN_POINT('Ctrl Pts',(21.2373807653785,-44.3028655648232,0.));
#10629=CARTESIAN_POINT('',(21.1241474375129,-44.7162352502346,0.2));
#10630=CARTESIAN_POINT('',(21.1241474375129,-44.7162352502346,0.));
#10631=CARTESIAN_POINT('Ctrl Pts',(21.1241474375129,-44.7162352502346,0.2));
#10632=CARTESIAN_POINT('Ctrl Pts',(21.1259859167122,-44.6329136428751,0.2));
#10633=CARTESIAN_POINT('Ctrl Pts',(21.1292527221145,-44.4848589479104,0.2));
#10634=CARTESIAN_POINT('Ctrl Pts',(21.204486667735,-44.3582305555603,0.2));
#10635=CARTESIAN_POINT('Ctrl Pts',(21.2373807653785,-44.3028655648232,0.2));
#10636=CARTESIAN_POINT('Ctrl Pts',(21.2448837980628,-45.142565369606,0.));
#10637=CARTESIAN_POINT('Ctrl Pts',(21.2448837980628,-45.142565369606,0.2));
#10638=CARTESIAN_POINT('Ctrl Pts',(21.2097677795919,-45.0840886691711,0.));
#10639=CARTESIAN_POINT('Ctrl Pts',(21.2097677795919,-45.0840886691711,0.2));
#10640=CARTESIAN_POINT('Ctrl Pts',(21.1313682816541,-44.953534461867,0.));
#10641=CARTESIAN_POINT('Ctrl Pts',(21.1313682816541,-44.953534461867,0.2));
#10642=CARTESIAN_POINT('Ctrl Pts',(21.1267159418821,-44.8006442265208,0.));
#10643=CARTESIAN_POINT('Ctrl Pts',(21.1267159418821,-44.8006442265208,0.2));
#10644=CARTESIAN_POINT('Ctrl Pts',(21.1241474375129,-44.7162352502346,0.));
#10645=CARTESIAN_POINT('Ctrl Pts',(21.1241474375129,-44.7162352502346,0.2));
#10646=CARTESIAN_POINT('Ctrl Pts',(21.2448837980628,-45.142565369606,0.));
#10647=CARTESIAN_POINT('Ctrl Pts',(21.2097677795919,-45.0840886691711,0.));
#10648=CARTESIAN_POINT('Ctrl Pts',(21.1313682816541,-44.953534461867,0.));
#10649=CARTESIAN_POINT('Ctrl Pts',(21.1267159418821,-44.8006442265208,0.));
#10650=CARTESIAN_POINT('Ctrl Pts',(21.1241474375129,-44.7162352502346,0.));
#10651=CARTESIAN_POINT('Ctrl Pts',(21.2448837980628,-45.142565369606,0.2));
#10652=CARTESIAN_POINT('Ctrl Pts',(21.2097677795919,-45.0840886691711,0.2));
#10653=CARTESIAN_POINT('Ctrl Pts',(21.1313682816541,-44.953534461867,0.2));
#10654=CARTESIAN_POINT('Ctrl Pts',(21.1267159418821,-44.8006442265208,0.2));
#10655=CARTESIAN_POINT('Ctrl Pts',(21.1241474375129,-44.7162352502346,0.2));
#10656=CARTESIAN_POINT('Origin',(21.147339604795,-44.1500689089298,0.));
#10657=CARTESIAN_POINT('',(21.147339604795,-44.1500689089298,0.));
#10658=CARTESIAN_POINT('',(21.147339604795,-43.4447482228279,0.));
#10659=CARTESIAN_POINT('',(21.147339604795,-26.3370344544649,0.));
#10660=CARTESIAN_POINT('',(21.147339604795,-44.1500689089298,0.2));
#10661=CARTESIAN_POINT('',(21.147339604795,-44.1500689089298,0.));
#10662=CARTESIAN_POINT('',(21.147339604795,-43.4447482228279,0.2));
#10663=CARTESIAN_POINT('',(21.147339604795,-44.1500689089298,0.2));
#10664=CARTESIAN_POINT('',(21.147339604795,-43.4447482228279,0.));
#10665=CARTESIAN_POINT('Ctrl Pts',(21.307639144361,-44.0191003680229,0.));
#10666=CARTESIAN_POINT('Ctrl Pts',(21.307639144361,-44.0191003680229,0.2));
#10667=CARTESIAN_POINT('Ctrl Pts',(21.2768289671886,-44.0371997317974,0.));
#10668=CARTESIAN_POINT('Ctrl Pts',(21.2768289671886,-44.0371997317974,0.2));
#10669=CARTESIAN_POINT('Ctrl Pts',(21.2166011698534,-44.072580405112,0.));
#10670=CARTESIAN_POINT('Ctrl Pts',(21.2166011698534,-44.072580405112,0.2));
#10671=CARTESIAN_POINT('Ctrl Pts',(21.1700681554519,-44.1246406445978,0.));
#10672=CARTESIAN_POINT('Ctrl Pts',(21.1700681554519,-44.1246406445978,0.2));
#10673=CARTESIAN_POINT('Ctrl Pts',(21.147339604795,-44.1500689089298,0.));
#10674=CARTESIAN_POINT('Ctrl Pts',(21.147339604795,-44.1500689089298,0.2));
#10675=CARTESIAN_POINT('',(21.307639144361,-44.0191003680229,0.));
#10676=CARTESIAN_POINT('Ctrl Pts',(21.307639144361,-44.0191003680229,0.));
#10677=CARTESIAN_POINT('Ctrl Pts',(21.2768289671886,-44.0371997317974,0.));
#10678=CARTESIAN_POINT('Ctrl Pts',(21.2166011698534,-44.072580405112,0.));
#10679=CARTESIAN_POINT('Ctrl Pts',(21.1700681554519,-44.1246406445978,0.));
#10680=CARTESIAN_POINT('Ctrl Pts',(21.147339604795,-44.1500689089298,0.));
#10681=CARTESIAN_POINT('',(21.307639144361,-44.0191003680229,0.2));
#10682=CARTESIAN_POINT('',(21.307639144361,-44.0191003680229,0.));
#10683=CARTESIAN_POINT('Ctrl Pts',(21.307639144361,-44.0191003680229,0.2));
#10684=CARTESIAN_POINT('Ctrl Pts',(21.2768289671886,-44.0371997317974,0.2));
#10685=CARTESIAN_POINT('Ctrl Pts',(21.2166011698534,-44.072580405112,0.2));
#10686=CARTESIAN_POINT('Ctrl Pts',(21.1700681554519,-44.1246406445978,0.2));
#10687=CARTESIAN_POINT('Ctrl Pts',(21.147339604795,-44.1500689089298,0.2));
#10688=CARTESIAN_POINT('Ctrl Pts',(21.5279665216804,-43.9672586321831,0.));
#10689=CARTESIAN_POINT('Ctrl Pts',(21.5279665216804,-43.9672586321831,0.2));
#10690=CARTESIAN_POINT('Ctrl Pts',(21.48856652044,-43.9691699356628,0.));
#10691=CARTESIAN_POINT('Ctrl Pts',(21.48856652044,-43.9691699356628,0.2));
#10692=CARTESIAN_POINT('Ctrl Pts',(21.4118841275648,-43.9728898168739,0.));
#10693=CARTESIAN_POINT('Ctrl Pts',(21.4118841275648,-43.9728898168739,0.2));
#10694=CARTESIAN_POINT('Ctrl Pts',(21.3417418042878,-44.0039830677708,0.));
#10695=CARTESIAN_POINT('Ctrl Pts',(21.3417418042878,-44.0039830677708,0.2));
#10696=CARTESIAN_POINT('Ctrl Pts',(21.307639144361,-44.0191003680229,0.));
#10697=CARTESIAN_POINT('Ctrl Pts',(21.307639144361,-44.0191003680229,0.2));
#10698=CARTESIAN_POINT('',(21.5279665216804,-43.9672586321831,0.));
#10699=CARTESIAN_POINT('Ctrl Pts',(21.5279665216804,-43.9672586321831,0.));
#10700=CARTESIAN_POINT('Ctrl Pts',(21.48856652044,-43.9691699356628,0.));
#10701=CARTESIAN_POINT('Ctrl Pts',(21.4118841275648,-43.9728898168739,0.));
#10702=CARTESIAN_POINT('Ctrl Pts',(21.3417418042878,-44.0039830677708,0.));
#10703=CARTESIAN_POINT('Ctrl Pts',(21.307639144361,-44.0191003680229,0.));
#10704=CARTESIAN_POINT('',(21.5279665216804,-43.9672586321831,0.2));
#10705=CARTESIAN_POINT('',(21.5279665216804,-43.9672586321831,0.));
#10706=CARTESIAN_POINT('Ctrl Pts',(21.5279665216804,-43.9672586321831,0.2));
#10707=CARTESIAN_POINT('Ctrl Pts',(21.48856652044,-43.9691699356628,0.2));
#10708=CARTESIAN_POINT('Ctrl Pts',(21.4118841275648,-43.9728898168739,0.2));
#10709=CARTESIAN_POINT('Ctrl Pts',(21.3417418042878,-44.0039830677708,0.2));
#10710=CARTESIAN_POINT('Ctrl Pts',(21.307639144361,-44.0191003680229,0.2));
#10711=CARTESIAN_POINT('Ctrl Pts',(21.8478849157691,-44.0620742738247,0.));
#10712=CARTESIAN_POINT('Ctrl Pts',(21.8478849157691,-44.0620742738247,0.2));
#10713=CARTESIAN_POINT('Ctrl Pts',(21.7970321370514,-44.0344221481769,0.));
#10714=CARTESIAN_POINT('Ctrl Pts',(21.7970321370514,-44.0344221481769,0.2));
#10715=CARTESIAN_POINT('Ctrl Pts',(21.6970732084568,-43.9800676581606,0.));
#10716=CARTESIAN_POINT('Ctrl Pts',(21.6970732084568,-43.9800676581606,0.2));
#10717=CARTESIAN_POINT('Ctrl Pts',(21.5836749303243,-43.9714782787688,0.));
#10718=CARTESIAN_POINT('Ctrl Pts',(21.5836749303243,-43.9714782787688,0.2));
#10719=CARTESIAN_POINT('Ctrl Pts',(21.5279665216804,-43.9672586321831,0.));
#10720=CARTESIAN_POINT('Ctrl Pts',(21.5279665216804,-43.9672586321831,0.2));
#10721=CARTESIAN_POINT('',(21.8478849157691,-44.0620742738247,0.));
#10722=CARTESIAN_POINT('Ctrl Pts',(21.8478849157691,-44.0620742738247,0.));
#10723=CARTESIAN_POINT('Ctrl Pts',(21.7970321370514,-44.0344221481769,0.));
#10724=CARTESIAN_POINT('Ctrl Pts',(21.6970732084568,-43.9800676581606,0.));
#10725=CARTESIAN_POINT('Ctrl Pts',(21.5836749303243,-43.9714782787688,0.));
#10726=CARTESIAN_POINT('Ctrl Pts',(21.5279665216804,-43.9672586321831,0.));
#10727=CARTESIAN_POINT('',(21.8478849157691,-44.0620742738247,0.2));
#10728=CARTESIAN_POINT('',(21.8478849157691,-44.0620742738247,0.));
#10729=CARTESIAN_POINT('Ctrl Pts',(21.8478849157691,-44.0620742738247,0.2));
#10730=CARTESIAN_POINT('Ctrl Pts',(21.7970321370514,-44.0344221481769,0.2));
#10731=CARTESIAN_POINT('Ctrl Pts',(21.6970732084568,-43.9800676581606,0.2));
#10732=CARTESIAN_POINT('Ctrl Pts',(21.5836749303243,-43.9714782787688,0.2));
#10733=CARTESIAN_POINT('Ctrl Pts',(21.5279665216804,-43.9672586321831,0.2));
#10734=CARTESIAN_POINT('Ctrl Pts',(22.0798089727759,-44.3349255621433,0.));
#10735=CARTESIAN_POINT('Ctrl Pts',(22.0798089727759,-44.3349255621433,0.2));
#10736=CARTESIAN_POINT('Ctrl Pts',(22.0507903797847,-44.2794255428943,0.));
#10737=CARTESIAN_POINT('Ctrl Pts',(22.0507903797847,-44.2794255428943,0.2));
#10738=CARTESIAN_POINT('Ctrl Pts',(21.9940371614164,-44.1708811791877,0.));
#10739=CARTESIAN_POINT('Ctrl Pts',(21.9940371614164,-44.1708811791877,0.2));
#10740=CARTESIAN_POINT('Ctrl Pts',(21.8958619690511,-44.097792060253,0.));
#10741=CARTESIAN_POINT('Ctrl Pts',(21.8958619690511,-44.097792060253,0.2));
#10742=CARTESIAN_POINT('Ctrl Pts',(21.8478849157691,-44.0620742738247,0.));
#10743=CARTESIAN_POINT('Ctrl Pts',(21.8478849157691,-44.0620742738247,0.2));
#10744=CARTESIAN_POINT('',(22.0798089727759,-44.3349255621433,0.));
#10745=CARTESIAN_POINT('Ctrl Pts',(22.0798089727759,-44.3349255621433,0.));
#10746=CARTESIAN_POINT('Ctrl Pts',(22.0507903797847,-44.2794255428943,0.));
#10747=CARTESIAN_POINT('Ctrl Pts',(21.9940371614164,-44.1708811791877,0.));
#10748=CARTESIAN_POINT('Ctrl Pts',(21.8958619690511,-44.097792060253,0.));
#10749=CARTESIAN_POINT('Ctrl Pts',(21.8478849157691,-44.0620742738247,0.));
#10750=CARTESIAN_POINT('',(22.0798089727759,-44.3349255621433,0.2));
#10751=CARTESIAN_POINT('',(22.0798089727759,-44.3349255621433,0.));
#10752=CARTESIAN_POINT('Ctrl Pts',(22.0798089727759,-44.3349255621433,0.2));
#10753=CARTESIAN_POINT('Ctrl Pts',(22.0507903797847,-44.2794255428943,0.2));
#10754=CARTESIAN_POINT('Ctrl Pts',(21.9940371614164,-44.1708811791877,0.2));
#10755=CARTESIAN_POINT('Ctrl Pts',(21.8958619690511,-44.097792060253,0.2));
#10756=CARTESIAN_POINT('Ctrl Pts',(21.8478849157691,-44.0620742738247,0.2));
#10757=CARTESIAN_POINT('Ctrl Pts',(22.1596172079444,-44.7353348135948,0.));
#10758=CARTESIAN_POINT('Ctrl Pts',(22.1596172079444,-44.7353348135948,0.2));
#10759=CARTESIAN_POINT('Ctrl Pts',(22.1567644894052,-44.6641339020142,0.));
#10760=CARTESIAN_POINT('Ctrl Pts',(22.1567644894052,-44.6641339020142,0.2));
#10761=CARTESIAN_POINT('Ctrl Pts',(22.1512453904608,-44.5263828864293,0.));
#10762=CARTESIAN_POINT('Ctrl Pts',(22.1512453904608,-44.5263828864293,0.2));
#10763=CARTESIAN_POINT('Ctrl Pts',(22.1030790411739,-44.3972918617957,0.));
#10764=CARTESIAN_POINT('Ctrl Pts',(22.1030790411739,-44.3972918617957,0.2));
#10765=CARTESIAN_POINT('Ctrl Pts',(22.0798089727759,-44.3349255621433,0.));
#10766=CARTESIAN_POINT('Ctrl Pts',(22.0798089727759,-44.3349255621433,0.2));
#10767=CARTESIAN_POINT('',(22.1596172079444,-44.7353348135948,0.));
#10768=CARTESIAN_POINT('Ctrl Pts',(22.1596172079444,-44.7353348135948,0.));
#10769=CARTESIAN_POINT('Ctrl Pts',(22.1567644894052,-44.6641339020142,0.));
#10770=CARTESIAN_POINT('Ctrl Pts',(22.1512453904608,-44.5263828864293,0.));
#10771=CARTESIAN_POINT('Ctrl Pts',(22.1030790411739,-44.3972918617957,0.));
#10772=CARTESIAN_POINT('Ctrl Pts',(22.0798089727759,-44.3349255621433,0.));
#10773=CARTESIAN_POINT('',(22.1596172079444,-44.7353348135948,0.2));
#10774=CARTESIAN_POINT('',(22.1596172079444,-44.7353348135948,0.));
#10775=CARTESIAN_POINT('Ctrl Pts',(22.1596172079444,-44.7353348135948,0.2));
#10776=CARTESIAN_POINT('Ctrl Pts',(22.1567644894052,-44.6641339020142,0.2));
#10777=CARTESIAN_POINT('Ctrl Pts',(22.1512453904608,-44.5263828864293,0.2));
#10778=CARTESIAN_POINT('Ctrl Pts',(22.1030790411739,-44.3972918617957,0.2));
#10779=CARTESIAN_POINT('Ctrl Pts',(22.0798089727759,-44.3349255621433,0.2));
#10780=CARTESIAN_POINT('Ctrl Pts',(22.0873120054603,-45.1166445016861,0.));
#10781=CARTESIAN_POINT('Ctrl Pts',(22.0873120054603,-45.1166445016861,0.2));
#10782=CARTESIAN_POINT('Ctrl Pts',(22.1083977265542,-45.0564565559679,0.));
#10783=CARTESIAN_POINT('Ctrl Pts',(22.1083977265542,-45.0564565559679,0.2));
#10784=CARTESIAN_POINT('Ctrl Pts',(22.1516375050978,-44.9330311614909,0.));
#10785=CARTESIAN_POINT('Ctrl Pts',(22.1516375050978,-44.9330311614909,0.2));
#10786=CARTESIAN_POINT('Ctrl Pts',(22.1569138523053,-44.8023101818746,0.));
#10787=CARTESIAN_POINT('Ctrl Pts',(22.1569138523053,-44.8023101818746,0.2));
#10788=CARTESIAN_POINT('Ctrl Pts',(22.1596172079444,-44.7353348135948,0.));
#10789=CARTESIAN_POINT('Ctrl Pts',(22.1596172079444,-44.7353348135948,0.2));
#10790=CARTESIAN_POINT('',(22.0873120054603,-45.1166445016861,0.));
#10791=CARTESIAN_POINT('Ctrl Pts',(22.0873120054603,-45.1166445016861,0.));
#10792=CARTESIAN_POINT('Ctrl Pts',(22.1083977265542,-45.0564565559679,0.));
#10793=CARTESIAN_POINT('Ctrl Pts',(22.1516375050978,-44.9330311614909,0.));
#10794=CARTESIAN_POINT('Ctrl Pts',(22.1569138523053,-44.8023101818746,0.));
#10795=CARTESIAN_POINT('Ctrl Pts',(22.1596172079444,-44.7353348135948,0.));
#10796=CARTESIAN_POINT('',(22.0873120054603,-45.1166445016861,0.2));
#10797=CARTESIAN_POINT('',(22.0873120054603,-45.1166445016861,0.));
#10798=CARTESIAN_POINT('Ctrl Pts',(22.0873120054603,-45.1166445016861,0.2));
#10799=CARTESIAN_POINT('Ctrl Pts',(22.1083977265542,-45.0564565559679,0.2));
#10800=CARTESIAN_POINT('Ctrl Pts',(22.1516375050978,-44.9330311614909,0.2));
#10801=CARTESIAN_POINT('Ctrl Pts',(22.1569138523053,-44.8023101818746,0.2));
#10802=CARTESIAN_POINT('Ctrl Pts',(22.1596172079444,-44.7353348135948,0.2));
#10803=CARTESIAN_POINT('Ctrl Pts',(21.8731239065528,-45.3860852122307,0.));
#10804=CARTESIAN_POINT('Ctrl Pts',(21.8731239065528,-45.3860852122307,0.2));
#10805=CARTESIAN_POINT('Ctrl Pts',(21.9178096151665,-45.3502713329236,0.));
#10806=CARTESIAN_POINT('Ctrl Pts',(21.9178096151665,-45.3502713329236,0.2));
#10807=CARTESIAN_POINT('Ctrl Pts',(22.0095413130696,-45.276751899994,0.));
#10808=CARTESIAN_POINT('Ctrl Pts',(22.0095413130696,-45.276751899994,0.2));
#10809=CARTESIAN_POINT('Ctrl Pts',(22.0609475427339,-45.1709213173495,0.));
#10810=CARTESIAN_POINT('Ctrl Pts',(22.0609475427339,-45.1709213173495,0.2));
#10811=CARTESIAN_POINT('Ctrl Pts',(22.0873120054603,-45.1166445016861,0.));
#10812=CARTESIAN_POINT('Ctrl Pts',(22.0873120054603,-45.1166445016861,0.2));
#10813=CARTESIAN_POINT('',(21.8731239065528,-45.3860852122307,0.));
#10814=CARTESIAN_POINT('Ctrl Pts',(21.8731239065528,-45.3860852122307,0.));
#10815=CARTESIAN_POINT('Ctrl Pts',(21.9178096151665,-45.3502713329236,0.));
#10816=CARTESIAN_POINT('Ctrl Pts',(22.0095413130696,-45.276751899994,0.));
#10817=CARTESIAN_POINT('Ctrl Pts',(22.0609475427339,-45.1709213173495,0.));
#10818=CARTESIAN_POINT('Ctrl Pts',(22.0873120054603,-45.1166445016861,0.));
#10819=CARTESIAN_POINT('',(21.8731239065528,-45.3860852122307,0.2));
#10820=CARTESIAN_POINT('',(21.8731239065528,-45.3860852122307,0.));
#10821=CARTESIAN_POINT('Ctrl Pts',(21.8731239065528,-45.3860852122307,0.2));
#10822=CARTESIAN_POINT('Ctrl Pts',(21.9178096151665,-45.3502713329236,0.2));
#10823=CARTESIAN_POINT('Ctrl Pts',(22.0095413130696,-45.276751899994,0.2));
#10824=CARTESIAN_POINT('Ctrl Pts',(22.0609475427339,-45.1709213173495,0.2));
#10825=CARTESIAN_POINT('Ctrl Pts',(22.0873120054603,-45.1166445016861,0.2));
#10826=CARTESIAN_POINT('Ctrl Pts',(21.5457024797797,-45.4815831780434,0.));
#10827=CARTESIAN_POINT('Ctrl Pts',(21.5457024797797,-45.4815831780434,0.2));
#10828=CARTESIAN_POINT('Ctrl Pts',(21.6051912231737,-45.4779615886396,0.));
#10829=CARTESIAN_POINT('Ctrl Pts',(21.6051912231737,-45.4779615886396,0.2));
#10830=CARTESIAN_POINT('Ctrl Pts',(21.7216375973348,-45.4708725003397,0.));
#10831=CARTESIAN_POINT('Ctrl Pts',(21.7216375973348,-45.4708725003397,0.2));
#10832=CARTESIAN_POINT('Ctrl Pts',(21.8233655329196,-45.4139351056161,0.));
#10833=CARTESIAN_POINT('Ctrl Pts',(21.8233655329196,-45.4139351056161,0.2));
#10834=CARTESIAN_POINT('Ctrl Pts',(21.8731239065528,-45.3860852122307,0.));
#10835=CARTESIAN_POINT('Ctrl Pts',(21.8731239065528,-45.3860852122307,0.2));
#10836=CARTESIAN_POINT('',(21.5457024797797,-45.4815831780434,0.));
#10837=CARTESIAN_POINT('Ctrl Pts',(21.5457024797797,-45.4815831780434,0.));
#10838=CARTESIAN_POINT('Ctrl Pts',(21.6051912231737,-45.4779615886396,0.));
#10839=CARTESIAN_POINT('Ctrl Pts',(21.7216375973348,-45.4708725003397,0.));
#10840=CARTESIAN_POINT('Ctrl Pts',(21.8233655329196,-45.4139351056161,0.));
#10841=CARTESIAN_POINT('Ctrl Pts',(21.8731239065528,-45.3860852122307,0.));
#10842=CARTESIAN_POINT('',(21.5457024797797,-45.4815831780434,0.2));
#10843=CARTESIAN_POINT('',(21.5457024797797,-45.4815831780434,0.));
#10844=CARTESIAN_POINT('Ctrl Pts',(21.5457024797797,-45.4815831780434,0.2));
#10845=CARTESIAN_POINT('Ctrl Pts',(21.6051912231737,-45.4779615886396,0.2));
#10846=CARTESIAN_POINT('Ctrl Pts',(21.7216375973348,-45.4708725003397,0.2));
#10847=CARTESIAN_POINT('Ctrl Pts',(21.8233655329196,-45.4139351056161,0.2));
#10848=CARTESIAN_POINT('Ctrl Pts',(21.8731239065528,-45.3860852122307,0.2));
#10849=CARTESIAN_POINT('Ctrl Pts',(21.304228566587,-45.4263307154179,0.));
#10850=CARTESIAN_POINT('Ctrl Pts',(21.304228566587,-45.4263307154179,0.2));
#10851=CARTESIAN_POINT('Ctrl Pts',(21.3404089612503,-45.4424316924347,0.));
#10852=CARTESIAN_POINT('Ctrl Pts',(21.3404089612503,-45.4424316924347,0.2));
#10853=CARTESIAN_POINT('Ctrl Pts',(21.4171754760979,-45.4765942797344,0.));
#10854=CARTESIAN_POINT('Ctrl Pts',(21.4171754760979,-45.4765942797344,0.2));
#10855=CARTESIAN_POINT('Ctrl Pts',(21.5012517316824,-45.479857779834,0.));
#10856=CARTESIAN_POINT('Ctrl Pts',(21.5012517316824,-45.479857779834,0.2));
#10857=CARTESIAN_POINT('Ctrl Pts',(21.5457024797797,-45.4815831780434,0.));
#10858=CARTESIAN_POINT('Ctrl Pts',(21.5457024797797,-45.4815831780434,0.2));
#10859=CARTESIAN_POINT('',(21.304228566587,-45.4263307154179,0.));
#10860=CARTESIAN_POINT('Ctrl Pts',(21.304228566587,-45.4263307154179,0.));
#10861=CARTESIAN_POINT('Ctrl Pts',(21.3404089612503,-45.4424316924347,0.));
#10862=CARTESIAN_POINT('Ctrl Pts',(21.4171754760979,-45.4765942797344,0.));
#10863=CARTESIAN_POINT('Ctrl Pts',(21.5012517316824,-45.479857779834,0.));
#10864=CARTESIAN_POINT('Ctrl Pts',(21.5457024797797,-45.4815831780434,0.));
#10865=CARTESIAN_POINT('',(21.304228566587,-45.4263307154179,0.2));
#10866=CARTESIAN_POINT('',(21.304228566587,-45.4263307154179,0.));
#10867=CARTESIAN_POINT('Ctrl Pts',(21.304228566587,-45.4263307154179,0.2));
#10868=CARTESIAN_POINT('Ctrl Pts',(21.3404089612503,-45.4424316924347,0.2));
#10869=CARTESIAN_POINT('Ctrl Pts',(21.4171754760979,-45.4765942797344,0.2));
#10870=CARTESIAN_POINT('Ctrl Pts',(21.5012517316824,-45.479857779834,0.2));
#10871=CARTESIAN_POINT('Ctrl Pts',(21.5457024797797,-45.4815831780434,0.2));
#10872=CARTESIAN_POINT('Ctrl Pts',(21.1255111917853,-45.2605736255646,0.));
#10873=CARTESIAN_POINT('Ctrl Pts',(21.1255111917853,-45.2605736255646,0.2));
#10874=CARTESIAN_POINT('Ctrl Pts',(21.1519115393212,-45.2946348817822,0.));
#10875=CARTESIAN_POINT('Ctrl Pts',(21.1519115393212,-45.2946348817822,0.2));
#10876=CARTESIAN_POINT('Ctrl Pts',(21.2024035152027,-45.3597787260099,0.));
#10877=CARTESIAN_POINT('Ctrl Pts',(21.2024035152027,-45.3597787260099,0.2));
#10878=CARTESIAN_POINT('Ctrl Pts',(21.271337540206,-45.4048334197174,0.));
#10879=CARTESIAN_POINT('Ctrl Pts',(21.271337540206,-45.4048334197174,0.2));
#10880=CARTESIAN_POINT('Ctrl Pts',(21.304228566587,-45.4263307154179,0.));
#10881=CARTESIAN_POINT('Ctrl Pts',(21.304228566587,-45.4263307154179,0.2));
#10882=CARTESIAN_POINT('',(21.1255111917853,-45.2605736255646,0.));
#10883=CARTESIAN_POINT('Ctrl Pts',(21.1255111917853,-45.2605736255646,0.));
#10884=CARTESIAN_POINT('Ctrl Pts',(21.1519115393212,-45.2946348817822,0.));
#10885=CARTESIAN_POINT('Ctrl Pts',(21.2024035152027,-45.3597787260099,0.));
#10886=CARTESIAN_POINT('Ctrl Pts',(21.271337540206,-45.4048334197174,0.));
#10887=CARTESIAN_POINT('Ctrl Pts',(21.304228566587,-45.4263307154179,0.));
#10888=CARTESIAN_POINT('',(21.1255111917853,-45.2605736255646,0.2));
#10889=CARTESIAN_POINT('',(21.1255111917853,-45.2605736255646,0.));
#10890=CARTESIAN_POINT('Ctrl Pts',(21.1255111917853,-45.2605736255646,0.2));
#10891=CARTESIAN_POINT('Ctrl Pts',(21.1519115393212,-45.2946348817822,0.2));
#10892=CARTESIAN_POINT('Ctrl Pts',(21.2024035152027,-45.3597787260099,0.2));
#10893=CARTESIAN_POINT('Ctrl Pts',(21.271337540206,-45.4048334197174,0.2));
#10894=CARTESIAN_POINT('Ctrl Pts',(21.304228566587,-45.4263307154179,0.2));
#10895=CARTESIAN_POINT('Origin',(21.1255111917853,-45.4488410055637,0.));
#10896=CARTESIAN_POINT('',(21.1255111917853,-45.4488410055637,0.));
#10897=CARTESIAN_POINT('',(21.1255111917853,-26.9864205027819,0.));
#10898=CARTESIAN_POINT('',(21.1255111917853,-45.4488410055637,0.2));
#10899=CARTESIAN_POINT('',(21.1255111917853,-45.4488410055637,0.));
#10900=CARTESIAN_POINT('',(21.1255111917853,-45.4488410055637,0.2));
#10901=CARTESIAN_POINT('Origin',(20.901773236692,-45.4488410055637,0.));
#10902=CARTESIAN_POINT('',(20.901773236692,-45.4488410055637,0.));
#10903=CARTESIAN_POINT('',(20.218386618346,-45.4488410055637,0.));
#10904=CARTESIAN_POINT('',(20.901773236692,-45.4488410055637,0.2));
#10905=CARTESIAN_POINT('',(20.901773236692,-45.4488410055637,0.));
#10906=CARTESIAN_POINT('',(20.901773236692,-45.4488410055637,0.2));
#10907=CARTESIAN_POINT('Origin',(20.901773236692,-43.4447482228279,0.));
#10908=CARTESIAN_POINT('',(20.901773236692,-43.4447482228279,0.));
#10909=CARTESIAN_POINT('',(20.901773236692,-25.984374111414,0.));
#10910=CARTESIAN_POINT('',(20.901773236692,-43.4447482228279,0.2));
#10911=CARTESIAN_POINT('',(20.901773236692,-43.4447482228279,0.));
#10912=CARTESIAN_POINT('',(20.901773236692,-43.4447482228279,0.2));
#10913=CARTESIAN_POINT('Origin',(21.147339604795,-43.4447482228279,0.));
#10914=CARTESIAN_POINT('',(20.3411698023975,-43.4447482228279,0.));
#10915=CARTESIAN_POINT('',(21.147339604795,-43.4447482228279,0.2));
#10916=CARTESIAN_POINT('Origin',(14.5886769704521,-44.7060034424067,0.2));
#10917=CARTESIAN_POINT('Ctrl Pts',(23.3410635218024,-44.3915422260761,0.));
#10918=CARTESIAN_POINT('Ctrl Pts',(23.3410635218024,-44.3915422260761,0.2));
#10919=CARTESIAN_POINT('Ctrl Pts',(23.35254394263,-44.4255951869204,0.));
#10920=CARTESIAN_POINT('Ctrl Pts',(23.35254394263,-44.4255951869204,0.2));
#10921=CARTESIAN_POINT('Ctrl Pts',(23.3793302136023,-44.5050480092762,0.));
#10922=CARTESIAN_POINT('Ctrl Pts',(23.3793302136023,-44.5050480092762,0.2));
#10923=CARTESIAN_POINT('Ctrl Pts',(23.3801552624942,-44.5890876472567,0.));
#10924=CARTESIAN_POINT('Ctrl Pts',(23.3801552624942,-44.5890876472567,0.2));
#10925=CARTESIAN_POINT('Ctrl Pts',(23.3806267008185,-44.6371084451675,0.));
#10926=CARTESIAN_POINT('Ctrl Pts',(23.3806267008185,-44.6371084451675,0.2));
#10927=CARTESIAN_POINT('',(23.3410635218024,-44.3915422260761,0.));
#10928=CARTESIAN_POINT('',(23.3806267008185,-44.6371084451675,0.));
#10929=CARTESIAN_POINT('Ctrl Pts',(23.3410635218024,-44.3915422260761,0.));
#10930=CARTESIAN_POINT('Ctrl Pts',(23.35254394263,-44.4255951869204,0.));
#10931=CARTESIAN_POINT('Ctrl Pts',(23.3793302136023,-44.5050480092762,0.));
#10932=CARTESIAN_POINT('Ctrl Pts',(23.3801552624942,-44.5890876472567,0.));
#10933=CARTESIAN_POINT('Ctrl Pts',(23.3806267008185,-44.6371084451675,0.));
#10934=CARTESIAN_POINT('',(23.3410635218024,-44.3915422260761,0.2));
#10935=CARTESIAN_POINT('',(23.3410635218024,-44.3915422260761,0.));
#10936=CARTESIAN_POINT('',(23.3806267008185,-44.6371084451675,0.2));
#10937=CARTESIAN_POINT('Ctrl Pts',(23.3410635218024,-44.3915422260761,0.2));
#10938=CARTESIAN_POINT('Ctrl Pts',(23.35254394263,-44.4255951869204,0.2));
#10939=CARTESIAN_POINT('Ctrl Pts',(23.3793302136023,-44.5050480092762,0.2));
#10940=CARTESIAN_POINT('Ctrl Pts',(23.3801552624942,-44.5890876472567,0.2));
#10941=CARTESIAN_POINT('Ctrl Pts',(23.3806267008185,-44.6371084451675,0.2));
#10942=CARTESIAN_POINT('',(23.3806267008185,-44.6371084451675,0.));
#10943=CARTESIAN_POINT('Ctrl Pts',(23.1787171587348,-44.2216923832893,0.));
#10944=CARTESIAN_POINT('Ctrl Pts',(23.1787171587348,-44.2216923832893,0.2));
#10945=CARTESIAN_POINT('Ctrl Pts',(23.2129675318879,-44.2440004837928,0.));
#10946=CARTESIAN_POINT('Ctrl Pts',(23.2129675318879,-44.2440004837928,0.2));
#10947=CARTESIAN_POINT('Ctrl Pts',(23.2804186017701,-44.287933005032,0.));
#10948=CARTESIAN_POINT('Ctrl Pts',(23.2804186017701,-44.287933005032,0.2));
#10949=CARTESIAN_POINT('Ctrl Pts',(23.3210593662278,-44.357365992096,0.));
#10950=CARTESIAN_POINT('Ctrl Pts',(23.3210593662278,-44.357365992096,0.2));
#10951=CARTESIAN_POINT('Ctrl Pts',(23.3410635218024,-44.3915422260761,0.));
#10952=CARTESIAN_POINT('Ctrl Pts',(23.3410635218024,-44.3915422260761,0.2));
#10953=CARTESIAN_POINT('',(23.1787171587348,-44.2216923832893,0.));
#10954=CARTESIAN_POINT('Ctrl Pts',(23.1787171587348,-44.2216923832893,0.));
#10955=CARTESIAN_POINT('Ctrl Pts',(23.2129675318879,-44.2440004837928,0.));
#10956=CARTESIAN_POINT('Ctrl Pts',(23.2804186017701,-44.287933005032,0.));
#10957=CARTESIAN_POINT('Ctrl Pts',(23.3210593662278,-44.357365992096,0.));
#10958=CARTESIAN_POINT('Ctrl Pts',(23.3410635218024,-44.3915422260761,0.));
#10959=CARTESIAN_POINT('',(23.1787171587348,-44.2216923832893,0.2));
#10960=CARTESIAN_POINT('',(23.1787171587348,-44.2216923832893,0.));
#10961=CARTESIAN_POINT('Ctrl Pts',(23.1787171587348,-44.2216923832893,0.2));
#10962=CARTESIAN_POINT('Ctrl Pts',(23.2129675318879,-44.2440004837928,0.2));
#10963=CARTESIAN_POINT('Ctrl Pts',(23.2804186017701,-44.287933005032,0.2));
#10964=CARTESIAN_POINT('Ctrl Pts',(23.3210593662278,-44.357365992096,0.2));
#10965=CARTESIAN_POINT('Ctrl Pts',(23.3410635218024,-44.3915422260761,0.2));
#10966=CARTESIAN_POINT('Ctrl Pts',(22.9263296350837,-44.1596186161041,0.));
#10967=CARTESIAN_POINT('Ctrl Pts',(22.9263296350837,-44.1596186161041,0.2));
#10968=CARTESIAN_POINT('Ctrl Pts',(22.9717360658114,-44.161884835635,0.));
#10969=CARTESIAN_POINT('Ctrl Pts',(22.9717360658114,-44.161884835635,0.2));
#10970=CARTESIAN_POINT('Ctrl Pts',(23.0599382708205,-44.1662869777205,0.));
#10971=CARTESIAN_POINT('Ctrl Pts',(23.0599382708205,-44.1662869777205,0.2));
#10972=CARTESIAN_POINT('Ctrl Pts',(23.1399132435591,-44.2035919725537,0.));
#10973=CARTESIAN_POINT('Ctrl Pts',(23.1399132435591,-44.2035919725537,0.2));
#10974=CARTESIAN_POINT('Ctrl Pts',(23.1787171587348,-44.2216923832893,0.));
#10975=CARTESIAN_POINT('Ctrl Pts',(23.1787171587348,-44.2216923832893,0.2));
#10976=CARTESIAN_POINT('',(22.9263296350837,-44.1596186161041,0.));
#10977=CARTESIAN_POINT('Ctrl Pts',(22.9263296350837,-44.1596186161041,0.));
#10978=CARTESIAN_POINT('Ctrl Pts',(22.9717360658114,-44.161884835635,0.));
#10979=CARTESIAN_POINT('Ctrl Pts',(23.0599382708205,-44.1662869777205,0.));
#10980=CARTESIAN_POINT('Ctrl Pts',(23.1399132435591,-44.2035919725537,0.));
#10981=CARTESIAN_POINT('Ctrl Pts',(23.1787171587348,-44.2216923832893,0.));
#10982=CARTESIAN_POINT('',(22.9263296350837,-44.1596186161041,0.2));
#10983=CARTESIAN_POINT('',(22.9263296350837,-44.1596186161041,0.));
#10984=CARTESIAN_POINT('Ctrl Pts',(22.9263296350837,-44.1596186161041,0.2));
#10985=CARTESIAN_POINT('Ctrl Pts',(22.9717360658114,-44.161884835635,0.2));
#10986=CARTESIAN_POINT('Ctrl Pts',(23.0599382708205,-44.1662869777205,0.2));
#10987=CARTESIAN_POINT('Ctrl Pts',(23.1399132435591,-44.2035919725537,0.2));
#10988=CARTESIAN_POINT('Ctrl Pts',(23.1787171587348,-44.2216923832893,0.2));
#10989=CARTESIAN_POINT('Ctrl Pts',(22.7087309584022,-44.2251029610634,0.));
#10990=CARTESIAN_POINT('Ctrl Pts',(22.7087309584022,-44.2251029610634,0.2));
#10991=CARTESIAN_POINT('Ctrl Pts',(22.7383958928209,-44.2060532151653,0.));
#10992=CARTESIAN_POINT('Ctrl Pts',(22.7383958928209,-44.2060532151653,0.2));
#10993=CARTESIAN_POINT('Ctrl Pts',(22.8043396308311,-44.163706536257,0.));
#10994=CARTESIAN_POINT('Ctrl Pts',(22.8043396308311,-44.163706536257,0.2));
#10995=CARTESIAN_POINT('Ctrl Pts',(22.8830353544382,-44.1610694199092,0.));
#10996=CARTESIAN_POINT('Ctrl Pts',(22.8830353544382,-44.1610694199092,0.2));
#10997=CARTESIAN_POINT('Ctrl Pts',(22.9263296350837,-44.1596186161041,0.));
#10998=CARTESIAN_POINT('Ctrl Pts',(22.9263296350837,-44.1596186161041,0.2));
#10999=CARTESIAN_POINT('',(22.7087309584022,-44.2251029610634,0.));
#11000=CARTESIAN_POINT('Ctrl Pts',(22.7087309584022,-44.2251029610634,0.));
#11001=CARTESIAN_POINT('Ctrl Pts',(22.7383958928209,-44.2060532151653,0.));
#11002=CARTESIAN_POINT('Ctrl Pts',(22.8043396308311,-44.163706536257,0.));
#11003=CARTESIAN_POINT('Ctrl Pts',(22.8830353544382,-44.1610694199092,0.));
#11004=CARTESIAN_POINT('Ctrl Pts',(22.9263296350837,-44.1596186161041,0.));
#11005=CARTESIAN_POINT('',(22.7087309584022,-44.2251029610634,0.2));
#11006=CARTESIAN_POINT('',(22.7087309584022,-44.2251029610634,0.));
#11007=CARTESIAN_POINT('Ctrl Pts',(22.7087309584022,-44.2251029610634,0.2));
#11008=CARTESIAN_POINT('Ctrl Pts',(22.7383958928209,-44.2060532151653,0.2));
#11009=CARTESIAN_POINT('Ctrl Pts',(22.8043396308311,-44.163706536257,0.2));
#11010=CARTESIAN_POINT('Ctrl Pts',(22.8830353544382,-44.1610694199092,0.2));
#11011=CARTESIAN_POINT('Ctrl Pts',(22.9263296350837,-44.1596186161041,0.2));
#11012=CARTESIAN_POINT('Ctrl Pts',(22.6343789324164,-44.3888136744499,0.));
#11013=CARTESIAN_POINT('Ctrl Pts',(22.6343789324164,-44.3888136744499,0.2));
#11014=CARTESIAN_POINT('Ctrl Pts',(22.6375075878344,-44.3574089851827,0.));
#11015=CARTESIAN_POINT('Ctrl Pts',(22.6375075878344,-44.3574089851827,0.2));
#11016=CARTESIAN_POINT('Ctrl Pts',(22.6437803978359,-44.2944440297574,0.));
#11017=CARTESIAN_POINT('Ctrl Pts',(22.6437803978359,-44.2944440297574,0.2));
#11018=CARTESIAN_POINT('Ctrl Pts',(22.6870451380015,-44.2482546929187,0.));
#11019=CARTESIAN_POINT('Ctrl Pts',(22.6870451380015,-44.2482546929187,0.2));
#11020=CARTESIAN_POINT('Ctrl Pts',(22.7087309584022,-44.2251029610634,0.));
#11021=CARTESIAN_POINT('Ctrl Pts',(22.7087309584022,-44.2251029610634,0.2));
#11022=CARTESIAN_POINT('',(22.6343789324164,-44.3888136744499,0.));
#11023=CARTESIAN_POINT('Ctrl Pts',(22.6343789324164,-44.3888136744499,0.));
#11024=CARTESIAN_POINT('Ctrl Pts',(22.6375075878344,-44.3574089851827,0.));
#11025=CARTESIAN_POINT('Ctrl Pts',(22.6437803978359,-44.2944440297574,0.));
#11026=CARTESIAN_POINT('Ctrl Pts',(22.6870451380015,-44.2482546929187,0.));
#11027=CARTESIAN_POINT('Ctrl Pts',(22.7087309584022,-44.2251029610634,0.));
#11028=CARTESIAN_POINT('',(22.6343789324164,-44.3888136744499,0.2));
#11029=CARTESIAN_POINT('',(22.6343789324164,-44.3888136744499,0.));
#11030=CARTESIAN_POINT('Ctrl Pts',(22.6343789324164,-44.3888136744499,0.2));
#11031=CARTESIAN_POINT('Ctrl Pts',(22.6375075878344,-44.3574089851827,0.2));
#11032=CARTESIAN_POINT('Ctrl Pts',(22.6437803978359,-44.2944440297574,0.2));
#11033=CARTESIAN_POINT('Ctrl Pts',(22.6870451380015,-44.2482546929187,0.2));
#11034=CARTESIAN_POINT('Ctrl Pts',(22.7087309584022,-44.2251029610634,0.2));
#11035=CARTESIAN_POINT('Ctrl Pts',(22.6684847101569,-44.5054575800896,0.));
#11036=CARTESIAN_POINT('Ctrl Pts',(22.6684847101569,-44.5054575800896,0.2));
#11037=CARTESIAN_POINT('Ctrl Pts',(22.6585370060562,-44.4874002600449,0.));
#11038=CARTESIAN_POINT('Ctrl Pts',(22.6585370060562,-44.4874002600449,0.2));
#11039=CARTESIAN_POINT('Ctrl Pts',(22.6385159784658,-44.4510575925145,0.));
#11040=CARTESIAN_POINT('Ctrl Pts',(22.6385159784658,-44.4510575925145,0.2));
#11041=CARTESIAN_POINT('Ctrl Pts',(22.6357637040314,-44.4096482530146,0.));
#11042=CARTESIAN_POINT('Ctrl Pts',(22.6357637040314,-44.4096482530146,0.2));
#11043=CARTESIAN_POINT('Ctrl Pts',(22.6343789324164,-44.3888136744499,0.));
#11044=CARTESIAN_POINT('Ctrl Pts',(22.6343789324164,-44.3888136744499,0.2));
#11045=CARTESIAN_POINT('',(22.6684847101569,-44.5054575800896,0.));
#11046=CARTESIAN_POINT('Ctrl Pts',(22.6684847101569,-44.5054575800896,0.));
#11047=CARTESIAN_POINT('Ctrl Pts',(22.6585370060562,-44.4874002600449,0.));
#11048=CARTESIAN_POINT('Ctrl Pts',(22.6385159784658,-44.4510575925145,0.));
#11049=CARTESIAN_POINT('Ctrl Pts',(22.6357637040314,-44.4096482530146,0.));
#11050=CARTESIAN_POINT('Ctrl Pts',(22.6343789324164,-44.3888136744499,0.));
#11051=CARTESIAN_POINT('',(22.6684847101569,-44.5054575800896,0.2));
#11052=CARTESIAN_POINT('',(22.6684847101569,-44.5054575800896,0.));
#11053=CARTESIAN_POINT('Ctrl Pts',(22.6684847101569,-44.5054575800896,0.2));
#11054=CARTESIAN_POINT('Ctrl Pts',(22.6585370060562,-44.4874002600449,0.2));
#11055=CARTESIAN_POINT('Ctrl Pts',(22.6385159784658,-44.4510575925145,0.2));
#11056=CARTESIAN_POINT('Ctrl Pts',(22.6357637040314,-44.4096482530146,0.2));
#11057=CARTESIAN_POINT('Ctrl Pts',(22.6343789324164,-44.3888136744499,0.2));
#11058=CARTESIAN_POINT('Ctrl Pts',(22.7653470262885,-44.5852667093277,0.));
#11059=CARTESIAN_POINT('Ctrl Pts',(22.7653470262885,-44.5852667093277,0.2));
#11060=CARTESIAN_POINT('Ctrl Pts',(22.7457643460544,-44.575335495157,0.));
#11061=CARTESIAN_POINT('Ctrl Pts',(22.7457643460544,-44.575335495157,0.2));
#11062=CARTESIAN_POINT('Ctrl Pts',(22.7075024782408,-44.5559312665589,0.));
#11063=CARTESIAN_POINT('Ctrl Pts',(22.7075024782408,-44.5559312665589,0.2));
#11064=CARTESIAN_POINT('Ctrl Pts',(22.6812842658367,-44.52201518428,0.));
#11065=CARTESIAN_POINT('Ctrl Pts',(22.6812842658367,-44.52201518428,0.2));
#11066=CARTESIAN_POINT('Ctrl Pts',(22.6684847101569,-44.5054575800896,0.));
#11067=CARTESIAN_POINT('Ctrl Pts',(22.6684847101569,-44.5054575800896,0.2));
#11068=CARTESIAN_POINT('',(22.7653470262885,-44.5852667093277,0.));
#11069=CARTESIAN_POINT('Ctrl Pts',(22.7653470262885,-44.5852667093277,0.));
#11070=CARTESIAN_POINT('Ctrl Pts',(22.7457643460544,-44.575335495157,0.));
#11071=CARTESIAN_POINT('Ctrl Pts',(22.7075024782408,-44.5559312665589,0.));
#11072=CARTESIAN_POINT('Ctrl Pts',(22.6812842658367,-44.52201518428,0.));
#11073=CARTESIAN_POINT('Ctrl Pts',(22.6684847101569,-44.5054575800896,0.));
#11074=CARTESIAN_POINT('',(22.7653470262885,-44.5852667093277,0.2));
#11075=CARTESIAN_POINT('',(22.7653470262885,-44.5852667093277,0.));
#11076=CARTESIAN_POINT('Ctrl Pts',(22.7653470262885,-44.5852667093277,0.2));
#11077=CARTESIAN_POINT('Ctrl Pts',(22.7457643460544,-44.575335495157,0.2));
#11078=CARTESIAN_POINT('Ctrl Pts',(22.7075024782408,-44.5559312665589,0.2));
#11079=CARTESIAN_POINT('Ctrl Pts',(22.6812842658367,-44.52201518428,0.2));
#11080=CARTESIAN_POINT('Ctrl Pts',(22.6684847101569,-44.5054575800896,0.2));
#11081=CARTESIAN_POINT('Ctrl Pts',(22.979535125196,-44.6343798935413,0.));
#11082=CARTESIAN_POINT('Ctrl Pts',(22.979535125196,-44.6343798935413,0.2));
#11083=CARTESIAN_POINT('Ctrl Pts',(22.9360837422492,-44.6281551507255,0.));
#11084=CARTESIAN_POINT('Ctrl Pts',(22.9360837422492,-44.6281551507255,0.2));
#11085=CARTESIAN_POINT('Ctrl Pts',(22.8632542465122,-44.6177217686412,0.));
#11086=CARTESIAN_POINT('Ctrl Pts',(22.8632542465122,-44.6177217686412,0.2));
#11087=CARTESIAN_POINT('Ctrl Pts',(22.7934890540705,-44.5945954511588,0.));
#11088=CARTESIAN_POINT('Ctrl Pts',(22.7934890540705,-44.5945954511588,0.2));
#11089=CARTESIAN_POINT('Ctrl Pts',(22.7653470262885,-44.5852667093277,0.));
#11090=CARTESIAN_POINT('Ctrl Pts',(22.7653470262885,-44.5852667093277,0.2));
#11091=CARTESIAN_POINT('',(22.979535125196,-44.6343798935413,0.));
#11092=CARTESIAN_POINT('Ctrl Pts',(22.979535125196,-44.6343798935413,0.));
#11093=CARTESIAN_POINT('Ctrl Pts',(22.9360837422492,-44.6281551507255,0.));
#11094=CARTESIAN_POINT('Ctrl Pts',(22.8632542465122,-44.6177217686412,0.));
#11095=CARTESIAN_POINT('Ctrl Pts',(22.7934890540705,-44.5945954511588,0.));
#11096=CARTESIAN_POINT('Ctrl Pts',(22.7653470262885,-44.5852667093277,0.));
#11097=CARTESIAN_POINT('',(22.979535125196,-44.6343798935413,0.2));
#11098=CARTESIAN_POINT('',(22.979535125196,-44.6343798935413,0.));
#11099=CARTESIAN_POINT('Ctrl Pts',(22.979535125196,-44.6343798935413,0.2));
#11100=CARTESIAN_POINT('Ctrl Pts',(22.9360837422492,-44.6281551507255,0.2));
#11101=CARTESIAN_POINT('Ctrl Pts',(22.8632542465122,-44.6177217686412,0.2));
#11102=CARTESIAN_POINT('Ctrl Pts',(22.7934890540705,-44.5945954511588,0.2));
#11103=CARTESIAN_POINT('Ctrl Pts',(22.7653470262885,-44.5852667093277,0.2));
#11104=CARTESIAN_POINT('Ctrl Pts',(23.3806267008185,-44.7271493077278,0.));
#11105=CARTESIAN_POINT('Ctrl Pts',(23.3806267008185,-44.7271493077278,0.2));
#11106=CARTESIAN_POINT('Ctrl Pts',(23.3252495326664,-44.7089528546919,0.));
#11107=CARTESIAN_POINT('Ctrl Pts',(23.3252495326664,-44.7089528546919,0.2));
#11108=CARTESIAN_POINT('Ctrl Pts',(23.1944524845159,-44.6659740888337,0.));
#11109=CARTESIAN_POINT('Ctrl Pts',(23.1944524845159,-44.6659740888337,0.2));
#11110=CARTESIAN_POINT('Ctrl Pts',(23.058137020758,-44.6459348635381,0.));
#11111=CARTESIAN_POINT('Ctrl Pts',(23.058137020758,-44.6459348635381,0.2));
#11112=CARTESIAN_POINT('Ctrl Pts',(22.979535125196,-44.6343798935413,0.));
#11113=CARTESIAN_POINT('Ctrl Pts',(22.979535125196,-44.6343798935413,0.2));
#11114=CARTESIAN_POINT('',(23.3806267008185,-44.7271493077278,0.));
#11115=CARTESIAN_POINT('Ctrl Pts',(23.3806267008185,-44.7271493077278,0.));
#11116=CARTESIAN_POINT('Ctrl Pts',(23.3252495326664,-44.7089528546919,0.));
#11117=CARTESIAN_POINT('Ctrl Pts',(23.1944524845159,-44.6659740888337,0.));
#11118=CARTESIAN_POINT('Ctrl Pts',(23.058137020758,-44.6459348635381,0.));
#11119=CARTESIAN_POINT('Ctrl Pts',(22.979535125196,-44.6343798935413,0.));
#11120=CARTESIAN_POINT('',(23.3806267008185,-44.7271493077278,0.2));
#11121=CARTESIAN_POINT('',(23.3806267008185,-44.7271493077278,0.));
#11122=CARTESIAN_POINT('Ctrl Pts',(23.3806267008185,-44.7271493077278,0.2));
#11123=CARTESIAN_POINT('Ctrl Pts',(23.3252495326664,-44.7089528546919,0.2));
#11124=CARTESIAN_POINT('Ctrl Pts',(23.1944524845159,-44.6659740888337,0.2));
#11125=CARTESIAN_POINT('Ctrl Pts',(23.058137020758,-44.6459348635381,0.2));
#11126=CARTESIAN_POINT('Ctrl Pts',(22.979535125196,-44.6343798935413,0.2));
#11127=CARTESIAN_POINT('Origin',(23.3806267008185,-44.6371084451675,0.));
#11128=CARTESIAN_POINT('',(23.3806267008185,-26.5805542225838,0.));
#11129=CARTESIAN_POINT('',(23.3806267008185,-44.6371084451675,0.2));
#11130=CARTESIAN_POINT('Origin',(23.7066843733191,-44.0000006556511,0.));
#11131=CARTESIAN_POINT('',(23.7066843733191,-44.0000006556511,0.));
#11132=CARTESIAN_POINT('',(23.4502043947577,-44.0000006556511,0.));
#11133=CARTESIAN_POINT('',(21.6208421866596,-44.0000006556511,0.));
#11134=CARTESIAN_POINT('',(23.7066843733191,-44.0000006556511,0.2));
#11135=CARTESIAN_POINT('',(23.7066843733191,-44.0000006556511,0.));
#11136=CARTESIAN_POINT('',(23.4502043947577,-44.0000006556511,0.2));
#11137=CARTESIAN_POINT('',(23.7066843733191,-44.0000006556511,0.2));
#11138=CARTESIAN_POINT('',(23.4502043947577,-44.0000006556511,0.));
#11139=CARTESIAN_POINT('Ctrl Pts',(23.6446109041572,-44.173943400383,0.));
#11140=CARTESIAN_POINT('Ctrl Pts',(23.6446109041572,-44.173943400383,0.2));
#11141=CARTESIAN_POINT('Ctrl Pts',(23.6511859889643,-44.1438959758604,0.));
#11142=CARTESIAN_POINT('Ctrl Pts',(23.6511859889643,-44.1438959758604,0.2));
#11143=CARTESIAN_POINT('Ctrl Pts',(23.6644520427093,-44.0832715489045,0.));
#11144=CARTESIAN_POINT('Ctrl Pts',(23.6644520427093,-44.0832715489045,0.2));
#11145=CARTESIAN_POINT('Ctrl Pts',(23.6925251865118,-44.0279187959992,0.));
#11146=CARTESIAN_POINT('Ctrl Pts',(23.6925251865118,-44.0279187959992,0.2));
#11147=CARTESIAN_POINT('Ctrl Pts',(23.7066843733191,-44.0000006556511,0.));
#11148=CARTESIAN_POINT('Ctrl Pts',(23.7066843733191,-44.0000006556511,0.2));
#11149=CARTESIAN_POINT('',(23.6446109041572,-44.173943400383,0.));
#11150=CARTESIAN_POINT('Ctrl Pts',(23.6446109041572,-44.173943400383,0.));
#11151=CARTESIAN_POINT('Ctrl Pts',(23.6511859889643,-44.1438959758604,0.));
#11152=CARTESIAN_POINT('Ctrl Pts',(23.6644520427093,-44.0832715489045,0.));
#11153=CARTESIAN_POINT('Ctrl Pts',(23.6925251865118,-44.0279187959992,0.));
#11154=CARTESIAN_POINT('Ctrl Pts',(23.7066843733191,-44.0000006556511,0.));
#11155=CARTESIAN_POINT('',(23.6446109041572,-44.173943400383,0.2));
#11156=CARTESIAN_POINT('',(23.6446109041572,-44.173943400383,0.));
#11157=CARTESIAN_POINT('Ctrl Pts',(23.6446109041572,-44.173943400383,0.2));
#11158=CARTESIAN_POINT('Ctrl Pts',(23.6511859889643,-44.1438959758604,0.2));
#11159=CARTESIAN_POINT('Ctrl Pts',(23.6644520427093,-44.0832715489045,0.2));
#11160=CARTESIAN_POINT('Ctrl Pts',(23.6925251865118,-44.0279187959992,0.2));
#11161=CARTESIAN_POINT('Ctrl Pts',(23.7066843733191,-44.0000006556511,0.2));
#11162=CARTESIAN_POINT('Ctrl Pts',(23.6289217695594,-44.6070948243141,0.));
#11163=CARTESIAN_POINT('Ctrl Pts',(23.6289217695594,-44.6070948243141,0.2));
#11164=CARTESIAN_POINT('Ctrl Pts',(23.6283579492565,-44.5138427889598,0.));
#11165=CARTESIAN_POINT('Ctrl Pts',(23.6283579492565,-44.5138427889598,0.2));
#11166=CARTESIAN_POINT('Ctrl Pts',(23.6274833055665,-44.369182683801,0.));
#11167=CARTESIAN_POINT('Ctrl Pts',(23.6274833055665,-44.369182683801,0.2));
#11168=CARTESIAN_POINT('Ctrl Pts',(23.6401201356574,-44.2251341390758,0.));
#11169=CARTESIAN_POINT('Ctrl Pts',(23.6401201356574,-44.2251341390758,0.2));
#11170=CARTESIAN_POINT('Ctrl Pts',(23.6446109041572,-44.173943400383,0.));
#11171=CARTESIAN_POINT('Ctrl Pts',(23.6446109041572,-44.173943400383,0.2));
#11172=CARTESIAN_POINT('',(23.6289217695594,-44.6070948243141,0.));
#11173=CARTESIAN_POINT('Ctrl Pts',(23.6289217695594,-44.6070948243141,0.));
#11174=CARTESIAN_POINT('Ctrl Pts',(23.6283579492565,-44.5138427889598,0.));
#11175=CARTESIAN_POINT('Ctrl Pts',(23.6274833055665,-44.369182683801,0.));
#11176=CARTESIAN_POINT('Ctrl Pts',(23.6401201356574,-44.2251341390758,0.));
#11177=CARTESIAN_POINT('Ctrl Pts',(23.6446109041572,-44.173943400383,0.));
#11178=CARTESIAN_POINT('',(23.6289217695594,-44.6070948243141,0.2));
#11179=CARTESIAN_POINT('',(23.6289217695594,-44.6070948243141,0.));
#11180=CARTESIAN_POINT('Ctrl Pts',(23.6289217695594,-44.6070948243141,0.2));
#11181=CARTESIAN_POINT('Ctrl Pts',(23.6283579492565,-44.5138427889598,0.2));
#11182=CARTESIAN_POINT('Ctrl Pts',(23.6274833055665,-44.369182683801,0.2));
#11183=CARTESIAN_POINT('Ctrl Pts',(23.6401201356574,-44.2251341390758,0.2));
#11184=CARTESIAN_POINT('Ctrl Pts',(23.6446109041572,-44.173943400383,0.2));
#11185=CARTESIAN_POINT('Origin',(23.6289217695594,-44.9345162510872,0.));
#11186=CARTESIAN_POINT('',(23.6289217695594,-44.9345162510872,0.));
#11187=CARTESIAN_POINT('',(23.6289217695594,-26.7292581255436,0.));
#11188=CARTESIAN_POINT('',(23.6289217695594,-44.9345162510872,0.2));
#11189=CARTESIAN_POINT('',(23.6289217695594,-44.9345162510872,0.));
#11190=CARTESIAN_POINT('',(23.6289217695594,-44.9345162510872,0.2));
#11191=CARTESIAN_POINT('Ctrl Pts',(23.6166432127357,-45.1609829068184,0.));
#11192=CARTESIAN_POINT('Ctrl Pts',(23.6166432127357,-45.1609829068184,0.2));
#11193=CARTESIAN_POINT('Ctrl Pts',(23.6201837248461,-45.1316811695965,0.));
#11194=CARTESIAN_POINT('Ctrl Pts',(23.6201837248461,-45.1316811695965,0.2));
#11195=CARTESIAN_POINT('Ctrl Pts',(23.6292668335885,-45.0565081841013,0.));
#11196=CARTESIAN_POINT('Ctrl Pts',(23.6292668335885,-45.0565081841013,0.2));
#11197=CARTESIAN_POINT('Ctrl Pts',(23.6290525359516,-44.9807466420146,0.));
#11198=CARTESIAN_POINT('Ctrl Pts',(23.6290525359516,-44.9807466420146,0.2));
#11199=CARTESIAN_POINT('Ctrl Pts',(23.6289217695594,-44.9345162510872,0.));
#11200=CARTESIAN_POINT('Ctrl Pts',(23.6289217695594,-44.9345162510872,0.2));
#11201=CARTESIAN_POINT('',(23.6166432127357,-45.1609829068184,0.));
#11202=CARTESIAN_POINT('Ctrl Pts',(23.6166432127357,-45.1609829068184,0.));
#11203=CARTESIAN_POINT('Ctrl Pts',(23.6201837248461,-45.1316811695965,0.));
#11204=CARTESIAN_POINT('Ctrl Pts',(23.6292668335885,-45.0565081841013,0.));
#11205=CARTESIAN_POINT('Ctrl Pts',(23.6290525359516,-44.9807466420146,0.));
#11206=CARTESIAN_POINT('Ctrl Pts',(23.6289217695594,-44.9345162510872,0.));
#11207=CARTESIAN_POINT('',(23.6166432127357,-45.1609829068184,0.2));
#11208=CARTESIAN_POINT('',(23.6166432127357,-45.1609829068184,0.));
#11209=CARTESIAN_POINT('Ctrl Pts',(23.6166432127357,-45.1609829068184,0.2));
#11210=CARTESIAN_POINT('Ctrl Pts',(23.6201837248461,-45.1316811695965,0.2));
#11211=CARTESIAN_POINT('Ctrl Pts',(23.6292668335885,-45.0565081841013,0.2));
#11212=CARTESIAN_POINT('Ctrl Pts',(23.6290525359516,-44.9807466420146,0.2));
#11213=CARTESIAN_POINT('Ctrl Pts',(23.6289217695594,-44.9345162510872,0.2));
#11214=CARTESIAN_POINT('Ctrl Pts',(23.5402455553412,-45.3281043469906,0.));
#11215=CARTESIAN_POINT('Ctrl Pts',(23.5402455553412,-45.3281043469906,0.2));
#11216=CARTESIAN_POINT('Ctrl Pts',(23.5572248331714,-45.3038544136729,0.));
#11217=CARTESIAN_POINT('Ctrl Pts',(23.5572248331714,-45.3038544136729,0.2));
#11218=CARTESIAN_POINT('Ctrl Pts',(23.5929086373997,-45.2528905339535,0.));
#11219=CARTESIAN_POINT('Ctrl Pts',(23.5929086373997,-45.2528905339535,0.2));
#11220=CARTESIAN_POINT('Ctrl Pts',(23.6084807266691,-45.1925905810775,0.));
#11221=CARTESIAN_POINT('Ctrl Pts',(23.6084807266691,-45.1925905810775,0.2));
#11222=CARTESIAN_POINT('Ctrl Pts',(23.6166432127357,-45.1609829068184,0.));
#11223=CARTESIAN_POINT('Ctrl Pts',(23.6166432127357,-45.1609829068184,0.2));
#11224=CARTESIAN_POINT('',(23.5402455553412,-45.3281043469906,0.));
#11225=CARTESIAN_POINT('Ctrl Pts',(23.5402455553412,-45.3281043469906,0.));
#11226=CARTESIAN_POINT('Ctrl Pts',(23.5572248331714,-45.3038544136729,0.));
#11227=CARTESIAN_POINT('Ctrl Pts',(23.5929086373997,-45.2528905339535,0.));
#11228=CARTESIAN_POINT('Ctrl Pts',(23.6084807266691,-45.1925905810775,0.));
#11229=CARTESIAN_POINT('Ctrl Pts',(23.6166432127357,-45.1609829068184,0.));
#11230=CARTESIAN_POINT('',(23.5402455553412,-45.3281043469906,0.2));
#11231=CARTESIAN_POINT('',(23.5402455553412,-45.3281043469906,0.));
#11232=CARTESIAN_POINT('Ctrl Pts',(23.5402455553412,-45.3281043469906,0.2));
#11233=CARTESIAN_POINT('Ctrl Pts',(23.5572248331714,-45.3038544136729,0.2));
#11234=CARTESIAN_POINT('Ctrl Pts',(23.5929086373997,-45.2528905339535,0.2));
#11235=CARTESIAN_POINT('Ctrl Pts',(23.6084807266691,-45.1925905810775,0.2));
#11236=CARTESIAN_POINT('Ctrl Pts',(23.6166432127357,-45.1609829068184,0.2));
#11237=CARTESIAN_POINT('Ctrl Pts',(23.3697130903602,-45.4379269480705,0.));
#11238=CARTESIAN_POINT('Ctrl Pts',(23.3697130903602,-45.4379269480705,0.2));
#11239=CARTESIAN_POINT('Ctrl Pts',(23.4047040779402,-45.423694964484,0.));
#11240=CARTESIAN_POINT('Ctrl Pts',(23.4047040779402,-45.423694964484,0.2));
#11241=CARTESIAN_POINT('Ctrl Pts',(23.4685800800271,-45.3977144970508,0.));
#11242=CARTESIAN_POINT('Ctrl Pts',(23.4685800800271,-45.3977144970508,0.2));
#11243=CARTESIAN_POINT('Ctrl Pts',(23.5179295181728,-45.3497803728488,0.));
#11244=CARTESIAN_POINT('Ctrl Pts',(23.5179295181728,-45.3497803728488,0.2));
#11245=CARTESIAN_POINT('Ctrl Pts',(23.5402455553412,-45.3281043469906,0.));
#11246=CARTESIAN_POINT('Ctrl Pts',(23.5402455553412,-45.3281043469906,0.2));
#11247=CARTESIAN_POINT('',(23.3697130903602,-45.4379269480705,0.));
#11248=CARTESIAN_POINT('Ctrl Pts',(23.3697130903602,-45.4379269480705,0.));
#11249=CARTESIAN_POINT('Ctrl Pts',(23.4047040779402,-45.423694964484,0.));
#11250=CARTESIAN_POINT('Ctrl Pts',(23.4685800800271,-45.3977144970508,0.));
#11251=CARTESIAN_POINT('Ctrl Pts',(23.5179295181728,-45.3497803728488,0.));
#11252=CARTESIAN_POINT('Ctrl Pts',(23.5402455553412,-45.3281043469906,0.));
#11253=CARTESIAN_POINT('',(23.3697130903602,-45.4379269480705,0.2));
#11254=CARTESIAN_POINT('',(23.3697130903602,-45.4379269480705,0.));
#11255=CARTESIAN_POINT('Ctrl Pts',(23.3697130903602,-45.4379269480705,0.2));
#11256=CARTESIAN_POINT('Ctrl Pts',(23.4047040779402,-45.423694964484,0.2));
#11257=CARTESIAN_POINT('Ctrl Pts',(23.4685800800271,-45.3977144970508,0.2));
#11258=CARTESIAN_POINT('Ctrl Pts',(23.5179295181728,-45.3497803728488,0.2));
#11259=CARTESIAN_POINT('Ctrl Pts',(23.5402455553412,-45.3281043469906,0.2));
#11260=CARTESIAN_POINT('Ctrl Pts',(23.068212531507,-45.4815831780434,0.));
#11261=CARTESIAN_POINT('Ctrl Pts',(23.068212531507,-45.4815831780434,0.2));
#11262=CARTESIAN_POINT('Ctrl Pts',(23.1246741651043,-45.4806323353332,0.));
#11263=CARTESIAN_POINT('Ctrl Pts',(23.1246741651043,-45.4806323353332,0.2));
#11264=CARTESIAN_POINT('Ctrl Pts',(23.2271494716709,-45.4789065988992,0.));
#11265=CARTESIAN_POINT('Ctrl Pts',(23.2271494716709,-45.4789065988992,0.2));
#11266=CARTESIAN_POINT('Ctrl Pts',(23.3255355645385,-45.4506256968768,0.));
#11267=CARTESIAN_POINT('Ctrl Pts',(23.3255355645385,-45.4506256968768,0.2));
#11268=CARTESIAN_POINT('Ctrl Pts',(23.3697130903602,-45.4379269480705,0.));
#11269=CARTESIAN_POINT('Ctrl Pts',(23.3697130903602,-45.4379269480705,0.2));
#11270=CARTESIAN_POINT('',(23.068212531507,-45.4815831780434,0.));
#11271=CARTESIAN_POINT('Ctrl Pts',(23.068212531507,-45.4815831780434,0.));
#11272=CARTESIAN_POINT('Ctrl Pts',(23.1246741651043,-45.4806323353332,0.));
#11273=CARTESIAN_POINT('Ctrl Pts',(23.2271494716709,-45.4789065988992,0.));
#11274=CARTESIAN_POINT('Ctrl Pts',(23.3255355645385,-45.4506256968768,0.));
#11275=CARTESIAN_POINT('Ctrl Pts',(23.3697130903602,-45.4379269480705,0.));
#11276=CARTESIAN_POINT('',(23.068212531507,-45.4815831780434,0.2));
#11277=CARTESIAN_POINT('',(23.068212531507,-45.4815831780434,0.));
#11278=CARTESIAN_POINT('Ctrl Pts',(23.068212531507,-45.4815831780434,0.2));
#11279=CARTESIAN_POINT('Ctrl Pts',(23.1246741651043,-45.4806323353332,0.2));
#11280=CARTESIAN_POINT('Ctrl Pts',(23.2271494716709,-45.4789065988992,0.2));
#11281=CARTESIAN_POINT('Ctrl Pts',(23.3255355645385,-45.4506256968768,0.2));
#11282=CARTESIAN_POINT('Ctrl Pts',(23.3697130903602,-45.4379269480705,0.2));
#11283=CARTESIAN_POINT('Ctrl Pts',(22.7394261583686,-45.4304234683514,0.));
#11284=CARTESIAN_POINT('Ctrl Pts',(22.7394261583686,-45.4304234683514,0.2));
#11285=CARTESIAN_POINT('Ctrl Pts',(22.7901322811349,-45.4453329745435,0.));
#11286=CARTESIAN_POINT('Ctrl Pts',(22.7901322811349,-45.4453329745435,0.2));
#11287=CARTESIAN_POINT('Ctrl Pts',(22.8974030648861,-45.476874617393,0.));
#11288=CARTESIAN_POINT('Ctrl Pts',(22.8974030648861,-45.476874617393,0.2));
#11289=CARTESIAN_POINT('Ctrl Pts',(23.0092400693027,-45.4799575338652,0.));
#11290=CARTESIAN_POINT('Ctrl Pts',(23.0092400693027,-45.4799575338652,0.2));
#11291=CARTESIAN_POINT('Ctrl Pts',(23.068212531507,-45.4815831780434,0.));
#11292=CARTESIAN_POINT('Ctrl Pts',(23.068212531507,-45.4815831780434,0.2));
#11293=CARTESIAN_POINT('',(22.7394261583686,-45.4304234683514,0.));
#11294=CARTESIAN_POINT('Ctrl Pts',(22.7394261583686,-45.4304234683514,0.));
#11295=CARTESIAN_POINT('Ctrl Pts',(22.7901322811349,-45.4453329745435,0.));
#11296=CARTESIAN_POINT('Ctrl Pts',(22.8974030648861,-45.476874617393,0.));
#11297=CARTESIAN_POINT('Ctrl Pts',(23.0092400693027,-45.4799575338652,0.));
#11298=CARTESIAN_POINT('Ctrl Pts',(23.068212531507,-45.4815831780434,0.));
#11299=CARTESIAN_POINT('',(22.7394261583686,-45.4304234683514,0.2));
#11300=CARTESIAN_POINT('',(22.7394261583686,-45.4304234683514,0.));
#11301=CARTESIAN_POINT('Ctrl Pts',(22.7394261583686,-45.4304234683514,0.2));
#11302=CARTESIAN_POINT('Ctrl Pts',(22.7901322811349,-45.4453329745435,0.2));
#11303=CARTESIAN_POINT('Ctrl Pts',(22.8974030648861,-45.476874617393,0.2));
#11304=CARTESIAN_POINT('Ctrl Pts',(23.0092400693027,-45.4799575338652,0.2));
#11305=CARTESIAN_POINT('Ctrl Pts',(23.068212531507,-45.4815831780434,0.2));
#11306=CARTESIAN_POINT('Ctrl Pts',(22.5225093588233,-45.2844481170177,0.));
#11307=CARTESIAN_POINT('Ctrl Pts',(22.5225093588233,-45.2844481170177,0.2));
#11308=CARTESIAN_POINT('Ctrl Pts',(22.5515508168383,-45.3146649277399,0.));
#11309=CARTESIAN_POINT('Ctrl Pts',(22.5515508168383,-45.3146649277399,0.2));
#11310=CARTESIAN_POINT('Ctrl Pts',(22.6132286646652,-45.3788389734291,0.));
#11311=CARTESIAN_POINT('Ctrl Pts',(22.6132286646652,-45.3788389734291,0.2));
#11312=CARTESIAN_POINT('Ctrl Pts',(22.6957569234694,-45.4125732293346,0.));
#11313=CARTESIAN_POINT('Ctrl Pts',(22.6957569234694,-45.4125732293346,0.2));
#11314=CARTESIAN_POINT('Ctrl Pts',(22.7394261583686,-45.4304234683514,0.));
#11315=CARTESIAN_POINT('Ctrl Pts',(22.7394261583686,-45.4304234683514,0.2));
#11316=CARTESIAN_POINT('',(22.5225093588233,-45.2844481170177,0.));
#11317=CARTESIAN_POINT('Ctrl Pts',(22.5225093588233,-45.2844481170177,0.));
#11318=CARTESIAN_POINT('Ctrl Pts',(22.5515508168383,-45.3146649277399,0.));
#11319=CARTESIAN_POINT('Ctrl Pts',(22.6132286646652,-45.3788389734291,0.));
#11320=CARTESIAN_POINT('Ctrl Pts',(22.6957569234694,-45.4125732293346,0.));
#11321=CARTESIAN_POINT('Ctrl Pts',(22.7394261583686,-45.4304234683514,0.));
#11322=CARTESIAN_POINT('',(22.5225093588233,-45.2844481170177,0.2));
#11323=CARTESIAN_POINT('',(22.5225093588233,-45.2844481170177,0.));
#11324=CARTESIAN_POINT('Ctrl Pts',(22.5225093588233,-45.2844481170177,0.2));
#11325=CARTESIAN_POINT('Ctrl Pts',(22.5515508168383,-45.3146649277399,0.2));
#11326=CARTESIAN_POINT('Ctrl Pts',(22.6132286646652,-45.3788389734291,0.2));
#11327=CARTESIAN_POINT('Ctrl Pts',(22.6957569234694,-45.4125732293346,0.2));
#11328=CARTESIAN_POINT('Ctrl Pts',(22.7394261583686,-45.4304234683514,0.2));
#11329=CARTESIAN_POINT('Ctrl Pts',(22.4147334322333,-45.0354713201523,0.));
#11330=CARTESIAN_POINT('Ctrl Pts',(22.4147334322333,-45.0354713201523,0.2));
#11331=CARTESIAN_POINT('Ctrl Pts',(22.4264451909595,-45.0831189797056,0.));
#11332=CARTESIAN_POINT('Ctrl Pts',(22.4264451909595,-45.0831189797056,0.2));
#11333=CARTESIAN_POINT('Ctrl Pts',(22.448367052338,-45.1723050201759,0.));
#11334=CARTESIAN_POINT('Ctrl Pts',(22.448367052338,-45.1723050201759,0.2));
#11335=CARTESIAN_POINT('Ctrl Pts',(22.4989502461788,-45.2488140509083,0.));
#11336=CARTESIAN_POINT('Ctrl Pts',(22.4989502461788,-45.2488140509083,0.2));
#11337=CARTESIAN_POINT('Ctrl Pts',(22.5225093588233,-45.2844481170177,0.));
#11338=CARTESIAN_POINT('Ctrl Pts',(22.5225093588233,-45.2844481170177,0.2));
#11339=CARTESIAN_POINT('',(22.4147334322333,-45.0354713201523,0.));
#11340=CARTESIAN_POINT('Ctrl Pts',(22.4147334322333,-45.0354713201523,0.));
#11341=CARTESIAN_POINT('Ctrl Pts',(22.4264451909595,-45.0831189797056,0.));
#11342=CARTESIAN_POINT('Ctrl Pts',(22.448367052338,-45.1723050201759,0.));
#11343=CARTESIAN_POINT('Ctrl Pts',(22.4989502461788,-45.2488140509083,0.));
#11344=CARTESIAN_POINT('Ctrl Pts',(22.5225093588233,-45.2844481170177,0.));
#11345=CARTESIAN_POINT('',(22.4147334322333,-45.0354713201523,0.2));
#11346=CARTESIAN_POINT('',(22.4147334322333,-45.0354713201523,0.));
#11347=CARTESIAN_POINT('Ctrl Pts',(22.4147334322333,-45.0354713201523,0.2));
#11348=CARTESIAN_POINT('Ctrl Pts',(22.4264451909595,-45.0831189797056,0.2));
#11349=CARTESIAN_POINT('Ctrl Pts',(22.448367052338,-45.1723050201759,0.2));
#11350=CARTESIAN_POINT('Ctrl Pts',(22.4989502461788,-45.2488140509083,0.2));
#11351=CARTESIAN_POINT('Ctrl Pts',(22.5225093588233,-45.2844481170177,0.2));
#11352=CARTESIAN_POINT('Origin',(22.6548423990607,-45.0027291476727,0.));
#11353=CARTESIAN_POINT('',(22.6548423990607,-45.0027291476727,0.));
#11354=CARTESIAN_POINT('',(23.565182510858,-44.8785917056211,0.));
#11355=CARTESIAN_POINT('',(22.6548423990607,-45.0027291476727,0.2));
#11356=CARTESIAN_POINT('',(22.6548423990607,-45.0027291476727,0.));
#11357=CARTESIAN_POINT('',(22.6548423990607,-45.0027291476727,0.2));
#11358=CARTESIAN_POINT('Ctrl Pts',(22.776943705976,-45.2175995707512,0.));
#11359=CARTESIAN_POINT('Ctrl Pts',(22.776943705976,-45.2175995707512,0.2));
#11360=CARTESIAN_POINT('Ctrl Pts',(22.7506521075602,-45.1909804021618,0.));
#11361=CARTESIAN_POINT('Ctrl Pts',(22.7506521075602,-45.1909804021618,0.2));
#11362=CARTESIAN_POINT('Ctrl Pts',(22.6910338396394,-45.1306193431007,0.));
#11363=CARTESIAN_POINT('Ctrl Pts',(22.6910338396394,-45.1306193431007,0.2));
#11364=CARTESIAN_POINT('Ctrl Pts',(22.6678193315595,-45.0485859139905,0.));
#11365=CARTESIAN_POINT('Ctrl Pts',(22.6678193315595,-45.0485859139905,0.2));
#11366=CARTESIAN_POINT('Ctrl Pts',(22.6548423990607,-45.0027291476727,0.));
#11367=CARTESIAN_POINT('Ctrl Pts',(22.6548423990607,-45.0027291476727,0.2));
#11368=CARTESIAN_POINT('',(22.776943705976,-45.2175995707512,0.));
#11369=CARTESIAN_POINT('Ctrl Pts',(22.776943705976,-45.2175995707512,0.));
#11370=CARTESIAN_POINT('Ctrl Pts',(22.7506521075602,-45.1909804021618,0.));
#11371=CARTESIAN_POINT('Ctrl Pts',(22.6910338396394,-45.1306193431007,0.));
#11372=CARTESIAN_POINT('Ctrl Pts',(22.6678193315595,-45.0485859139905,0.));
#11373=CARTESIAN_POINT('Ctrl Pts',(22.6548423990607,-45.0027291476727,0.));
#11374=CARTESIAN_POINT('',(22.776943705976,-45.2175995707512,0.2));
#11375=CARTESIAN_POINT('',(22.776943705976,-45.2175995707512,0.));
#11376=CARTESIAN_POINT('Ctrl Pts',(22.776943705976,-45.2175995707512,0.2));
#11377=CARTESIAN_POINT('Ctrl Pts',(22.7506521075602,-45.1909804021618,0.2));
#11378=CARTESIAN_POINT('Ctrl Pts',(22.6910338396394,-45.1306193431007,0.2));
#11379=CARTESIAN_POINT('Ctrl Pts',(22.6678193315595,-45.0485859139905,0.2));
#11380=CARTESIAN_POINT('Ctrl Pts',(22.6548423990607,-45.0027291476727,0.2));
#11381=CARTESIAN_POINT('Ctrl Pts',(23.0327418074012,-45.2783089876175,0.));
#11382=CARTESIAN_POINT('Ctrl Pts',(23.0327418074012,-45.2783089876175,0.2));
#11383=CARTESIAN_POINT('Ctrl Pts',(22.981440740428,-45.277510290487,0.));
#11384=CARTESIAN_POINT('Ctrl Pts',(22.981440740428,-45.277510290487,0.2));
#11385=CARTESIAN_POINT('Ctrl Pts',(22.8912769607972,-45.2761065467384,0.));
#11386=CARTESIAN_POINT('Ctrl Pts',(22.8912769607972,-45.2761065467384,0.2));
#11387=CARTESIAN_POINT('Ctrl Pts',(22.8113808231178,-45.2352218416192,0.));
#11388=CARTESIAN_POINT('Ctrl Pts',(22.8113808231178,-45.2352218416192,0.2));
#11389=CARTESIAN_POINT('Ctrl Pts',(22.776943705976,-45.2175995707512,0.));
#11390=CARTESIAN_POINT('Ctrl Pts',(22.776943705976,-45.2175995707512,0.2));
#11391=CARTESIAN_POINT('',(23.0327418074012,-45.2783089876175,0.));
#11392=CARTESIAN_POINT('Ctrl Pts',(23.0327418074012,-45.2783089876175,0.));
#11393=CARTESIAN_POINT('Ctrl Pts',(22.981440740428,-45.277510290487,0.));
#11394=CARTESIAN_POINT('Ctrl Pts',(22.8912769607972,-45.2761065467384,0.));
#11395=CARTESIAN_POINT('Ctrl Pts',(22.8113808231178,-45.2352218416192,0.));
#11396=CARTESIAN_POINT('Ctrl Pts',(22.776943705976,-45.2175995707512,0.));
#11397=CARTESIAN_POINT('',(23.0327418074012,-45.2783089876175,0.2));
#11398=CARTESIAN_POINT('',(23.0327418074012,-45.2783089876175,0.));
#11399=CARTESIAN_POINT('Ctrl Pts',(23.0327418074012,-45.2783089876175,0.2));
#11400=CARTESIAN_POINT('Ctrl Pts',(22.981440740428,-45.277510290487,0.2));
#11401=CARTESIAN_POINT('Ctrl Pts',(22.8912769607972,-45.2761065467384,0.2));
#11402=CARTESIAN_POINT('Ctrl Pts',(22.8113808231178,-45.2352218416192,0.2));
#11403=CARTESIAN_POINT('Ctrl Pts',(22.776943705976,-45.2175995707512,0.2));
#11404=CARTESIAN_POINT('Ctrl Pts',(23.3124139532447,-45.1950892806053,0.));
#11405=CARTESIAN_POINT('Ctrl Pts',(23.3124139532447,-45.1950892806053,0.2));
#11406=CARTESIAN_POINT('Ctrl Pts',(23.2745021441605,-45.2192912988548,0.));
#11407=CARTESIAN_POINT('Ctrl Pts',(23.2745021441605,-45.2192912988548,0.2));
#11408=CARTESIAN_POINT('Ctrl Pts',(23.1896951447107,-45.2734301172848,0.));
#11409=CARTESIAN_POINT('Ctrl Pts',(23.1896951447107,-45.2734301172848,0.2));
#11410=CARTESIAN_POINT('Ctrl Pts',(23.0886281722517,-45.2765717685679,0.));
#11411=CARTESIAN_POINT('Ctrl Pts',(23.0886281722517,-45.2765717685679,0.2));
#11412=CARTESIAN_POINT('Ctrl Pts',(23.0327418074012,-45.2783089876175,0.));
#11413=CARTESIAN_POINT('Ctrl Pts',(23.0327418074012,-45.2783089876175,0.2));
#11414=CARTESIAN_POINT('',(23.3124139532447,-45.1950892806053,0.));
#11415=CARTESIAN_POINT('Ctrl Pts',(23.3124139532447,-45.1950892806053,0.));
#11416=CARTESIAN_POINT('Ctrl Pts',(23.2745021441605,-45.2192912988548,0.));
#11417=CARTESIAN_POINT('Ctrl Pts',(23.1896951447107,-45.2734301172848,0.));
#11418=CARTESIAN_POINT('Ctrl Pts',(23.0886281722517,-45.2765717685679,0.));
#11419=CARTESIAN_POINT('Ctrl Pts',(23.0327418074012,-45.2783089876175,0.));
#11420=CARTESIAN_POINT('',(23.3124139532447,-45.1950892806053,0.2));
#11421=CARTESIAN_POINT('',(23.3124139532447,-45.1950892806053,0.));
#11422=CARTESIAN_POINT('Ctrl Pts',(23.3124139532447,-45.1950892806053,0.2));
#11423=CARTESIAN_POINT('Ctrl Pts',(23.2745021441605,-45.2192912988548,0.2));
#11424=CARTESIAN_POINT('Ctrl Pts',(23.1896951447107,-45.2734301172848,0.2));
#11425=CARTESIAN_POINT('Ctrl Pts',(23.0886281722517,-45.2765717685679,0.2));
#11426=CARTESIAN_POINT('Ctrl Pts',(23.0327418074012,-45.2783089876175,0.2));
#11427=CARTESIAN_POINT('Ctrl Pts',(23.3819916471839,-44.9836295843124,0.));
#11428=CARTESIAN_POINT('Ctrl Pts',(23.3819916471839,-44.9836295843124,0.2));
#11429=CARTESIAN_POINT('Ctrl Pts',(23.3810122284898,-45.0280035261431,0.));
#11430=CARTESIAN_POINT('Ctrl Pts',(23.3810122284898,-45.0280035261431,0.2));
#11431=CARTESIAN_POINT('Ctrl Pts',(23.379285275023,-45.1062455825146,0.));
#11432=CARTESIAN_POINT('Ctrl Pts',(23.379285275023,-45.1062455825146,0.2));
#11433=CARTESIAN_POINT('Ctrl Pts',(23.3326155599951,-45.168249891113,0.));
#11434=CARTESIAN_POINT('Ctrl Pts',(23.3326155599951,-45.168249891113,0.2));
#11435=CARTESIAN_POINT('Ctrl Pts',(23.3124139532447,-45.1950892806053,0.));
#11436=CARTESIAN_POINT('Ctrl Pts',(23.3124139532447,-45.1950892806053,0.2));
#11437=CARTESIAN_POINT('',(23.3819916471839,-44.9836295843124,0.));
#11438=CARTESIAN_POINT('Ctrl Pts',(23.3819916471839,-44.9836295843124,0.));
#11439=CARTESIAN_POINT('Ctrl Pts',(23.3810122284898,-45.0280035261431,0.));
#11440=CARTESIAN_POINT('Ctrl Pts',(23.379285275023,-45.1062455825146,0.));
#11441=CARTESIAN_POINT('Ctrl Pts',(23.3326155599951,-45.168249891113,0.));
#11442=CARTESIAN_POINT('Ctrl Pts',(23.3124139532447,-45.1950892806053,0.));
#11443=CARTESIAN_POINT('',(23.3819916471839,-44.9836295843124,0.2));
#11444=CARTESIAN_POINT('',(23.3819916471839,-44.9836295843124,0.));
#11445=CARTESIAN_POINT('Ctrl Pts',(23.3819916471839,-44.9836295843124,0.2));
#11446=CARTESIAN_POINT('Ctrl Pts',(23.3810122284898,-45.0280035261431,0.2));
#11447=CARTESIAN_POINT('Ctrl Pts',(23.379285275023,-45.1062455825146,0.2));
#11448=CARTESIAN_POINT('Ctrl Pts',(23.3326155599951,-45.168249891113,0.2));
#11449=CARTESIAN_POINT('Ctrl Pts',(23.3124139532447,-45.1950892806053,0.2));
#11450=CARTESIAN_POINT('Ctrl Pts',(23.3806267008185,-44.9195095896721,0.));
#11451=CARTESIAN_POINT('Ctrl Pts',(23.3806267008185,-44.9195095896721,0.2));
#11452=CARTESIAN_POINT('Ctrl Pts',(23.3810110668136,-44.9332649817437,0.));
#11453=CARTESIAN_POINT('Ctrl Pts',(23.3810110668136,-44.9332649817437,0.2));
#11454=CARTESIAN_POINT('Ctrl Pts',(23.3816082214104,-44.9546354872293,0.));
#11455=CARTESIAN_POINT('Ctrl Pts',(23.3816082214104,-44.9546354872293,0.2));
#11456=CARTESIAN_POINT('Ctrl Pts',(23.381890913411,-44.9760122435067,0.));
#11457=CARTESIAN_POINT('Ctrl Pts',(23.381890913411,-44.9760122435067,0.2));
#11458=CARTESIAN_POINT('Ctrl Pts',(23.3819916471839,-44.9836295843124,0.));
#11459=CARTESIAN_POINT('Ctrl Pts',(23.3819916471839,-44.9836295843124,0.2));
#11460=CARTESIAN_POINT('',(23.3806267008185,-44.9195095896721,0.));
#11461=CARTESIAN_POINT('Ctrl Pts',(23.3806267008185,-44.9195095896721,0.));
#11462=CARTESIAN_POINT('Ctrl Pts',(23.3810110668136,-44.9332649817437,0.));
#11463=CARTESIAN_POINT('Ctrl Pts',(23.3816082214104,-44.9546354872293,0.));
#11464=CARTESIAN_POINT('Ctrl Pts',(23.381890913411,-44.9760122435067,0.));
#11465=CARTESIAN_POINT('Ctrl Pts',(23.3819916471839,-44.9836295843124,0.));
#11466=CARTESIAN_POINT('',(23.3806267008185,-44.9195095896721,0.2));
#11467=CARTESIAN_POINT('',(23.3806267008185,-44.9195095896721,0.));
#11468=CARTESIAN_POINT('Ctrl Pts',(23.3806267008185,-44.9195095896721,0.2));
#11469=CARTESIAN_POINT('Ctrl Pts',(23.3810110668136,-44.9332649817437,0.2));
#11470=CARTESIAN_POINT('Ctrl Pts',(23.3816082214104,-44.9546354872293,0.2));
#11471=CARTESIAN_POINT('Ctrl Pts',(23.381890913411,-44.9760122435067,0.2));
#11472=CARTESIAN_POINT('Ctrl Pts',(23.3819916471839,-44.9836295843124,0.2));
#11473=CARTESIAN_POINT('Ctrl Pts',(22.9427006468177,-44.834925532341,0.));
#11474=CARTESIAN_POINT('Ctrl Pts',(22.9427006468177,-44.834925532341,0.2));
#11475=CARTESIAN_POINT('Ctrl Pts',(23.0292635653747,-44.8454048585058,0.));
#11476=CARTESIAN_POINT('Ctrl Pts',(23.0292635653747,-44.8454048585058,0.2));
#11477=CARTESIAN_POINT('Ctrl Pts',(23.17731291051,-44.8633277451416,0.));
#11478=CARTESIAN_POINT('Ctrl Pts',(23.17731291051,-44.8633277451416,0.2));
#11479=CARTESIAN_POINT('Ctrl Pts',(23.3209660598792,-44.903023522255,0.));
#11480=CARTESIAN_POINT('Ctrl Pts',(23.3209660598792,-44.903023522255,0.2));
#11481=CARTESIAN_POINT('Ctrl Pts',(23.3806267008185,-44.9195095896721,0.));
#11482=CARTESIAN_POINT('Ctrl Pts',(23.3806267008185,-44.9195095896721,0.2));
#11483=CARTESIAN_POINT('',(22.9427006468177,-44.834925532341,0.));
#11484=CARTESIAN_POINT('Ctrl Pts',(22.9427006468177,-44.834925532341,0.));
#11485=CARTESIAN_POINT('Ctrl Pts',(23.0292635653747,-44.8454048585058,0.));
#11486=CARTESIAN_POINT('Ctrl Pts',(23.17731291051,-44.8633277451416,0.));
#11487=CARTESIAN_POINT('Ctrl Pts',(23.3209660598792,-44.903023522255,0.));
#11488=CARTESIAN_POINT('Ctrl Pts',(23.3806267008185,-44.9195095896721,0.));
#11489=CARTESIAN_POINT('',(22.9427006468177,-44.834925532341,0.2));
#11490=CARTESIAN_POINT('',(22.9427006468177,-44.834925532341,0.));
#11491=CARTESIAN_POINT('Ctrl Pts',(22.9427006468177,-44.834925532341,0.2));
#11492=CARTESIAN_POINT('Ctrl Pts',(23.0292635653747,-44.8454048585058,0.2));
#11493=CARTESIAN_POINT('Ctrl Pts',(23.17731291051,-44.8633277451416,0.2));
#11494=CARTESIAN_POINT('Ctrl Pts',(23.3209660598792,-44.903023522255,0.2));
#11495=CARTESIAN_POINT('Ctrl Pts',(23.3806267008185,-44.9195095896721,0.2));
#11496=CARTESIAN_POINT('Ctrl Pts',(22.7244200929999,-44.7980907559395,0.));
#11497=CARTESIAN_POINT('Ctrl Pts',(22.7244200929999,-44.7980907559395,0.2));
#11498=CARTESIAN_POINT('Ctrl Pts',(22.7545912096822,-44.8047451433781,0.));
#11499=CARTESIAN_POINT('Ctrl Pts',(22.7545912096822,-44.8047451433781,0.2));
#11500=CARTESIAN_POINT('Ctrl Pts',(22.8267195564971,-44.8206534032569,0.));
#11501=CARTESIAN_POINT('Ctrl Pts',(22.8267195564971,-44.8206534032569,0.2));
#11502=CARTESIAN_POINT('Ctrl Pts',(22.9000463041057,-44.8296766742426,0.));
#11503=CARTESIAN_POINT('Ctrl Pts',(22.9000463041057,-44.8296766742426,0.2));
#11504=CARTESIAN_POINT('Ctrl Pts',(22.9427006468177,-44.834925532341,0.));
#11505=CARTESIAN_POINT('Ctrl Pts',(22.9427006468177,-44.834925532341,0.2));
#11506=CARTESIAN_POINT('',(22.7244200929999,-44.7980907559395,0.));
#11507=CARTESIAN_POINT('Ctrl Pts',(22.7244200929999,-44.7980907559395,0.));
#11508=CARTESIAN_POINT('Ctrl Pts',(22.7545912096822,-44.8047451433781,0.));
#11509=CARTESIAN_POINT('Ctrl Pts',(22.8267195564971,-44.8206534032569,0.));
#11510=CARTESIAN_POINT('Ctrl Pts',(22.9000463041057,-44.8296766742426,0.));
#11511=CARTESIAN_POINT('Ctrl Pts',(22.9427006468177,-44.834925532341,0.));
#11512=CARTESIAN_POINT('',(22.7244200929999,-44.7980907559395,0.2));
#11513=CARTESIAN_POINT('',(22.7244200929999,-44.7980907559395,0.));
#11514=CARTESIAN_POINT('Ctrl Pts',(22.7244200929999,-44.7980907559395,0.2));
#11515=CARTESIAN_POINT('Ctrl Pts',(22.7545912096822,-44.8047451433781,0.2));
#11516=CARTESIAN_POINT('Ctrl Pts',(22.8267195564971,-44.8206534032569,0.2));
#11517=CARTESIAN_POINT('Ctrl Pts',(22.9000463041057,-44.8296766742426,0.2));
#11518=CARTESIAN_POINT('Ctrl Pts',(22.9427006468177,-44.834925532341,0.2));
#11519=CARTESIAN_POINT('Ctrl Pts',(22.547748349607,-44.7175994515419,0.));
#11520=CARTESIAN_POINT('Ctrl Pts',(22.547748349607,-44.7175994515419,0.2));
#11521=CARTESIAN_POINT('Ctrl Pts',(22.5750142622731,-44.7343353702048,0.));
#11522=CARTESIAN_POINT('Ctrl Pts',(22.5750142622731,-44.7343353702048,0.2));
#11523=CARTESIAN_POINT('Ctrl Pts',(22.6305772966104,-44.7684401674556,0.));
#11524=CARTESIAN_POINT('Ctrl Pts',(22.6305772966104,-44.7684401674556,0.2));
#11525=CARTESIAN_POINT('Ctrl Pts',(22.6927545064592,-44.7880856909612,0.));
#11526=CARTESIAN_POINT('Ctrl Pts',(22.6927545064592,-44.7880856909612,0.2));
#11527=CARTESIAN_POINT('Ctrl Pts',(22.7244200929999,-44.7980907559395,0.));
#11528=CARTESIAN_POINT('Ctrl Pts',(22.7244200929999,-44.7980907559395,0.2));
#11529=CARTESIAN_POINT('',(22.547748349607,-44.7175994515419,0.));
#11530=CARTESIAN_POINT('Ctrl Pts',(22.547748349607,-44.7175994515419,0.));
#11531=CARTESIAN_POINT('Ctrl Pts',(22.5750142622731,-44.7343353702048,0.));
#11532=CARTESIAN_POINT('Ctrl Pts',(22.6305772966104,-44.7684401674556,0.));
#11533=CARTESIAN_POINT('Ctrl Pts',(22.6927545064592,-44.7880856909612,0.));
#11534=CARTESIAN_POINT('Ctrl Pts',(22.7244200929999,-44.7980907559395,0.));
#11535=CARTESIAN_POINT('',(22.547748349607,-44.7175994515419,0.2));
#11536=CARTESIAN_POINT('',(22.547748349607,-44.7175994515419,0.));
#11537=CARTESIAN_POINT('Ctrl Pts',(22.547748349607,-44.7175994515419,0.2));
#11538=CARTESIAN_POINT('Ctrl Pts',(22.5750142622731,-44.7343353702048,0.2));
#11539=CARTESIAN_POINT('Ctrl Pts',(22.6305772966104,-44.7684401674556,0.2));
#11540=CARTESIAN_POINT('Ctrl Pts',(22.6927545064592,-44.7880856909612,0.2));
#11541=CARTESIAN_POINT('Ctrl Pts',(22.7244200929999,-44.7980907559395,0.2));
#11542=CARTESIAN_POINT('Ctrl Pts',(22.4208727106452,-44.5763990283012,0.));
#11543=CARTESIAN_POINT('Ctrl Pts',(22.4208727106452,-44.5763990283012,0.2));
#11544=CARTESIAN_POINT('Ctrl Pts',(22.4380639299591,-44.6041422766006,0.));
#11545=CARTESIAN_POINT('Ctrl Pts',(22.4380639299591,-44.6041422766006,0.2));
#11546=CARTESIAN_POINT('Ctrl Pts',(22.4719348886819,-44.658803345186,0.));
#11547=CARTESIAN_POINT('Ctrl Pts',(22.4719348886819,-44.658803345186,0.2));
#11548=CARTESIAN_POINT('Ctrl Pts',(22.5227328934679,-44.6981990521702,0.));
#11549=CARTESIAN_POINT('Ctrl Pts',(22.5227328934679,-44.6981990521702,0.2));
#11550=CARTESIAN_POINT('Ctrl Pts',(22.547748349607,-44.7175994515419,0.));
#11551=CARTESIAN_POINT('Ctrl Pts',(22.547748349607,-44.7175994515419,0.2));
#11552=CARTESIAN_POINT('',(22.4208727106452,-44.5763990283012,0.));
#11553=CARTESIAN_POINT('Ctrl Pts',(22.4208727106452,-44.5763990283012,0.));
#11554=CARTESIAN_POINT('Ctrl Pts',(22.4380639299591,-44.6041422766006,0.));
#11555=CARTESIAN_POINT('Ctrl Pts',(22.4719348886819,-44.658803345186,0.));
#11556=CARTESIAN_POINT('Ctrl Pts',(22.5227328934679,-44.6981990521702,0.));
#11557=CARTESIAN_POINT('Ctrl Pts',(22.547748349607,-44.7175994515419,0.));
#11558=CARTESIAN_POINT('',(22.4208727106452,-44.5763990283012,0.2));
#11559=CARTESIAN_POINT('',(22.4208727106452,-44.5763990283012,0.));
#11560=CARTESIAN_POINT('Ctrl Pts',(22.4208727106452,-44.5763990283012,0.2));
#11561=CARTESIAN_POINT('Ctrl Pts',(22.4380639299591,-44.6041422766006,0.2));
#11562=CARTESIAN_POINT('Ctrl Pts',(22.4719348886819,-44.658803345186,0.2));
#11563=CARTESIAN_POINT('Ctrl Pts',(22.5227328934679,-44.6981990521702,0.2));
#11564=CARTESIAN_POINT('Ctrl Pts',(22.547748349607,-44.7175994515419,0.2));
#11565=CARTESIAN_POINT('Ctrl Pts',(22.3724415525794,-44.3819925189018,0.));
#11566=CARTESIAN_POINT('Ctrl Pts',(22.3724415525794,-44.3819925189018,0.2));
#11567=CARTESIAN_POINT('Ctrl Pts',(22.3743346991253,-44.416466640487,0.));
#11568=CARTESIAN_POINT('Ctrl Pts',(22.3743346991253,-44.416466640487,0.2));
#11569=CARTESIAN_POINT('Ctrl Pts',(22.3780645475043,-44.4843870277356,0.));
#11570=CARTESIAN_POINT('Ctrl Pts',(22.3780645475043,-44.4843870277356,0.2));
#11571=CARTESIAN_POINT('Ctrl Pts',(22.40674801425,-44.5460393614213,0.));
#11572=CARTESIAN_POINT('Ctrl Pts',(22.40674801425,-44.5460393614213,0.2));
#11573=CARTESIAN_POINT('Ctrl Pts',(22.4208727106452,-44.5763990283012,0.));
#11574=CARTESIAN_POINT('Ctrl Pts',(22.4208727106452,-44.5763990283012,0.2));
#11575=CARTESIAN_POINT('',(22.3724415525794,-44.3819925189018,0.));
#11576=CARTESIAN_POINT('Ctrl Pts',(22.3724415525794,-44.3819925189018,0.));
#11577=CARTESIAN_POINT('Ctrl Pts',(22.3743346991253,-44.416466640487,0.));
#11578=CARTESIAN_POINT('Ctrl Pts',(22.3780645475043,-44.4843870277356,0.));
#11579=CARTESIAN_POINT('Ctrl Pts',(22.40674801425,-44.5460393614213,0.));
#11580=CARTESIAN_POINT('Ctrl Pts',(22.4208727106452,-44.5763990283012,0.));
#11581=CARTESIAN_POINT('',(22.3724415525794,-44.3819925189018,0.2));
#11582=CARTESIAN_POINT('',(22.3724415525794,-44.3819925189018,0.));
#11583=CARTESIAN_POINT('Ctrl Pts',(22.3724415525794,-44.3819925189018,0.2));
#11584=CARTESIAN_POINT('Ctrl Pts',(22.3743346991253,-44.416466640487,0.2));
#11585=CARTESIAN_POINT('Ctrl Pts',(22.3780645475043,-44.4843870277356,0.2));
#11586=CARTESIAN_POINT('Ctrl Pts',(22.40674801425,-44.5460393614213,0.2));
#11587=CARTESIAN_POINT('Ctrl Pts',(22.4208727106452,-44.5763990283012,0.2));
#11588=CARTESIAN_POINT('Ctrl Pts',(22.5006821379066,-44.0839023888111,0.));
#11589=CARTESIAN_POINT('Ctrl Pts',(22.5006821379066,-44.0839023888111,0.2));
#11590=CARTESIAN_POINT('Ctrl Pts',(22.4632804164013,-44.1258676781336,0.));
#11591=CARTESIAN_POINT('Ctrl Pts',(22.4632804164013,-44.1258676781336,0.2));
#11592=CARTESIAN_POINT('Ctrl Pts',(22.3874918130558,-44.2109036213665,0.));
#11593=CARTESIAN_POINT('Ctrl Pts',(22.3874918130558,-44.2109036213665,0.2));
#11594=CARTESIAN_POINT('Ctrl Pts',(22.3775015930043,-44.324470807624,0.));
#11595=CARTESIAN_POINT('Ctrl Pts',(22.3775015930043,-44.324470807624,0.2));
#11596=CARTESIAN_POINT('Ctrl Pts',(22.3724415525794,-44.3819925189018,0.));
#11597=CARTESIAN_POINT('Ctrl Pts',(22.3724415525794,-44.3819925189018,0.2));
#11598=CARTESIAN_POINT('',(22.5006821379066,-44.0839023888111,0.));
#11599=CARTESIAN_POINT('Ctrl Pts',(22.5006821379066,-44.0839023888111,0.));
#11600=CARTESIAN_POINT('Ctrl Pts',(22.4632804164013,-44.1258676781336,0.));
#11601=CARTESIAN_POINT('Ctrl Pts',(22.3874918130558,-44.2109036213665,0.));
#11602=CARTESIAN_POINT('Ctrl Pts',(22.3775015930043,-44.324470807624,0.));
#11603=CARTESIAN_POINT('Ctrl Pts',(22.3724415525794,-44.3819925189018,0.));
#11604=CARTESIAN_POINT('',(22.5006821379066,-44.0839023888111,0.2));
#11605=CARTESIAN_POINT('',(22.5006821379066,-44.0839023888111,0.));
#11606=CARTESIAN_POINT('Ctrl Pts',(22.5006821379066,-44.0839023888111,0.2));
#11607=CARTESIAN_POINT('Ctrl Pts',(22.4632804164013,-44.1258676781336,0.2));
#11608=CARTESIAN_POINT('Ctrl Pts',(22.3874918130558,-44.2109036213665,0.2));
#11609=CARTESIAN_POINT('Ctrl Pts',(22.3775015930043,-44.324470807624,0.2));
#11610=CARTESIAN_POINT('Ctrl Pts',(22.3724415525794,-44.3819925189018,0.2));
#11611=CARTESIAN_POINT('Ctrl Pts',(22.8676667436957,-43.9672586321831,0.));
#11612=CARTESIAN_POINT('Ctrl Pts',(22.8676667436957,-43.9672586321831,0.2));
#11613=CARTESIAN_POINT('Ctrl Pts',(22.7950030334122,-43.9701667125954,0.));
#11614=CARTESIAN_POINT('Ctrl Pts',(22.7950030334122,-43.9701667125954,0.2));
#11615=CARTESIAN_POINT('Ctrl Pts',(22.6613995368997,-43.9755136692772,0.));
#11616=CARTESIAN_POINT('Ctrl Pts',(22.6613995368997,-43.9755136692772,0.2));
#11617=CARTESIAN_POINT('Ctrl Pts',(22.5510261220313,-44.0499501222258,0.));
#11618=CARTESIAN_POINT('Ctrl Pts',(22.5510261220313,-44.0499501222258,0.2));
#11619=CARTESIAN_POINT('Ctrl Pts',(22.5006821379066,-44.0839023888111,0.));
#11620=CARTESIAN_POINT('Ctrl Pts',(22.5006821379066,-44.0839023888111,0.2));
#11621=CARTESIAN_POINT('',(22.8676667436957,-43.9672586321831,0.));
#11622=CARTESIAN_POINT('Ctrl Pts',(22.8676667436957,-43.9672586321831,0.));
#11623=CARTESIAN_POINT('Ctrl Pts',(22.7950030334122,-43.9701667125954,0.));
#11624=CARTESIAN_POINT('Ctrl Pts',(22.6613995368997,-43.9755136692772,0.));
#11625=CARTESIAN_POINT('Ctrl Pts',(22.5510261220313,-44.0499501222258,0.));
#11626=CARTESIAN_POINT('Ctrl Pts',(22.5006821379066,-44.0839023888111,0.));
#11627=CARTESIAN_POINT('',(22.8676667436957,-43.9672586321831,0.2));
#11628=CARTESIAN_POINT('',(22.8676667436957,-43.9672586321831,0.));
#11629=CARTESIAN_POINT('Ctrl Pts',(22.8676667436957,-43.9672586321831,0.2));
#11630=CARTESIAN_POINT('Ctrl Pts',(22.7950030334122,-43.9701667125954,0.2));
#11631=CARTESIAN_POINT('Ctrl Pts',(22.6613995368997,-43.9755136692772,0.2));
#11632=CARTESIAN_POINT('Ctrl Pts',(22.5510261220313,-44.0499501222258,0.2));
#11633=CARTESIAN_POINT('Ctrl Pts',(22.5006821379066,-44.0839023888111,0.2));
#11634=CARTESIAN_POINT('Ctrl Pts',(23.1384721025825,-44.0150076150894,0.));
#11635=CARTESIAN_POINT('Ctrl Pts',(23.1384721025825,-44.0150076150894,0.2));
#11636=CARTESIAN_POINT('Ctrl Pts',(23.0952264031601,-44.0010820973029,0.));
#11637=CARTESIAN_POINT('Ctrl Pts',(23.0952264031601,-44.0010820973029,0.2));
#11638=CARTESIAN_POINT('Ctrl Pts',(23.00717185715,-43.9727277137913,0.));
#11639=CARTESIAN_POINT('Ctrl Pts',(23.00717185715,-43.9727277137913,0.2));
#11640=CARTESIAN_POINT('Ctrl Pts',(22.9147155440068,-43.9691031074292,0.));
#11641=CARTESIAN_POINT('Ctrl Pts',(22.9147155440068,-43.9691031074292,0.2));
#11642=CARTESIAN_POINT('Ctrl Pts',(22.8676667436957,-43.9672586321831,0.));
#11643=CARTESIAN_POINT('Ctrl Pts',(22.8676667436957,-43.9672586321831,0.2));
#11644=CARTESIAN_POINT('',(23.1384721025825,-44.0150076150894,0.));
#11645=CARTESIAN_POINT('Ctrl Pts',(23.1384721025825,-44.0150076150894,0.));
#11646=CARTESIAN_POINT('Ctrl Pts',(23.0952264031601,-44.0010820973029,0.));
#11647=CARTESIAN_POINT('Ctrl Pts',(23.00717185715,-43.9727277137913,0.));
#11648=CARTESIAN_POINT('Ctrl Pts',(22.9147155440068,-43.9691031074292,0.));
#11649=CARTESIAN_POINT('Ctrl Pts',(22.8676667436957,-43.9672586321831,0.));
#11650=CARTESIAN_POINT('',(23.1384721025825,-44.0150076150894,0.2));
#11651=CARTESIAN_POINT('',(23.1384721025825,-44.0150076150894,0.));
#11652=CARTESIAN_POINT('Ctrl Pts',(23.1384721025825,-44.0150076150894,0.2));
#11653=CARTESIAN_POINT('Ctrl Pts',(23.0952264031601,-44.0010820973029,0.2));
#11654=CARTESIAN_POINT('Ctrl Pts',(23.00717185715,-43.9727277137913,0.2));
#11655=CARTESIAN_POINT('Ctrl Pts',(22.9147155440068,-43.9691031074292,0.2));
#11656=CARTESIAN_POINT('Ctrl Pts',(22.8676667436957,-43.9672586321831,0.2));
#11657=CARTESIAN_POINT('Ctrl Pts',(23.4010913595557,-44.178718328476,0.));
#11658=CARTESIAN_POINT('Ctrl Pts',(23.4010913595557,-44.178718328476,0.2));
#11659=CARTESIAN_POINT('Ctrl Pts',(23.3577909923926,-44.1435981729838,0.));
#11660=CARTESIAN_POINT('Ctrl Pts',(23.3577909923926,-44.1435981729838,0.2));
#11661=CARTESIAN_POINT('Ctrl Pts',(23.2769929031171,-44.0780642839028,0.));
#11662=CARTESIAN_POINT('Ctrl Pts',(23.2769929031171,-44.0780642839028,0.2));
#11663=CARTESIAN_POINT('Ctrl Pts',(23.18238079575,-44.0349954863146,0.));
#11664=CARTESIAN_POINT('Ctrl Pts',(23.18238079575,-44.0349954863146,0.2));
#11665=CARTESIAN_POINT('Ctrl Pts',(23.1384721025825,-44.0150076150894,0.));
#11666=CARTESIAN_POINT('Ctrl Pts',(23.1384721025825,-44.0150076150894,0.2));
#11667=CARTESIAN_POINT('',(23.4010913595557,-44.178718328476,0.));
#11668=CARTESIAN_POINT('Ctrl Pts',(23.4010913595557,-44.178718328476,0.));
#11669=CARTESIAN_POINT('Ctrl Pts',(23.3577909923926,-44.1435981729838,0.));
#11670=CARTESIAN_POINT('Ctrl Pts',(23.2769929031171,-44.0780642839028,0.));
#11671=CARTESIAN_POINT('Ctrl Pts',(23.18238079575,-44.0349954863146,0.));
#11672=CARTESIAN_POINT('Ctrl Pts',(23.1384721025825,-44.0150076150894,0.));
#11673=CARTESIAN_POINT('',(23.4010913595557,-44.178718328476,0.2));
#11674=CARTESIAN_POINT('',(23.4010913595557,-44.178718328476,0.));
#11675=CARTESIAN_POINT('Ctrl Pts',(23.4010913595557,-44.178718328476,0.2));
#11676=CARTESIAN_POINT('Ctrl Pts',(23.3577909923926,-44.1435981729838,0.2));
#11677=CARTESIAN_POINT('Ctrl Pts',(23.2769929031171,-44.0780642839028,0.2));
#11678=CARTESIAN_POINT('Ctrl Pts',(23.18238079575,-44.0349954863146,0.2));
#11679=CARTESIAN_POINT('Ctrl Pts',(23.1384721025825,-44.0150076150894,0.2));
#11680=CARTESIAN_POINT('Ctrl Pts',(23.4502043947577,-44.0000006556511,0.));
#11681=CARTESIAN_POINT('Ctrl Pts',(23.4502043947577,-44.0000006556511,0.2));
#11682=CARTESIAN_POINT('Ctrl Pts',(23.4385342988772,-44.0272885498267,0.));
#11683=CARTESIAN_POINT('Ctrl Pts',(23.4385342988772,-44.0272885498267,0.2));
#11684=CARTESIAN_POINT('Ctrl Pts',(23.4140291130127,-44.0845884148379,0.));
#11685=CARTESIAN_POINT('Ctrl Pts',(23.4140291130127,-44.0845884148379,0.2));
#11686=CARTESIAN_POINT('Ctrl Pts',(23.4055384940784,-44.1463627584039,0.));
#11687=CARTESIAN_POINT('Ctrl Pts',(23.4055384940784,-44.1463627584039,0.2));
#11688=CARTESIAN_POINT('Ctrl Pts',(23.4010913595557,-44.178718328476,0.));
#11689=CARTESIAN_POINT('Ctrl Pts',(23.4010913595557,-44.178718328476,0.2));
#11690=CARTESIAN_POINT('Ctrl Pts',(23.4502043947577,-44.0000006556511,0.));
#11691=CARTESIAN_POINT('Ctrl Pts',(23.4385342988772,-44.0272885498267,0.));
#11692=CARTESIAN_POINT('Ctrl Pts',(23.4140291130127,-44.0845884148379,0.));
#11693=CARTESIAN_POINT('Ctrl Pts',(23.4055384940784,-44.1463627584039,0.));
#11694=CARTESIAN_POINT('Ctrl Pts',(23.4010913595557,-44.178718328476,0.));
#11695=CARTESIAN_POINT('Ctrl Pts',(23.4502043947577,-44.0000006556511,0.2));
#11696=CARTESIAN_POINT('Ctrl Pts',(23.4385342988772,-44.0272885498267,0.2));
#11697=CARTESIAN_POINT('Ctrl Pts',(23.4140291130127,-44.0845884148379,0.2));
#11698=CARTESIAN_POINT('Ctrl Pts',(23.4055384940784,-44.1463627584039,0.2));
#11699=CARTESIAN_POINT('Ctrl Pts',(23.4010913595557,-44.178718328476,0.2));
#11700=CARTESIAN_POINT('Origin',(14.5886769704521,-44.7060034424067,0.2));
#11701=CARTESIAN_POINT('Origin',(19.7517051920295,-44.5743526518345,0.));
#11702=CARTESIAN_POINT('',(19.7517051920295,-44.5743526518345,0.));
#11703=CARTESIAN_POINT('',(19.7517051920295,-44.0000006556511,0.));
#11704=CARTESIAN_POINT('',(19.7517051920295,-26.5491763259172,0.));
#11705=CARTESIAN_POINT('',(19.7517051920295,-44.5743526518345,0.2));
#11706=CARTESIAN_POINT('',(19.7517051920295,-44.5743526518345,0.));
#11707=CARTESIAN_POINT('',(19.7517051920295,-44.0000006556511,0.2));
#11708=CARTESIAN_POINT('',(19.7517051920295,-44.5743526518345,0.2));
#11709=CARTESIAN_POINT('',(19.7517051920295,-44.0000006556511,0.));
#11710=CARTESIAN_POINT('Origin',(19.9249651655555,-44.7407919168472,0.));
#11711=CARTESIAN_POINT('',(19.9249651655555,-44.7407919168472,0.));
#11712=CARTESIAN_POINT('',(10.7766599930451,-35.952627183598,0.));
#11713=CARTESIAN_POINT('',(19.9249651655555,-44.7407919168472,0.2));
#11714=CARTESIAN_POINT('',(19.9249651655555,-44.7407919168472,0.));
#11715=CARTESIAN_POINT('',(19.9249651655555,-44.7407919168472,0.2));
#11716=CARTESIAN_POINT('Origin',(20.4038193449378,-44.0000006556511,0.));
#11717=CARTESIAN_POINT('',(20.4038193449378,-44.0000006556511,0.));
#11718=CARTESIAN_POINT('',(28.3627224144827,-31.6875136888857,0.));
#11719=CARTESIAN_POINT('',(20.4038193449378,-44.0000006556511,0.2));
#11720=CARTESIAN_POINT('',(20.4038193449378,-44.0000006556511,0.));
#11721=CARTESIAN_POINT('',(20.4038193449378,-44.0000006556511,0.2));
#11722=CARTESIAN_POINT('Origin',(20.7066848501563,-44.0000006556511,0.));
#11723=CARTESIAN_POINT('',(20.7066848501563,-44.0000006556511,0.));
#11724=CARTESIAN_POINT('',(20.1208424250782,-44.0000006556511,0.));
#11725=CARTESIAN_POINT('',(20.7066848501563,-44.0000006556511,0.2));
#11726=CARTESIAN_POINT('',(20.7066848501563,-44.0000006556511,0.));
#11727=CARTESIAN_POINT('',(20.7066848501563,-44.0000006556511,0.2));
#11728=CARTESIAN_POINT('Origin',(20.096861384809,-44.9113239347935,0.));
#11729=CARTESIAN_POINT('',(20.096861384809,-44.9113239347935,0.));
#11730=CARTESIAN_POINT('',(28.419075566569,-32.4745648580866,0.));
#11731=CARTESIAN_POINT('',(20.096861384809,-44.9113239347935,0.2));
#11732=CARTESIAN_POINT('',(20.096861384809,-44.9113239347935,0.));
#11733=CARTESIAN_POINT('',(20.096861384809,-44.9113239347935,0.2));
#11734=CARTESIAN_POINT('Origin',(20.6507494673133,-45.4488410055637,0.));
#11735=CARTESIAN_POINT('',(20.6507494673133,-45.4488410055637,0.));
#11736=CARTESIAN_POINT('',(11.1363887208891,-36.2156917824441,0.));
#11737=CARTESIAN_POINT('',(20.6507494673133,-45.4488410055637,0.2));
#11738=CARTESIAN_POINT('',(20.6507494673133,-45.4488410055637,0.));
#11739=CARTESIAN_POINT('',(20.6507494673133,-45.4488410055637,0.2));
#11740=CARTESIAN_POINT('Origin',(20.3328778967261,-45.4488410055637,0.));
#11741=CARTESIAN_POINT('',(20.3328778967261,-45.4488410055637,0.));
#11742=CARTESIAN_POINT('',(19.9339389483631,-45.4488410055637,0.));
#11743=CARTESIAN_POINT('',(20.3328778967261,-45.4488410055637,0.2));
#11744=CARTESIAN_POINT('',(20.3328778967261,-45.4488410055637,0.));
#11745=CARTESIAN_POINT('',(20.3328778967261,-45.4488410055637,0.2));
#11746=CARTESIAN_POINT('Origin',(19.7517051920295,-44.8594821989536,0.));
#11747=CARTESIAN_POINT('',(19.7517051920295,-44.8594821989536,0.));
#11748=CARTESIAN_POINT('',(10.6153045913029,-35.5943909253251,0.));
#11749=CARTESIAN_POINT('',(19.7517051920295,-44.8594821989536,0.2));
#11750=CARTESIAN_POINT('',(19.7517051920295,-44.8594821989536,0.));
#11751=CARTESIAN_POINT('',(19.7517051920295,-44.8594821989536,0.2));
#11752=CARTESIAN_POINT('Origin',(19.7517051920295,-46.0000006854534,0.));
#11753=CARTESIAN_POINT('',(19.7517051920295,-46.0000006854534,0.));
#11754=CARTESIAN_POINT('',(19.7517051920295,-27.2620003427267,0.));
#11755=CARTESIAN_POINT('',(19.7517051920295,-46.0000006854534,0.2));
#11756=CARTESIAN_POINT('',(19.7517051920295,-46.0000006854534,0.));
#11757=CARTESIAN_POINT('',(19.7517051920295,-46.0000006854534,0.2));
#11758=CARTESIAN_POINT('Origin',(19.5061388239264,-46.0000006854534,0.));
#11759=CARTESIAN_POINT('',(19.5061388239264,-46.0000006854534,0.));
#11760=CARTESIAN_POINT('',(19.5205694119632,-46.0000006854534,0.));
#11761=CARTESIAN_POINT('',(19.5061388239264,-46.0000006854534,0.2));
#11762=CARTESIAN_POINT('',(19.5061388239264,-46.0000006854534,0.));
#11763=CARTESIAN_POINT('',(19.5061388239264,-46.0000006854534,0.2));
#11764=CARTESIAN_POINT('Origin',(19.5061388239264,-44.0000006556511,0.));
#11765=CARTESIAN_POINT('',(19.5061388239264,-44.0000006556511,0.));
#11766=CARTESIAN_POINT('',(19.5061388239264,-26.2620003278255,0.));
#11767=CARTESIAN_POINT('',(19.5061388239264,-44.0000006556511,0.2));
#11768=CARTESIAN_POINT('',(19.5061388239264,-44.0000006556511,0.));
#11769=CARTESIAN_POINT('',(19.5061388239264,-44.0000006556511,0.2));
#11770=CARTESIAN_POINT('Origin',(19.7517051920295,-44.0000006556511,0.));
#11771=CARTESIAN_POINT('',(19.6433525960147,-44.0000006556511,0.));
#11772=CARTESIAN_POINT('',(19.7517051920295,-44.0000006556511,0.2));
#11773=CARTESIAN_POINT('Origin',(14.5886769704521,-44.7060034424067,0.2));
#11774=CARTESIAN_POINT('Ctrl Pts',(17.4392905458808,-44.3915422260761,0.));
#11775=CARTESIAN_POINT('Ctrl Pts',(17.4392905458808,-44.3915422260761,0.2));
#11776=CARTESIAN_POINT('Ctrl Pts',(17.4507704189363,-44.4255952154326,0.));
#11777=CARTESIAN_POINT('Ctrl Pts',(17.4507704189363,-44.4255952154326,0.2));
#11778=CARTESIAN_POINT('Ctrl Pts',(17.4775554677937,-44.5050482702919,0.));
#11779=CARTESIAN_POINT('Ctrl Pts',(17.4775554677937,-44.5050482702919,0.2));
#11780=CARTESIAN_POINT('Ctrl Pts',(17.4783816425224,-44.5890876942862,0.));
#11781=CARTESIAN_POINT('Ctrl Pts',(17.4783816425224,-44.5890876942862,0.2));
#11782=CARTESIAN_POINT('Ctrl Pts',(17.4788537248969,-44.6371084451675,0.));
#11783=CARTESIAN_POINT('Ctrl Pts',(17.4788537248969,-44.6371084451675,0.2));
#11784=CARTESIAN_POINT('',(17.4392905458808,-44.3915422260761,0.));
#11785=CARTESIAN_POINT('',(17.4788537248969,-44.6371084451675,0.));
#11786=CARTESIAN_POINT('Ctrl Pts',(17.4392905458808,-44.3915422260761,0.));
#11787=CARTESIAN_POINT('Ctrl Pts',(17.4507704189363,-44.4255952154326,0.));
#11788=CARTESIAN_POINT('Ctrl Pts',(17.4775554677937,-44.5050482702919,0.));
#11789=CARTESIAN_POINT('Ctrl Pts',(17.4783816425224,-44.5890876942862,0.));
#11790=CARTESIAN_POINT('Ctrl Pts',(17.4788537248969,-44.6371084451675,0.));
#11791=CARTESIAN_POINT('',(17.4392905458808,-44.3915422260761,0.2));
#11792=CARTESIAN_POINT('',(17.4392905458808,-44.3915422260761,0.));
#11793=CARTESIAN_POINT('',(17.4788537248969,-44.6371084451675,0.2));
#11794=CARTESIAN_POINT('Ctrl Pts',(17.4392905458808,-44.3915422260761,0.2));
#11795=CARTESIAN_POINT('Ctrl Pts',(17.4507704189363,-44.4255952154326,0.2));
#11796=CARTESIAN_POINT('Ctrl Pts',(17.4775554677937,-44.5050482702919,0.2));
#11797=CARTESIAN_POINT('Ctrl Pts',(17.4783816425224,-44.5890876942862,0.2));
#11798=CARTESIAN_POINT('Ctrl Pts',(17.4788537248969,-44.6371084451675,0.2));
#11799=CARTESIAN_POINT('',(17.4788537248969,-44.6371084451675,0.));
#11800=CARTESIAN_POINT('Ctrl Pts',(17.2769441828132,-44.2216923832893,0.));
#11801=CARTESIAN_POINT('Ctrl Pts',(17.2769441828132,-44.2216923832893,0.2));
#11802=CARTESIAN_POINT('Ctrl Pts',(17.3111950946757,-44.2440003545616,0.));
#11803=CARTESIAN_POINT('Ctrl Pts',(17.3111950946757,-44.2440003545616,0.2));
#11804=CARTESIAN_POINT('Ctrl Pts',(17.3786467733895,-44.2879323268564,0.));
#11805=CARTESIAN_POINT('Ctrl Pts',(17.3786467733895,-44.2879323268564,0.2));
#11806=CARTESIAN_POINT('Ctrl Pts',(17.4192868615176,-44.3573659267506,0.));
#11807=CARTESIAN_POINT('Ctrl Pts',(17.4192868615176,-44.3573659267506,0.2));
#11808=CARTESIAN_POINT('Ctrl Pts',(17.4392905458808,-44.3915422260761,0.));
#11809=CARTESIAN_POINT('Ctrl Pts',(17.4392905458808,-44.3915422260761,0.2));
#11810=CARTESIAN_POINT('',(17.2769441828132,-44.2216923832893,0.));
#11811=CARTESIAN_POINT('Ctrl Pts',(17.2769441828132,-44.2216923832893,0.));
#11812=CARTESIAN_POINT('Ctrl Pts',(17.3111950946757,-44.2440003545616,0.));
#11813=CARTESIAN_POINT('Ctrl Pts',(17.3786467733895,-44.2879323268564,0.));
#11814=CARTESIAN_POINT('Ctrl Pts',(17.4192868615176,-44.3573659267506,0.));
#11815=CARTESIAN_POINT('Ctrl Pts',(17.4392905458808,-44.3915422260761,0.));
#11816=CARTESIAN_POINT('',(17.2769441828132,-44.2216923832893,0.2));
#11817=CARTESIAN_POINT('',(17.2769441828132,-44.2216923832893,0.));
#11818=CARTESIAN_POINT('Ctrl Pts',(17.2769441828132,-44.2216923832893,0.2));
#11819=CARTESIAN_POINT('Ctrl Pts',(17.3111950946757,-44.2440003545616,0.2));
#11820=CARTESIAN_POINT('Ctrl Pts',(17.3786467733895,-44.2879323268564,0.2));
#11821=CARTESIAN_POINT('Ctrl Pts',(17.4192868615176,-44.3573659267506,0.2));
#11822=CARTESIAN_POINT('Ctrl Pts',(17.4392905458808,-44.3915422260761,0.2));
#11823=CARTESIAN_POINT('Ctrl Pts',(17.024556659162,-44.1596186161041,0.));
#11824=CARTESIAN_POINT('Ctrl Pts',(17.024556659162,-44.1596186161041,0.2));
#11825=CARTESIAN_POINT('Ctrl Pts',(17.0699630898898,-44.161884835635,0.));
#11826=CARTESIAN_POINT('Ctrl Pts',(17.0699630898898,-44.161884835635,0.2));
#11827=CARTESIAN_POINT('Ctrl Pts',(17.1581652948988,-44.1662869777205,0.));
#11828=CARTESIAN_POINT('Ctrl Pts',(17.1581652948988,-44.1662869777205,0.2));
#11829=CARTESIAN_POINT('Ctrl Pts',(17.2381402676375,-44.2035919725537,0.));
#11830=CARTESIAN_POINT('Ctrl Pts',(17.2381402676375,-44.2035919725537,0.2));
#11831=CARTESIAN_POINT('Ctrl Pts',(17.2769441828132,-44.2216923832893,0.));
#11832=CARTESIAN_POINT('Ctrl Pts',(17.2769441828132,-44.2216923832893,0.2));
#11833=CARTESIAN_POINT('',(17.024556659162,-44.1596186161041,0.));
#11834=CARTESIAN_POINT('Ctrl Pts',(17.024556659162,-44.1596186161041,0.));
#11835=CARTESIAN_POINT('Ctrl Pts',(17.0699630898898,-44.161884835635,0.));
#11836=CARTESIAN_POINT('Ctrl Pts',(17.1581652948988,-44.1662869777205,0.));
#11837=CARTESIAN_POINT('Ctrl Pts',(17.2381402676375,-44.2035919725537,0.));
#11838=CARTESIAN_POINT('Ctrl Pts',(17.2769441828132,-44.2216923832893,0.));
#11839=CARTESIAN_POINT('',(17.024556659162,-44.1596186161041,0.2));
#11840=CARTESIAN_POINT('',(17.024556659162,-44.1596186161041,0.));
#11841=CARTESIAN_POINT('Ctrl Pts',(17.024556659162,-44.1596186161041,0.2));
#11842=CARTESIAN_POINT('Ctrl Pts',(17.0699630898898,-44.161884835635,0.2));
#11843=CARTESIAN_POINT('Ctrl Pts',(17.1581652948988,-44.1662869777205,0.2));
#11844=CARTESIAN_POINT('Ctrl Pts',(17.2381402676375,-44.2035919725537,0.2));
#11845=CARTESIAN_POINT('Ctrl Pts',(17.2769441828132,-44.2216923832893,0.2));
#11846=CARTESIAN_POINT('Ctrl Pts',(16.8069579824805,-44.2251029610634,0.));
#11847=CARTESIAN_POINT('Ctrl Pts',(16.8069579824805,-44.2251029610634,0.2));
#11848=CARTESIAN_POINT('Ctrl Pts',(16.8366229168993,-44.2060532151653,0.));
#11849=CARTESIAN_POINT('Ctrl Pts',(16.8366229168993,-44.2060532151653,0.2));
#11850=CARTESIAN_POINT('Ctrl Pts',(16.9025666549095,-44.163706536257,0.));
#11851=CARTESIAN_POINT('Ctrl Pts',(16.9025666549095,-44.163706536257,0.2));
#11852=CARTESIAN_POINT('Ctrl Pts',(16.9812623785165,-44.1610694199092,0.));
#11853=CARTESIAN_POINT('Ctrl Pts',(16.9812623785165,-44.1610694199092,0.2));
#11854=CARTESIAN_POINT('Ctrl Pts',(17.024556659162,-44.1596186161041,0.));
#11855=CARTESIAN_POINT('Ctrl Pts',(17.024556659162,-44.1596186161041,0.2));
#11856=CARTESIAN_POINT('',(16.8069579824805,-44.2251029610634,0.));
#11857=CARTESIAN_POINT('Ctrl Pts',(16.8069579824805,-44.2251029610634,0.));
#11858=CARTESIAN_POINT('Ctrl Pts',(16.8366229168993,-44.2060532151653,0.));
#11859=CARTESIAN_POINT('Ctrl Pts',(16.9025666549095,-44.163706536257,0.));
#11860=CARTESIAN_POINT('Ctrl Pts',(16.9812623785165,-44.1610694199092,0.));
#11861=CARTESIAN_POINT('Ctrl Pts',(17.024556659162,-44.1596186161041,0.));
#11862=CARTESIAN_POINT('',(16.8069579824805,-44.2251029610634,0.2));
#11863=CARTESIAN_POINT('',(16.8069579824805,-44.2251029610634,0.));
#11864=CARTESIAN_POINT('Ctrl Pts',(16.8069579824805,-44.2251029610634,0.2));
#11865=CARTESIAN_POINT('Ctrl Pts',(16.8366229168993,-44.2060532151653,0.2));
#11866=CARTESIAN_POINT('Ctrl Pts',(16.9025666549095,-44.163706536257,0.2));
#11867=CARTESIAN_POINT('Ctrl Pts',(16.9812623785165,-44.1610694199092,0.2));
#11868=CARTESIAN_POINT('Ctrl Pts',(17.024556659162,-44.1596186161041,0.2));
#11869=CARTESIAN_POINT('Ctrl Pts',(16.7326059564948,-44.3888136744499,0.));
#11870=CARTESIAN_POINT('Ctrl Pts',(16.7326059564948,-44.3888136744499,0.2));
#11871=CARTESIAN_POINT('Ctrl Pts',(16.7357346119127,-44.3574089851827,0.));
#11872=CARTESIAN_POINT('Ctrl Pts',(16.7357346119127,-44.3574089851827,0.2));
#11873=CARTESIAN_POINT('Ctrl Pts',(16.7420074219143,-44.2944440297574,0.));
#11874=CARTESIAN_POINT('Ctrl Pts',(16.7420074219143,-44.2944440297574,0.2));
#11875=CARTESIAN_POINT('Ctrl Pts',(16.7852721620799,-44.2482546929187,0.));
#11876=CARTESIAN_POINT('Ctrl Pts',(16.7852721620799,-44.2482546929187,0.2));
#11877=CARTESIAN_POINT('Ctrl Pts',(16.8069579824805,-44.2251029610634,0.));
#11878=CARTESIAN_POINT('Ctrl Pts',(16.8069579824805,-44.2251029610634,0.2));
#11879=CARTESIAN_POINT('',(16.7326059564948,-44.3888136744499,0.));
#11880=CARTESIAN_POINT('Ctrl Pts',(16.7326059564948,-44.3888136744499,0.));
#11881=CARTESIAN_POINT('Ctrl Pts',(16.7357346119127,-44.3574089851827,0.));
#11882=CARTESIAN_POINT('Ctrl Pts',(16.7420074219143,-44.2944440297574,0.));
#11883=CARTESIAN_POINT('Ctrl Pts',(16.7852721620799,-44.2482546929187,0.));
#11884=CARTESIAN_POINT('Ctrl Pts',(16.8069579824805,-44.2251029610634,0.));
#11885=CARTESIAN_POINT('',(16.7326059564948,-44.3888136744499,0.2));
#11886=CARTESIAN_POINT('',(16.7326059564948,-44.3888136744499,0.));
#11887=CARTESIAN_POINT('Ctrl Pts',(16.7326059564948,-44.3888136744499,0.2));
#11888=CARTESIAN_POINT('Ctrl Pts',(16.7357346119127,-44.3574089851827,0.2));
#11889=CARTESIAN_POINT('Ctrl Pts',(16.7420074219143,-44.2944440297574,0.2));
#11890=CARTESIAN_POINT('Ctrl Pts',(16.7852721620799,-44.2482546929187,0.2));
#11891=CARTESIAN_POINT('Ctrl Pts',(16.8069579824805,-44.2251029610634,0.2));
#11892=CARTESIAN_POINT('Ctrl Pts',(16.7667117342353,-44.5054575800896,0.));
#11893=CARTESIAN_POINT('Ctrl Pts',(16.7667117342353,-44.5054575800896,0.2));
#11894=CARTESIAN_POINT('Ctrl Pts',(16.7567640301346,-44.4874002600449,0.));
#11895=CARTESIAN_POINT('Ctrl Pts',(16.7567640301346,-44.4874002600449,0.2));
#11896=CARTESIAN_POINT('Ctrl Pts',(16.7367430025441,-44.4510575925145,0.));
#11897=CARTESIAN_POINT('Ctrl Pts',(16.7367430025441,-44.4510575925145,0.2));
#11898=CARTESIAN_POINT('Ctrl Pts',(16.7339907281098,-44.4096482530146,0.));
#11899=CARTESIAN_POINT('Ctrl Pts',(16.7339907281098,-44.4096482530146,0.2));
#11900=CARTESIAN_POINT('Ctrl Pts',(16.7326059564948,-44.3888136744499,0.));
#11901=CARTESIAN_POINT('Ctrl Pts',(16.7326059564948,-44.3888136744499,0.2));
#11902=CARTESIAN_POINT('',(16.7667117342353,-44.5054575800896,0.));
#11903=CARTESIAN_POINT('Ctrl Pts',(16.7667117342353,-44.5054575800896,0.));
#11904=CARTESIAN_POINT('Ctrl Pts',(16.7567640301346,-44.4874002600449,0.));
#11905=CARTESIAN_POINT('Ctrl Pts',(16.7367430025441,-44.4510575925145,0.));
#11906=CARTESIAN_POINT('Ctrl Pts',(16.7339907281098,-44.4096482530146,0.));
#11907=CARTESIAN_POINT('Ctrl Pts',(16.7326059564948,-44.3888136744499,0.));
#11908=CARTESIAN_POINT('',(16.7667117342353,-44.5054575800896,0.2));
#11909=CARTESIAN_POINT('',(16.7667117342353,-44.5054575800896,0.));
#11910=CARTESIAN_POINT('Ctrl Pts',(16.7667117342353,-44.5054575800896,0.2));
#11911=CARTESIAN_POINT('Ctrl Pts',(16.7567640301346,-44.4874002600449,0.2));
#11912=CARTESIAN_POINT('Ctrl Pts',(16.7367430025441,-44.4510575925145,0.2));
#11913=CARTESIAN_POINT('Ctrl Pts',(16.7339907281098,-44.4096482530146,0.2));
#11914=CARTESIAN_POINT('Ctrl Pts',(16.7326059564948,-44.3888136744499,0.2));
#11915=CARTESIAN_POINT('Ctrl Pts',(16.8635740503669,-44.5852667093277,0.));
#11916=CARTESIAN_POINT('Ctrl Pts',(16.8635740503669,-44.5852667093277,0.2));
#11917=CARTESIAN_POINT('Ctrl Pts',(16.8439913701327,-44.575335495157,0.));
#11918=CARTESIAN_POINT('Ctrl Pts',(16.8439913701327,-44.575335495157,0.2));
#11919=CARTESIAN_POINT('Ctrl Pts',(16.8057295023192,-44.5559312665589,0.));
#11920=CARTESIAN_POINT('Ctrl Pts',(16.8057295023192,-44.5559312665589,0.2));
#11921=CARTESIAN_POINT('Ctrl Pts',(16.7795112899151,-44.52201518428,0.));
#11922=CARTESIAN_POINT('Ctrl Pts',(16.7795112899151,-44.52201518428,0.2));
#11923=CARTESIAN_POINT('Ctrl Pts',(16.7667117342353,-44.5054575800896,0.));
#11924=CARTESIAN_POINT('Ctrl Pts',(16.7667117342353,-44.5054575800896,0.2));
#11925=CARTESIAN_POINT('',(16.8635740503669,-44.5852667093277,0.));
#11926=CARTESIAN_POINT('Ctrl Pts',(16.8635740503669,-44.5852667093277,0.));
#11927=CARTESIAN_POINT('Ctrl Pts',(16.8439913701327,-44.575335495157,0.));
#11928=CARTESIAN_POINT('Ctrl Pts',(16.8057295023192,-44.5559312665589,0.));
#11929=CARTESIAN_POINT('Ctrl Pts',(16.7795112899151,-44.52201518428,0.));
#11930=CARTESIAN_POINT('Ctrl Pts',(16.7667117342353,-44.5054575800896,0.));
#11931=CARTESIAN_POINT('',(16.8635740503669,-44.5852667093277,0.2));
#11932=CARTESIAN_POINT('',(16.8635740503669,-44.5852667093277,0.));
#11933=CARTESIAN_POINT('Ctrl Pts',(16.8635740503669,-44.5852667093277,0.2));
#11934=CARTESIAN_POINT('Ctrl Pts',(16.8439913701327,-44.575335495157,0.2));
#11935=CARTESIAN_POINT('Ctrl Pts',(16.8057295023192,-44.5559312665589,0.2));
#11936=CARTESIAN_POINT('Ctrl Pts',(16.7795112899151,-44.52201518428,0.2));
#11937=CARTESIAN_POINT('Ctrl Pts',(16.7667117342353,-44.5054575800896,0.2));
#11938=CARTESIAN_POINT('Ctrl Pts',(17.0777621492743,-44.6343798935413,0.));
#11939=CARTESIAN_POINT('Ctrl Pts',(17.0777621492743,-44.6343798935413,0.2));
#11940=CARTESIAN_POINT('Ctrl Pts',(17.0343107663275,-44.6281551507255,0.));
#11941=CARTESIAN_POINT('Ctrl Pts',(17.0343107663275,-44.6281551507255,0.2));
#11942=CARTESIAN_POINT('Ctrl Pts',(16.9614812705906,-44.6177217686412,0.));
#11943=CARTESIAN_POINT('Ctrl Pts',(16.9614812705906,-44.6177217686412,0.2));
#11944=CARTESIAN_POINT('Ctrl Pts',(16.8917160781489,-44.5945954511588,0.));
#11945=CARTESIAN_POINT('Ctrl Pts',(16.8917160781489,-44.5945954511588,0.2));
#11946=CARTESIAN_POINT('Ctrl Pts',(16.8635740503669,-44.5852667093277,0.));
#11947=CARTESIAN_POINT('Ctrl Pts',(16.8635740503669,-44.5852667093277,0.2));
#11948=CARTESIAN_POINT('',(17.0777621492743,-44.6343798935413,0.));
#11949=CARTESIAN_POINT('Ctrl Pts',(17.0777621492743,-44.6343798935413,0.));
#11950=CARTESIAN_POINT('Ctrl Pts',(17.0343107663275,-44.6281551507255,0.));
#11951=CARTESIAN_POINT('Ctrl Pts',(16.9614812705906,-44.6177217686412,0.));
#11952=CARTESIAN_POINT('Ctrl Pts',(16.8917160781489,-44.5945954511588,0.));
#11953=CARTESIAN_POINT('Ctrl Pts',(16.8635740503669,-44.5852667093277,0.));
#11954=CARTESIAN_POINT('',(17.0777621492743,-44.6343798935413,0.2));
#11955=CARTESIAN_POINT('',(17.0777621492743,-44.6343798935413,0.));
#11956=CARTESIAN_POINT('Ctrl Pts',(17.0777621492743,-44.6343798935413,0.2));
#11957=CARTESIAN_POINT('Ctrl Pts',(17.0343107663275,-44.6281551507255,0.2));
#11958=CARTESIAN_POINT('Ctrl Pts',(16.9614812705906,-44.6177217686412,0.2));
#11959=CARTESIAN_POINT('Ctrl Pts',(16.8917160781489,-44.5945954511588,0.2));
#11960=CARTESIAN_POINT('Ctrl Pts',(16.8635740503669,-44.5852667093277,0.2));
#11961=CARTESIAN_POINT('Ctrl Pts',(17.4788537248969,-44.7271493077278,0.));
#11962=CARTESIAN_POINT('Ctrl Pts',(17.4788537248969,-44.7271493077278,0.2));
#11963=CARTESIAN_POINT('Ctrl Pts',(17.42347615473,-44.7089528707611,0.));
#11964=CARTESIAN_POINT('Ctrl Pts',(17.42347615473,-44.7089528707611,0.2));
#11965=CARTESIAN_POINT('Ctrl Pts',(17.2926790221623,-44.6659744271235,0.));
#11966=CARTESIAN_POINT('Ctrl Pts',(17.2926790221623,-44.6659744271235,0.2));
#11967=CARTESIAN_POINT('Ctrl Pts',(17.1563636248156,-44.6459349516679,0.));
#11968=CARTESIAN_POINT('Ctrl Pts',(17.1563636248156,-44.6459349516679,0.2));
#11969=CARTESIAN_POINT('Ctrl Pts',(17.0777621492743,-44.6343798935413,0.));
#11970=CARTESIAN_POINT('Ctrl Pts',(17.0777621492743,-44.6343798935413,0.2));
#11971=CARTESIAN_POINT('',(17.4788537248969,-44.7271493077278,0.));
#11972=CARTESIAN_POINT('Ctrl Pts',(17.4788537248969,-44.7271493077278,0.));
#11973=CARTESIAN_POINT('Ctrl Pts',(17.42347615473,-44.7089528707611,0.));
#11974=CARTESIAN_POINT('Ctrl Pts',(17.2926790221623,-44.6659744271235,0.));
#11975=CARTESIAN_POINT('Ctrl Pts',(17.1563636248156,-44.6459349516679,0.));
#11976=CARTESIAN_POINT('Ctrl Pts',(17.0777621492743,-44.6343798935413,0.));
#11977=CARTESIAN_POINT('',(17.4788537248969,-44.7271493077278,0.2));
#11978=CARTESIAN_POINT('',(17.4788537248969,-44.7271493077278,0.));
#11979=CARTESIAN_POINT('Ctrl Pts',(17.4788537248969,-44.7271493077278,0.2));
#11980=CARTESIAN_POINT('Ctrl Pts',(17.42347615473,-44.7089528707611,0.2));
#11981=CARTESIAN_POINT('Ctrl Pts',(17.2926790221623,-44.6659744271235,0.2));
#11982=CARTESIAN_POINT('Ctrl Pts',(17.1563636248156,-44.6459349516679,0.2));
#11983=CARTESIAN_POINT('Ctrl Pts',(17.0777621492743,-44.6343798935413,0.2));
#11984=CARTESIAN_POINT('Origin',(17.4788537248969,-44.6371084451675,0.));
#11985=CARTESIAN_POINT('',(17.4788537248969,-26.5805542225838,0.));
#11986=CARTESIAN_POINT('',(17.4788537248969,-44.6371084451675,0.2));
#11987=CARTESIAN_POINT('Origin',(17.8049113973975,-44.0000006556511,0.));
#11988=CARTESIAN_POINT('',(17.8049113973975,-44.0000006556511,0.));
#11989=CARTESIAN_POINT('',(17.5484314188361,-44.0000006556511,0.));
#11990=CARTESIAN_POINT('',(18.6699556986988,-44.0000006556511,0.));
#11991=CARTESIAN_POINT('',(17.8049113973975,-44.0000006556511,0.2));
#11992=CARTESIAN_POINT('',(17.8049113973975,-44.0000006556511,0.));
#11993=CARTESIAN_POINT('',(17.5484314188361,-44.0000006556511,0.2));
#11994=CARTESIAN_POINT('',(17.8049113973975,-44.0000006556511,0.2));
#11995=CARTESIAN_POINT('',(17.5484314188361,-44.0000006556511,0.));
#11996=CARTESIAN_POINT('Ctrl Pts',(17.7428379282355,-44.173943400383,0.));
#11997=CARTESIAN_POINT('Ctrl Pts',(17.7428379282355,-44.173943400383,0.2));
#11998=CARTESIAN_POINT('Ctrl Pts',(17.7494130130426,-44.1438959758604,0.));
#11999=CARTESIAN_POINT('Ctrl Pts',(17.7494130130426,-44.1438959758604,0.2));
#12000=CARTESIAN_POINT('Ctrl Pts',(17.7626790667877,-44.0832715489045,0.));
#12001=CARTESIAN_POINT('Ctrl Pts',(17.7626790667877,-44.0832715489045,0.2));
#12002=CARTESIAN_POINT('Ctrl Pts',(17.7907522105902,-44.0279187959992,0.));
#12003=CARTESIAN_POINT('Ctrl Pts',(17.7907522105902,-44.0279187959992,0.2));
#12004=CARTESIAN_POINT('Ctrl Pts',(17.8049113973975,-44.0000006556511,0.));
#12005=CARTESIAN_POINT('Ctrl Pts',(17.8049113973975,-44.0000006556511,0.2));
#12006=CARTESIAN_POINT('',(17.7428379282355,-44.173943400383,0.));
#12007=CARTESIAN_POINT('Ctrl Pts',(17.7428379282355,-44.173943400383,0.));
#12008=CARTESIAN_POINT('Ctrl Pts',(17.7494130130426,-44.1438959758604,0.));
#12009=CARTESIAN_POINT('Ctrl Pts',(17.7626790667877,-44.0832715489045,0.));
#12010=CARTESIAN_POINT('Ctrl Pts',(17.7907522105902,-44.0279187959992,0.));
#12011=CARTESIAN_POINT('Ctrl Pts',(17.8049113973975,-44.0000006556511,0.));
#12012=CARTESIAN_POINT('',(17.7428379282355,-44.173943400383,0.2));
#12013=CARTESIAN_POINT('',(17.7428379282355,-44.173943400383,0.));
#12014=CARTESIAN_POINT('Ctrl Pts',(17.7428379282355,-44.173943400383,0.2));
#12015=CARTESIAN_POINT('Ctrl Pts',(17.7494130130426,-44.1438959758604,0.2));
#12016=CARTESIAN_POINT('Ctrl Pts',(17.7626790667877,-44.0832715489045,0.2));
#12017=CARTESIAN_POINT('Ctrl Pts',(17.7907522105902,-44.0279187959992,0.2));
#12018=CARTESIAN_POINT('Ctrl Pts',(17.8049113973975,-44.0000006556511,0.2));
#12019=CARTESIAN_POINT('Ctrl Pts',(17.7271487936378,-44.6070948243141,0.));
#12020=CARTESIAN_POINT('Ctrl Pts',(17.7271487936378,-44.6070948243141,0.2));
#12021=CARTESIAN_POINT('Ctrl Pts',(17.7265842174943,-44.5138427694995,0.));
#12022=CARTESIAN_POINT('Ctrl Pts',(17.7265842174943,-44.5138427694995,0.2));
#12023=CARTESIAN_POINT('Ctrl Pts',(17.7257084010807,-44.3691826007098,0.));
#12024=CARTESIAN_POINT('Ctrl Pts',(17.7257084010807,-44.3691826007098,0.2));
#12025=CARTESIAN_POINT('Ctrl Pts',(17.7383466526865,-44.2251341331281,0.));
#12026=CARTESIAN_POINT('Ctrl Pts',(17.7383466526865,-44.2251341331281,0.2));
#12027=CARTESIAN_POINT('Ctrl Pts',(17.7428379282355,-44.173943400383,0.));
#12028=CARTESIAN_POINT('Ctrl Pts',(17.7428379282355,-44.173943400383,0.2));
#12029=CARTESIAN_POINT('',(17.7271487936378,-44.6070948243141,0.));
#12030=CARTESIAN_POINT('Ctrl Pts',(17.7271487936378,-44.6070948243141,0.));
#12031=CARTESIAN_POINT('Ctrl Pts',(17.7265842174943,-44.5138427694995,0.));
#12032=CARTESIAN_POINT('Ctrl Pts',(17.7257084010807,-44.3691826007098,0.));
#12033=CARTESIAN_POINT('Ctrl Pts',(17.7383466526865,-44.2251341331281,0.));
#12034=CARTESIAN_POINT('Ctrl Pts',(17.7428379282355,-44.173943400383,0.));
#12035=CARTESIAN_POINT('',(17.7271487936378,-44.6070948243141,0.2));
#12036=CARTESIAN_POINT('',(17.7271487936378,-44.6070948243141,0.));
#12037=CARTESIAN_POINT('Ctrl Pts',(17.7271487936378,-44.6070948243141,0.2));
#12038=CARTESIAN_POINT('Ctrl Pts',(17.7265842174943,-44.5138427694995,0.2));
#12039=CARTESIAN_POINT('Ctrl Pts',(17.7257084010807,-44.3691826007098,0.2));
#12040=CARTESIAN_POINT('Ctrl Pts',(17.7383466526865,-44.2251341331281,0.2));
#12041=CARTESIAN_POINT('Ctrl Pts',(17.7428379282355,-44.173943400383,0.2));
#12042=CARTESIAN_POINT('Origin',(17.7271487936378,-44.9345162510872,0.));
#12043=CARTESIAN_POINT('',(17.7271487936378,-44.9345162510872,0.));
#12044=CARTESIAN_POINT('',(17.7271487936378,-26.7292581255436,0.));
#12045=CARTESIAN_POINT('',(17.7271487936378,-44.9345162510872,0.2));
#12046=CARTESIAN_POINT('',(17.7271487936378,-44.9345162510872,0.));
#12047=CARTESIAN_POINT('',(17.7271487936378,-44.9345162510872,0.2));
#12048=CARTESIAN_POINT('Ctrl Pts',(17.714870236814,-45.1609829068184,0.));
#12049=CARTESIAN_POINT('Ctrl Pts',(17.714870236814,-45.1609829068184,0.2));
#12050=CARTESIAN_POINT('Ctrl Pts',(17.7184107489245,-45.1316811695965,0.));
#12051=CARTESIAN_POINT('Ctrl Pts',(17.7184107489245,-45.1316811695965,0.2));
#12052=CARTESIAN_POINT('Ctrl Pts',(17.7274938576669,-45.0565081841013,0.));
#12053=CARTESIAN_POINT('Ctrl Pts',(17.7274938576669,-45.0565081841013,0.2));
#12054=CARTESIAN_POINT('Ctrl Pts',(17.72727956003,-44.9807466420146,0.));
#12055=CARTESIAN_POINT('Ctrl Pts',(17.72727956003,-44.9807466420146,0.2));
#12056=CARTESIAN_POINT('Ctrl Pts',(17.7271487936378,-44.9345162510872,0.));
#12057=CARTESIAN_POINT('Ctrl Pts',(17.7271487936378,-44.9345162510872,0.2));
#12058=CARTESIAN_POINT('',(17.714870236814,-45.1609829068184,0.));
#12059=CARTESIAN_POINT('Ctrl Pts',(17.714870236814,-45.1609829068184,0.));
#12060=CARTESIAN_POINT('Ctrl Pts',(17.7184107489245,-45.1316811695965,0.));
#12061=CARTESIAN_POINT('Ctrl Pts',(17.7274938576669,-45.0565081841013,0.));
#12062=CARTESIAN_POINT('Ctrl Pts',(17.72727956003,-44.9807466420146,0.));
#12063=CARTESIAN_POINT('Ctrl Pts',(17.7271487936378,-44.9345162510872,0.));
#12064=CARTESIAN_POINT('',(17.714870236814,-45.1609829068184,0.2));
#12065=CARTESIAN_POINT('',(17.714870236814,-45.1609829068184,0.));
#12066=CARTESIAN_POINT('Ctrl Pts',(17.714870236814,-45.1609829068184,0.2));
#12067=CARTESIAN_POINT('Ctrl Pts',(17.7184107489245,-45.1316811695965,0.2));
#12068=CARTESIAN_POINT('Ctrl Pts',(17.7274938576669,-45.0565081841013,0.2));
#12069=CARTESIAN_POINT('Ctrl Pts',(17.72727956003,-44.9807466420146,0.2));
#12070=CARTESIAN_POINT('Ctrl Pts',(17.7271487936378,-44.9345162510872,0.2));
#12071=CARTESIAN_POINT('Ctrl Pts',(17.6384725794196,-45.3281043469906,0.));
#12072=CARTESIAN_POINT('Ctrl Pts',(17.6384725794196,-45.3281043469906,0.2));
#12073=CARTESIAN_POINT('Ctrl Pts',(17.6554518572498,-45.3038544136729,0.));
#12074=CARTESIAN_POINT('Ctrl Pts',(17.6554518572498,-45.3038544136729,0.2));
#12075=CARTESIAN_POINT('Ctrl Pts',(17.691135661478,-45.2528905339535,0.));
#12076=CARTESIAN_POINT('Ctrl Pts',(17.691135661478,-45.2528905339535,0.2));
#12077=CARTESIAN_POINT('Ctrl Pts',(17.7067077507475,-45.1925905810775,0.));
#12078=CARTESIAN_POINT('Ctrl Pts',(17.7067077507475,-45.1925905810775,0.2));
#12079=CARTESIAN_POINT('Ctrl Pts',(17.714870236814,-45.1609829068184,0.));
#12080=CARTESIAN_POINT('Ctrl Pts',(17.714870236814,-45.1609829068184,0.2));
#12081=CARTESIAN_POINT('',(17.6384725794196,-45.3281043469906,0.));
#12082=CARTESIAN_POINT('Ctrl Pts',(17.6384725794196,-45.3281043469906,0.));
#12083=CARTESIAN_POINT('Ctrl Pts',(17.6554518572498,-45.3038544136729,0.));
#12084=CARTESIAN_POINT('Ctrl Pts',(17.691135661478,-45.2528905339535,0.));
#12085=CARTESIAN_POINT('Ctrl Pts',(17.7067077507475,-45.1925905810775,0.));
#12086=CARTESIAN_POINT('Ctrl Pts',(17.714870236814,-45.1609829068184,0.));
#12087=CARTESIAN_POINT('',(17.6384725794196,-45.3281043469906,0.2));
#12088=CARTESIAN_POINT('',(17.6384725794196,-45.3281043469906,0.));
#12089=CARTESIAN_POINT('Ctrl Pts',(17.6384725794196,-45.3281043469906,0.2));
#12090=CARTESIAN_POINT('Ctrl Pts',(17.6554518572498,-45.3038544136729,0.2));
#12091=CARTESIAN_POINT('Ctrl Pts',(17.691135661478,-45.2528905339535,0.2));
#12092=CARTESIAN_POINT('Ctrl Pts',(17.7067077507475,-45.1925905810775,0.2));
#12093=CARTESIAN_POINT('Ctrl Pts',(17.714870236814,-45.1609829068184,0.2));
#12094=CARTESIAN_POINT('Ctrl Pts',(17.4679401144385,-45.4379269480705,0.));
#12095=CARTESIAN_POINT('Ctrl Pts',(17.4679401144385,-45.4379269480705,0.2));
#12096=CARTESIAN_POINT('Ctrl Pts',(17.5029311020186,-45.423694964484,0.));
#12097=CARTESIAN_POINT('Ctrl Pts',(17.5029311020186,-45.423694964484,0.2));
#12098=CARTESIAN_POINT('Ctrl Pts',(17.5668071041055,-45.3977144970508,0.));
#12099=CARTESIAN_POINT('Ctrl Pts',(17.5668071041055,-45.3977144970508,0.2));
#12100=CARTESIAN_POINT('Ctrl Pts',(17.6161565422511,-45.3497803728488,0.));
#12101=CARTESIAN_POINT('Ctrl Pts',(17.6161565422511,-45.3497803728488,0.2));
#12102=CARTESIAN_POINT('Ctrl Pts',(17.6384725794196,-45.3281043469906,0.));
#12103=CARTESIAN_POINT('Ctrl Pts',(17.6384725794196,-45.3281043469906,0.2));
#12104=CARTESIAN_POINT('',(17.4679401144385,-45.4379269480705,0.));
#12105=CARTESIAN_POINT('Ctrl Pts',(17.4679401144385,-45.4379269480705,0.));
#12106=CARTESIAN_POINT('Ctrl Pts',(17.5029311020186,-45.423694964484,0.));
#12107=CARTESIAN_POINT('Ctrl Pts',(17.5668071041055,-45.3977144970508,0.));
#12108=CARTESIAN_POINT('Ctrl Pts',(17.6161565422511,-45.3497803728488,0.));
#12109=CARTESIAN_POINT('Ctrl Pts',(17.6384725794196,-45.3281043469906,0.));
#12110=CARTESIAN_POINT('',(17.4679401144385,-45.4379269480705,0.2));
#12111=CARTESIAN_POINT('',(17.4679401144385,-45.4379269480705,0.));
#12112=CARTESIAN_POINT('Ctrl Pts',(17.4679401144385,-45.4379269480705,0.2));
#12113=CARTESIAN_POINT('Ctrl Pts',(17.5029311020186,-45.423694964484,0.2));
#12114=CARTESIAN_POINT('Ctrl Pts',(17.5668071041055,-45.3977144970508,0.2));
#12115=CARTESIAN_POINT('Ctrl Pts',(17.6161565422511,-45.3497803728488,0.2));
#12116=CARTESIAN_POINT('Ctrl Pts',(17.6384725794196,-45.3281043469906,0.2));
#12117=CARTESIAN_POINT('Ctrl Pts',(17.1664395555854,-45.4815831780434,0.));
#12118=CARTESIAN_POINT('Ctrl Pts',(17.1664395555854,-45.4815831780434,0.2));
#12119=CARTESIAN_POINT('Ctrl Pts',(17.2229016004431,-45.4806324111776,0.));
#12120=CARTESIAN_POINT('Ctrl Pts',(17.2229016004431,-45.4806324111776,0.2));
#12121=CARTESIAN_POINT('Ctrl Pts',(17.3253769406368,-45.4789068244004,0.));
#12122=CARTESIAN_POINT('Ctrl Pts',(17.3253769406368,-45.4789068244004,0.2));
#12123=CARTESIAN_POINT('Ctrl Pts',(17.4237629866956,-45.4506256919553,0.));
#12124=CARTESIAN_POINT('Ctrl Pts',(17.4237629866956,-45.4506256919553,0.2));
#12125=CARTESIAN_POINT('Ctrl Pts',(17.4679401144385,-45.4379269480705,0.));
#12126=CARTESIAN_POINT('Ctrl Pts',(17.4679401144385,-45.4379269480705,0.2));
#12127=CARTESIAN_POINT('',(17.1664395555854,-45.4815831780434,0.));
#12128=CARTESIAN_POINT('Ctrl Pts',(17.1664395555854,-45.4815831780434,0.));
#12129=CARTESIAN_POINT('Ctrl Pts',(17.2229016004431,-45.4806324111776,0.));
#12130=CARTESIAN_POINT('Ctrl Pts',(17.3253769406368,-45.4789068244004,0.));
#12131=CARTESIAN_POINT('Ctrl Pts',(17.4237629866956,-45.4506256919553,0.));
#12132=CARTESIAN_POINT('Ctrl Pts',(17.4679401144385,-45.4379269480705,0.));
#12133=CARTESIAN_POINT('',(17.1664395555854,-45.4815831780434,0.2));
#12134=CARTESIAN_POINT('',(17.1664395555854,-45.4815831780434,0.));
#12135=CARTESIAN_POINT('Ctrl Pts',(17.1664395555854,-45.4815831780434,0.2));
#12136=CARTESIAN_POINT('Ctrl Pts',(17.2229016004431,-45.4806324111776,0.2));
#12137=CARTESIAN_POINT('Ctrl Pts',(17.3253769406368,-45.4789068244004,0.2));
#12138=CARTESIAN_POINT('Ctrl Pts',(17.4237629866956,-45.4506256919553,0.2));
#12139=CARTESIAN_POINT('Ctrl Pts',(17.4679401144385,-45.4379269480705,0.2));
#12140=CARTESIAN_POINT('Ctrl Pts',(16.837653182447,-45.4304234683514,0.));
#12141=CARTESIAN_POINT('Ctrl Pts',(16.837653182447,-45.4304234683514,0.2));
#12142=CARTESIAN_POINT('Ctrl Pts',(16.8883593052133,-45.4453329745435,0.));
#12143=CARTESIAN_POINT('Ctrl Pts',(16.8883593052133,-45.4453329745435,0.2));
#12144=CARTESIAN_POINT('Ctrl Pts',(16.9956300889645,-45.476874617393,0.));
#12145=CARTESIAN_POINT('Ctrl Pts',(16.9956300889645,-45.476874617393,0.2));
#12146=CARTESIAN_POINT('Ctrl Pts',(17.1074670933811,-45.4799575338652,0.));
#12147=CARTESIAN_POINT('Ctrl Pts',(17.1074670933811,-45.4799575338652,0.2));
#12148=CARTESIAN_POINT('Ctrl Pts',(17.1664395555854,-45.4815831780434,0.));
#12149=CARTESIAN_POINT('Ctrl Pts',(17.1664395555854,-45.4815831780434,0.2));
#12150=CARTESIAN_POINT('',(16.837653182447,-45.4304234683514,0.));
#12151=CARTESIAN_POINT('Ctrl Pts',(16.837653182447,-45.4304234683514,0.));
#12152=CARTESIAN_POINT('Ctrl Pts',(16.8883593052133,-45.4453329745435,0.));
#12153=CARTESIAN_POINT('Ctrl Pts',(16.9956300889645,-45.476874617393,0.));
#12154=CARTESIAN_POINT('Ctrl Pts',(17.1074670933811,-45.4799575338652,0.));
#12155=CARTESIAN_POINT('Ctrl Pts',(17.1664395555854,-45.4815831780434,0.));
#12156=CARTESIAN_POINT('',(16.837653182447,-45.4304234683514,0.2));
#12157=CARTESIAN_POINT('',(16.837653182447,-45.4304234683514,0.));
#12158=CARTESIAN_POINT('Ctrl Pts',(16.837653182447,-45.4304234683514,0.2));
#12159=CARTESIAN_POINT('Ctrl Pts',(16.8883593052133,-45.4453329745435,0.2));
#12160=CARTESIAN_POINT('Ctrl Pts',(16.9956300889645,-45.476874617393,0.2));
#12161=CARTESIAN_POINT('Ctrl Pts',(17.1074670933811,-45.4799575338652,0.2));
#12162=CARTESIAN_POINT('Ctrl Pts',(17.1664395555854,-45.4815831780434,0.2));
#12163=CARTESIAN_POINT('Ctrl Pts',(16.6207363829017,-45.2844481170177,0.));
#12164=CARTESIAN_POINT('Ctrl Pts',(16.6207363829017,-45.2844481170177,0.2));
#12165=CARTESIAN_POINT('Ctrl Pts',(16.6497778409167,-45.3146649277399,0.));
#12166=CARTESIAN_POINT('Ctrl Pts',(16.6497778409167,-45.3146649277399,0.2));
#12167=CARTESIAN_POINT('Ctrl Pts',(16.7114556887436,-45.3788389734291,0.));
#12168=CARTESIAN_POINT('Ctrl Pts',(16.7114556887436,-45.3788389734291,0.2));
#12169=CARTESIAN_POINT('Ctrl Pts',(16.7939839475477,-45.4125732293346,0.));
#12170=CARTESIAN_POINT('Ctrl Pts',(16.7939839475477,-45.4125732293346,0.2));
#12171=CARTESIAN_POINT('Ctrl Pts',(16.837653182447,-45.4304234683514,0.));
#12172=CARTESIAN_POINT('Ctrl Pts',(16.837653182447,-45.4304234683514,0.2));
#12173=CARTESIAN_POINT('',(16.6207363829017,-45.2844481170177,0.));
#12174=CARTESIAN_POINT('Ctrl Pts',(16.6207363829017,-45.2844481170177,0.));
#12175=CARTESIAN_POINT('Ctrl Pts',(16.6497778409167,-45.3146649277399,0.));
#12176=CARTESIAN_POINT('Ctrl Pts',(16.7114556887436,-45.3788389734291,0.));
#12177=CARTESIAN_POINT('Ctrl Pts',(16.7939839475477,-45.4125732293346,0.));
#12178=CARTESIAN_POINT('Ctrl Pts',(16.837653182447,-45.4304234683514,0.));
#12179=CARTESIAN_POINT('',(16.6207363829017,-45.2844481170177,0.2));
#12180=CARTESIAN_POINT('',(16.6207363829017,-45.2844481170177,0.));
#12181=CARTESIAN_POINT('Ctrl Pts',(16.6207363829017,-45.2844481170177,0.2));
#12182=CARTESIAN_POINT('Ctrl Pts',(16.6497778409167,-45.3146649277399,0.2));
#12183=CARTESIAN_POINT('Ctrl Pts',(16.7114556887436,-45.3788389734291,0.2));
#12184=CARTESIAN_POINT('Ctrl Pts',(16.7939839475477,-45.4125732293346,0.2));
#12185=CARTESIAN_POINT('Ctrl Pts',(16.837653182447,-45.4304234683514,0.2));
#12186=CARTESIAN_POINT('Ctrl Pts',(16.5129604563117,-45.0354713201523,0.));
#12187=CARTESIAN_POINT('Ctrl Pts',(16.5129604563117,-45.0354713201523,0.2));
#12188=CARTESIAN_POINT('Ctrl Pts',(16.5246716461248,-45.0831190560344,0.));
#12189=CARTESIAN_POINT('Ctrl Pts',(16.5246716461248,-45.0831190560344,0.2));
#12190=CARTESIAN_POINT('Ctrl Pts',(16.5465925158785,-45.1723055374258,0.));
#12191=CARTESIAN_POINT('Ctrl Pts',(16.5465925158785,-45.1723055374258,0.2));
#12192=CARTESIAN_POINT('Ctrl Pts',(16.5971767127724,-45.2488141220738,0.));
#12193=CARTESIAN_POINT('Ctrl Pts',(16.5971767127724,-45.2488141220738,0.2));
#12194=CARTESIAN_POINT('Ctrl Pts',(16.6207363829017,-45.2844481170177,0.));
#12195=CARTESIAN_POINT('Ctrl Pts',(16.6207363829017,-45.2844481170177,0.2));
#12196=CARTESIAN_POINT('',(16.5129604563117,-45.0354713201523,0.));
#12197=CARTESIAN_POINT('Ctrl Pts',(16.5129604563117,-45.0354713201523,0.));
#12198=CARTESIAN_POINT('Ctrl Pts',(16.5246716461248,-45.0831190560344,0.));
#12199=CARTESIAN_POINT('Ctrl Pts',(16.5465925158785,-45.1723055374258,0.));
#12200=CARTESIAN_POINT('Ctrl Pts',(16.5971767127724,-45.2488141220738,0.));
#12201=CARTESIAN_POINT('Ctrl Pts',(16.6207363829017,-45.2844481170177,0.));
#12202=CARTESIAN_POINT('',(16.5129604563117,-45.0354713201523,0.2));
#12203=CARTESIAN_POINT('',(16.5129604563117,-45.0354713201523,0.));
#12204=CARTESIAN_POINT('Ctrl Pts',(16.5129604563117,-45.0354713201523,0.2));
#12205=CARTESIAN_POINT('Ctrl Pts',(16.5246716461248,-45.0831190560344,0.2));
#12206=CARTESIAN_POINT('Ctrl Pts',(16.5465925158785,-45.1723055374258,0.2));
#12207=CARTESIAN_POINT('Ctrl Pts',(16.5971767127724,-45.2488141220738,0.2));
#12208=CARTESIAN_POINT('Ctrl Pts',(16.6207363829017,-45.2844481170177,0.2));
#12209=CARTESIAN_POINT('Origin',(16.7530694231391,-45.0027291476727,0.));
#12210=CARTESIAN_POINT('',(16.7530694231391,-45.0027291476727,0.));
#12211=CARTESIAN_POINT('',(20.5604257528857,-44.483543549204,0.));
#12212=CARTESIAN_POINT('',(16.7530694231391,-45.0027291476727,0.2));
#12213=CARTESIAN_POINT('',(16.7530694231391,-45.0027291476727,0.));
#12214=CARTESIAN_POINT('',(16.7530694231391,-45.0027291476727,0.2));
#12215=CARTESIAN_POINT('Ctrl Pts',(16.8751707300544,-45.2175995707512,0.));
#12216=CARTESIAN_POINT('Ctrl Pts',(16.8751707300544,-45.2175995707512,0.2));
#12217=CARTESIAN_POINT('Ctrl Pts',(16.8488791316386,-45.1909804021618,0.));
#12218=CARTESIAN_POINT('Ctrl Pts',(16.8488791316386,-45.1909804021618,0.2));
#12219=CARTESIAN_POINT('Ctrl Pts',(16.7892608637178,-45.1306193431007,0.));
#12220=CARTESIAN_POINT('Ctrl Pts',(16.7892608637178,-45.1306193431007,0.2));
#12221=CARTESIAN_POINT('Ctrl Pts',(16.7660463556379,-45.0485859139905,0.));
#12222=CARTESIAN_POINT('Ctrl Pts',(16.7660463556379,-45.0485859139905,0.2));
#12223=CARTESIAN_POINT('Ctrl Pts',(16.7530694231391,-45.0027291476727,0.));
#12224=CARTESIAN_POINT('Ctrl Pts',(16.7530694231391,-45.0027291476727,0.2));
#12225=CARTESIAN_POINT('',(16.8751707300544,-45.2175995707512,0.));
#12226=CARTESIAN_POINT('Ctrl Pts',(16.8751707300544,-45.2175995707512,0.));
#12227=CARTESIAN_POINT('Ctrl Pts',(16.8488791316386,-45.1909804021618,0.));
#12228=CARTESIAN_POINT('Ctrl Pts',(16.7892608637178,-45.1306193431007,0.));
#12229=CARTESIAN_POINT('Ctrl Pts',(16.7660463556379,-45.0485859139905,0.));
#12230=CARTESIAN_POINT('Ctrl Pts',(16.7530694231391,-45.0027291476727,0.));
#12231=CARTESIAN_POINT('',(16.8751707300544,-45.2175995707512,0.2));
#12232=CARTESIAN_POINT('',(16.8751707300544,-45.2175995707512,0.));
#12233=CARTESIAN_POINT('Ctrl Pts',(16.8751707300544,-45.2175995707512,0.2));
#12234=CARTESIAN_POINT('Ctrl Pts',(16.8488791316386,-45.1909804021618,0.2));
#12235=CARTESIAN_POINT('Ctrl Pts',(16.7892608637178,-45.1306193431007,0.2));
#12236=CARTESIAN_POINT('Ctrl Pts',(16.7660463556379,-45.0485859139905,0.2));
#12237=CARTESIAN_POINT('Ctrl Pts',(16.7530694231391,-45.0027291476727,0.2));
#12238=CARTESIAN_POINT('Ctrl Pts',(17.1309688314795,-45.2783089876175,0.));
#12239=CARTESIAN_POINT('Ctrl Pts',(17.1309688314795,-45.2783089876175,0.2));
#12240=CARTESIAN_POINT('Ctrl Pts',(17.0796673254841,-45.2775104214638,0.));
#12241=CARTESIAN_POINT('Ctrl Pts',(17.0796673254841,-45.2775104214638,0.2));
#12242=CARTESIAN_POINT('Ctrl Pts',(16.9895034496787,-45.276106918426,0.));
#12243=CARTESIAN_POINT('Ctrl Pts',(16.9895034496787,-45.276106918426,0.2));
#12244=CARTESIAN_POINT('Ctrl Pts',(16.9096074480277,-45.2352218317966,0.));
#12245=CARTESIAN_POINT('Ctrl Pts',(16.9096074480277,-45.2352218317966,0.2));
#12246=CARTESIAN_POINT('Ctrl Pts',(16.8751707300544,-45.2175995707512,0.));
#12247=CARTESIAN_POINT('Ctrl Pts',(16.8751707300544,-45.2175995707512,0.2));
#12248=CARTESIAN_POINT('',(17.1309688314795,-45.2783089876175,0.));
#12249=CARTESIAN_POINT('Ctrl Pts',(17.1309688314795,-45.2783089876175,0.));
#12250=CARTESIAN_POINT('Ctrl Pts',(17.0796673254841,-45.2775104214638,0.));
#12251=CARTESIAN_POINT('Ctrl Pts',(16.9895034496787,-45.276106918426,0.));
#12252=CARTESIAN_POINT('Ctrl Pts',(16.9096074480277,-45.2352218317966,0.));
#12253=CARTESIAN_POINT('Ctrl Pts',(16.8751707300544,-45.2175995707512,0.));
#12254=CARTESIAN_POINT('',(17.1309688314795,-45.2783089876175,0.2));
#12255=CARTESIAN_POINT('',(17.1309688314795,-45.2783089876175,0.));
#12256=CARTESIAN_POINT('Ctrl Pts',(17.1309688314795,-45.2783089876175,0.2));
#12257=CARTESIAN_POINT('Ctrl Pts',(17.0796673254841,-45.2775104214638,0.2));
#12258=CARTESIAN_POINT('Ctrl Pts',(16.9895034496787,-45.276106918426,0.2));
#12259=CARTESIAN_POINT('Ctrl Pts',(16.9096074480277,-45.2352218317966,0.2));
#12260=CARTESIAN_POINT('Ctrl Pts',(16.8751707300544,-45.2175995707512,0.2));
#12261=CARTESIAN_POINT('Ctrl Pts',(17.4106409773231,-45.1950892806053,0.));
#12262=CARTESIAN_POINT('Ctrl Pts',(17.4106409773231,-45.1950892806053,0.2));
#12263=CARTESIAN_POINT('Ctrl Pts',(17.3727291682388,-45.2192912988548,0.));
#12264=CARTESIAN_POINT('Ctrl Pts',(17.3727291682388,-45.2192912988548,0.2));
#12265=CARTESIAN_POINT('Ctrl Pts',(17.2879221687891,-45.2734301172848,0.));
#12266=CARTESIAN_POINT('Ctrl Pts',(17.2879221687891,-45.2734301172848,0.2));
#12267=CARTESIAN_POINT('Ctrl Pts',(17.1868551963301,-45.2765717685679,0.));
#12268=CARTESIAN_POINT('Ctrl Pts',(17.1868551963301,-45.2765717685679,0.2));
#12269=CARTESIAN_POINT('Ctrl Pts',(17.1309688314795,-45.2783089876175,0.));
#12270=CARTESIAN_POINT('Ctrl Pts',(17.1309688314795,-45.2783089876175,0.2));
#12271=CARTESIAN_POINT('',(17.4106409773231,-45.1950892806053,0.));
#12272=CARTESIAN_POINT('Ctrl Pts',(17.4106409773231,-45.1950892806053,0.));
#12273=CARTESIAN_POINT('Ctrl Pts',(17.3727291682388,-45.2192912988548,0.));
#12274=CARTESIAN_POINT('Ctrl Pts',(17.2879221687891,-45.2734301172848,0.));
#12275=CARTESIAN_POINT('Ctrl Pts',(17.1868551963301,-45.2765717685679,0.));
#12276=CARTESIAN_POINT('Ctrl Pts',(17.1309688314795,-45.2783089876175,0.));
#12277=CARTESIAN_POINT('',(17.4106409773231,-45.1950892806053,0.2));
#12278=CARTESIAN_POINT('',(17.4106409773231,-45.1950892806053,0.));
#12279=CARTESIAN_POINT('Ctrl Pts',(17.4106409773231,-45.1950892806053,0.2));
#12280=CARTESIAN_POINT('Ctrl Pts',(17.3727291682388,-45.2192912988548,0.2));
#12281=CARTESIAN_POINT('Ctrl Pts',(17.2879221687891,-45.2734301172848,0.2));
#12282=CARTESIAN_POINT('Ctrl Pts',(17.1868551963301,-45.2765717685679,0.2));
#12283=CARTESIAN_POINT('Ctrl Pts',(17.1309688314795,-45.2783089876175,0.2));
#12284=CARTESIAN_POINT('Ctrl Pts',(17.4802186712623,-44.9836295843124,0.));
#12285=CARTESIAN_POINT('Ctrl Pts',(17.4802186712623,-44.9836295843124,0.2));
#12286=CARTESIAN_POINT('Ctrl Pts',(17.4792386603195,-45.0280034527025,0.));
#12287=CARTESIAN_POINT('Ctrl Pts',(17.4792386603195,-45.0280034527025,0.2));
#12288=CARTESIAN_POINT('Ctrl Pts',(17.4775106682993,-45.106245120352,0.));
#12289=CARTESIAN_POINT('Ctrl Pts',(17.4775106682993,-45.106245120352,0.2));
#12290=CARTESIAN_POINT('Ctrl Pts',(17.4308420302133,-45.1682498328067,0.));
#12291=CARTESIAN_POINT('Ctrl Pts',(17.4308420302133,-45.1682498328067,0.2));
#12292=CARTESIAN_POINT('Ctrl Pts',(17.4106409773231,-45.1950892806053,0.));
#12293=CARTESIAN_POINT('Ctrl Pts',(17.4106409773231,-45.1950892806053,0.2));
#12294=CARTESIAN_POINT('',(17.4802186712623,-44.9836295843124,0.));
#12295=CARTESIAN_POINT('Ctrl Pts',(17.4802186712623,-44.9836295843124,0.));
#12296=CARTESIAN_POINT('Ctrl Pts',(17.4792386603195,-45.0280034527025,0.));
#12297=CARTESIAN_POINT('Ctrl Pts',(17.4775106682993,-45.106245120352,0.));
#12298=CARTESIAN_POINT('Ctrl Pts',(17.4308420302133,-45.1682498328067,0.));
#12299=CARTESIAN_POINT('Ctrl Pts',(17.4106409773231,-45.1950892806053,0.));
#12300=CARTESIAN_POINT('',(17.4802186712623,-44.9836295843124,0.2));
#12301=CARTESIAN_POINT('',(17.4802186712623,-44.9836295843124,0.));
#12302=CARTESIAN_POINT('Ctrl Pts',(17.4802186712623,-44.9836295843124,0.2));
#12303=CARTESIAN_POINT('Ctrl Pts',(17.4792386603195,-45.0280034527025,0.2));
#12304=CARTESIAN_POINT('Ctrl Pts',(17.4775106682993,-45.106245120352,0.2));
#12305=CARTESIAN_POINT('Ctrl Pts',(17.4308420302133,-45.1682498328067,0.2));
#12306=CARTESIAN_POINT('Ctrl Pts',(17.4106409773231,-45.1950892806053,0.2));
#12307=CARTESIAN_POINT('Ctrl Pts',(17.4788537248969,-44.9195095896721,0.));
#12308=CARTESIAN_POINT('Ctrl Pts',(17.4788537248969,-44.9195095896721,0.2));
#12309=CARTESIAN_POINT('Ctrl Pts',(17.4792388470659,-44.9332649751214,0.));
#12310=CARTESIAN_POINT('Ctrl Pts',(17.4792388470659,-44.9332649751214,0.2));
#12311=CARTESIAN_POINT('Ctrl Pts',(17.4798371761428,-44.9546354589309,0.));
#12312=CARTESIAN_POINT('Ctrl Pts',(17.4798371761428,-44.9546354589309,0.2));
#12313=CARTESIAN_POINT('Ctrl Pts',(17.4801184447827,-44.9760122414779,0.));
#12314=CARTESIAN_POINT('Ctrl Pts',(17.4801184447827,-44.9760122414779,0.2));
#12315=CARTESIAN_POINT('Ctrl Pts',(17.4802186712623,-44.9836295843124,0.));
#12316=CARTESIAN_POINT('Ctrl Pts',(17.4802186712623,-44.9836295843124,0.2));
#12317=CARTESIAN_POINT('',(17.4788537248969,-44.9195095896721,0.));
#12318=CARTESIAN_POINT('Ctrl Pts',(17.4788537248969,-44.9195095896721,0.));
#12319=CARTESIAN_POINT('Ctrl Pts',(17.4792388470659,-44.9332649751214,0.));
#12320=CARTESIAN_POINT('Ctrl Pts',(17.4798371761428,-44.9546354589309,0.));
#12321=CARTESIAN_POINT('Ctrl Pts',(17.4801184447827,-44.9760122414779,0.));
#12322=CARTESIAN_POINT('Ctrl Pts',(17.4802186712623,-44.9836295843124,0.));
#12323=CARTESIAN_POINT('',(17.4788537248969,-44.9195095896721,0.2));
#12324=CARTESIAN_POINT('',(17.4788537248969,-44.9195095896721,0.));
#12325=CARTESIAN_POINT('Ctrl Pts',(17.4788537248969,-44.9195095896721,0.2));
#12326=CARTESIAN_POINT('Ctrl Pts',(17.4792388470659,-44.9332649751214,0.2));
#12327=CARTESIAN_POINT('Ctrl Pts',(17.4798371761428,-44.9546354589309,0.2));
#12328=CARTESIAN_POINT('Ctrl Pts',(17.4801184447827,-44.9760122414779,0.2));
#12329=CARTESIAN_POINT('Ctrl Pts',(17.4802186712623,-44.9836295843124,0.2));
#12330=CARTESIAN_POINT('Ctrl Pts',(17.0409276708961,-44.834925532341,0.));
#12331=CARTESIAN_POINT('Ctrl Pts',(17.0409276708961,-44.834925532341,0.2));
#12332=CARTESIAN_POINT('Ctrl Pts',(17.127490175084,-44.8454049369437,0.));
#12333=CARTESIAN_POINT('Ctrl Pts',(17.127490175084,-44.8454049369437,0.2));
#12334=CARTESIAN_POINT('Ctrl Pts',(17.2755394721515,-44.8633280377097,0.));
#12335=CARTESIAN_POINT('Ctrl Pts',(17.2755394721515,-44.8633280377097,0.2));
#12336=CARTESIAN_POINT('Ctrl Pts',(17.419192683445,-44.9030235349307,0.));
#12337=CARTESIAN_POINT('Ctrl Pts',(17.419192683445,-44.9030235349307,0.2));
#12338=CARTESIAN_POINT('Ctrl Pts',(17.4788537248969,-44.9195095896721,0.));
#12339=CARTESIAN_POINT('Ctrl Pts',(17.4788537248969,-44.9195095896721,0.2));
#12340=CARTESIAN_POINT('',(17.0409276708961,-44.834925532341,0.));
#12341=CARTESIAN_POINT('Ctrl Pts',(17.0409276708961,-44.834925532341,0.));
#12342=CARTESIAN_POINT('Ctrl Pts',(17.127490175084,-44.8454049369437,0.));
#12343=CARTESIAN_POINT('Ctrl Pts',(17.2755394721515,-44.8633280377097,0.));
#12344=CARTESIAN_POINT('Ctrl Pts',(17.419192683445,-44.9030235349307,0.));
#12345=CARTESIAN_POINT('Ctrl Pts',(17.4788537248969,-44.9195095896721,0.));
#12346=CARTESIAN_POINT('',(17.0409276708961,-44.834925532341,0.2));
#12347=CARTESIAN_POINT('',(17.0409276708961,-44.834925532341,0.));
#12348=CARTESIAN_POINT('Ctrl Pts',(17.0409276708961,-44.834925532341,0.2));
#12349=CARTESIAN_POINT('Ctrl Pts',(17.127490175084,-44.8454049369437,0.2));
#12350=CARTESIAN_POINT('Ctrl Pts',(17.2755394721515,-44.8633280377097,0.2));
#12351=CARTESIAN_POINT('Ctrl Pts',(17.419192683445,-44.9030235349307,0.2));
#12352=CARTESIAN_POINT('Ctrl Pts',(17.4788537248969,-44.9195095896721,0.2));
#12353=CARTESIAN_POINT('Ctrl Pts',(16.8226471170783,-44.7980907559395,0.));
#12354=CARTESIAN_POINT('Ctrl Pts',(16.8226471170783,-44.7980907559395,0.2));
#12355=CARTESIAN_POINT('Ctrl Pts',(16.8528182337605,-44.8047451433781,0.));
#12356=CARTESIAN_POINT('Ctrl Pts',(16.8528182337605,-44.8047451433781,0.2));
#12357=CARTESIAN_POINT('Ctrl Pts',(16.9249465805754,-44.8206534032569,0.));
#12358=CARTESIAN_POINT('Ctrl Pts',(16.9249465805754,-44.8206534032569,0.2));
#12359=CARTESIAN_POINT('Ctrl Pts',(16.998273328184,-44.8296766742426,0.));
#12360=CARTESIAN_POINT('Ctrl Pts',(16.998273328184,-44.8296766742426,0.2));
#12361=CARTESIAN_POINT('Ctrl Pts',(17.0409276708961,-44.834925532341,0.));
#12362=CARTESIAN_POINT('Ctrl Pts',(17.0409276708961,-44.834925532341,0.2));
#12363=CARTESIAN_POINT('',(16.8226471170783,-44.7980907559395,0.));
#12364=CARTESIAN_POINT('Ctrl Pts',(16.8226471170783,-44.7980907559395,0.));
#12365=CARTESIAN_POINT('Ctrl Pts',(16.8528182337605,-44.8047451433781,0.));
#12366=CARTESIAN_POINT('Ctrl Pts',(16.9249465805754,-44.8206534032569,0.));
#12367=CARTESIAN_POINT('Ctrl Pts',(16.998273328184,-44.8296766742426,0.));
#12368=CARTESIAN_POINT('Ctrl Pts',(17.0409276708961,-44.834925532341,0.));
#12369=CARTESIAN_POINT('',(16.8226471170783,-44.7980907559395,0.2));
#12370=CARTESIAN_POINT('',(16.8226471170783,-44.7980907559395,0.));
#12371=CARTESIAN_POINT('Ctrl Pts',(16.8226471170783,-44.7980907559395,0.2));
#12372=CARTESIAN_POINT('Ctrl Pts',(16.8528182337605,-44.8047451433781,0.2));
#12373=CARTESIAN_POINT('Ctrl Pts',(16.9249465805754,-44.8206534032569,0.2));
#12374=CARTESIAN_POINT('Ctrl Pts',(16.998273328184,-44.8296766742426,0.2));
#12375=CARTESIAN_POINT('Ctrl Pts',(17.0409276708961,-44.834925532341,0.2));
#12376=CARTESIAN_POINT('Ctrl Pts',(16.6459753736854,-44.7175994515419,0.));
#12377=CARTESIAN_POINT('Ctrl Pts',(16.6459753736854,-44.7175994515419,0.2));
#12378=CARTESIAN_POINT('Ctrl Pts',(16.6732412863514,-44.7343353702048,0.));
#12379=CARTESIAN_POINT('Ctrl Pts',(16.6732412863514,-44.7343353702048,0.2));
#12380=CARTESIAN_POINT('Ctrl Pts',(16.7288043206887,-44.7684401674556,0.));
#12381=CARTESIAN_POINT('Ctrl Pts',(16.7288043206887,-44.7684401674556,0.2));
#12382=CARTESIAN_POINT('Ctrl Pts',(16.7909815305376,-44.7880856909612,0.));
#12383=CARTESIAN_POINT('Ctrl Pts',(16.7909815305376,-44.7880856909612,0.2));
#12384=CARTESIAN_POINT('Ctrl Pts',(16.8226471170783,-44.7980907559395,0.));
#12385=CARTESIAN_POINT('Ctrl Pts',(16.8226471170783,-44.7980907559395,0.2));
#12386=CARTESIAN_POINT('',(16.6459753736854,-44.7175994515419,0.));
#12387=CARTESIAN_POINT('Ctrl Pts',(16.6459753736854,-44.7175994515419,0.));
#12388=CARTESIAN_POINT('Ctrl Pts',(16.6732412863514,-44.7343353702048,0.));
#12389=CARTESIAN_POINT('Ctrl Pts',(16.7288043206887,-44.7684401674556,0.));
#12390=CARTESIAN_POINT('Ctrl Pts',(16.7909815305376,-44.7880856909612,0.));
#12391=CARTESIAN_POINT('Ctrl Pts',(16.8226471170783,-44.7980907559395,0.));
#12392=CARTESIAN_POINT('',(16.6459753736854,-44.7175994515419,0.2));
#12393=CARTESIAN_POINT('',(16.6459753736854,-44.7175994515419,0.));
#12394=CARTESIAN_POINT('Ctrl Pts',(16.6459753736854,-44.7175994515419,0.2));
#12395=CARTESIAN_POINT('Ctrl Pts',(16.6732412863514,-44.7343353702048,0.2));
#12396=CARTESIAN_POINT('Ctrl Pts',(16.7288043206887,-44.7684401674556,0.2));
#12397=CARTESIAN_POINT('Ctrl Pts',(16.7909815305376,-44.7880856909612,0.2));
#12398=CARTESIAN_POINT('Ctrl Pts',(16.8226471170783,-44.7980907559395,0.2));
#12399=CARTESIAN_POINT('Ctrl Pts',(16.5190997347236,-44.5763990283012,0.));
#12400=CARTESIAN_POINT('Ctrl Pts',(16.5190997347236,-44.5763990283012,0.2));
#12401=CARTESIAN_POINT('Ctrl Pts',(16.5362909540375,-44.6041422766006,0.));
#12402=CARTESIAN_POINT('Ctrl Pts',(16.5362909540375,-44.6041422766006,0.2));
#12403=CARTESIAN_POINT('Ctrl Pts',(16.5701619127602,-44.658803345186,0.));
#12404=CARTESIAN_POINT('Ctrl Pts',(16.5701619127602,-44.658803345186,0.2));
#12405=CARTESIAN_POINT('Ctrl Pts',(16.6209599175462,-44.6981990521702,0.));
#12406=CARTESIAN_POINT('Ctrl Pts',(16.6209599175462,-44.6981990521702,0.2));
#12407=CARTESIAN_POINT('Ctrl Pts',(16.6459753736854,-44.7175994515419,0.));
#12408=CARTESIAN_POINT('Ctrl Pts',(16.6459753736854,-44.7175994515419,0.2));
#12409=CARTESIAN_POINT('',(16.5190997347236,-44.5763990283012,0.));
#12410=CARTESIAN_POINT('Ctrl Pts',(16.5190997347236,-44.5763990283012,0.));
#12411=CARTESIAN_POINT('Ctrl Pts',(16.5362909540375,-44.6041422766006,0.));
#12412=CARTESIAN_POINT('Ctrl Pts',(16.5701619127602,-44.658803345186,0.));
#12413=CARTESIAN_POINT('Ctrl Pts',(16.6209599175462,-44.6981990521702,0.));
#12414=CARTESIAN_POINT('Ctrl Pts',(16.6459753736854,-44.7175994515419,0.));
#12415=CARTESIAN_POINT('',(16.5190997347236,-44.5763990283012,0.2));
#12416=CARTESIAN_POINT('',(16.5190997347236,-44.5763990283012,0.));
#12417=CARTESIAN_POINT('Ctrl Pts',(16.5190997347236,-44.5763990283012,0.2));
#12418=CARTESIAN_POINT('Ctrl Pts',(16.5362909540375,-44.6041422766006,0.2));
#12419=CARTESIAN_POINT('Ctrl Pts',(16.5701619127602,-44.658803345186,0.2));
#12420=CARTESIAN_POINT('Ctrl Pts',(16.6209599175462,-44.6981990521702,0.2));
#12421=CARTESIAN_POINT('Ctrl Pts',(16.6459753736854,-44.7175994515419,0.2));
#12422=CARTESIAN_POINT('Ctrl Pts',(16.4706685766578,-44.3819925189018,0.));
#12423=CARTESIAN_POINT('Ctrl Pts',(16.4706685766578,-44.3819925189018,0.2));
#12424=CARTESIAN_POINT('Ctrl Pts',(16.4725617232036,-44.416466640487,0.));
#12425=CARTESIAN_POINT('Ctrl Pts',(16.4725617232036,-44.416466640487,0.2));
#12426=CARTESIAN_POINT('Ctrl Pts',(16.4762915715827,-44.4843870277356,0.));
#12427=CARTESIAN_POINT('Ctrl Pts',(16.4762915715827,-44.4843870277356,0.2));
#12428=CARTESIAN_POINT('Ctrl Pts',(16.5049750383284,-44.5460393614213,0.));
#12429=CARTESIAN_POINT('Ctrl Pts',(16.5049750383284,-44.5460393614213,0.2));
#12430=CARTESIAN_POINT('Ctrl Pts',(16.5190997347236,-44.5763990283012,0.));
#12431=CARTESIAN_POINT('Ctrl Pts',(16.5190997347236,-44.5763990283012,0.2));
#12432=CARTESIAN_POINT('',(16.4706685766578,-44.3819925189018,0.));
#12433=CARTESIAN_POINT('Ctrl Pts',(16.4706685766578,-44.3819925189018,0.));
#12434=CARTESIAN_POINT('Ctrl Pts',(16.4725617232036,-44.416466640487,0.));
#12435=CARTESIAN_POINT('Ctrl Pts',(16.4762915715827,-44.4843870277356,0.));
#12436=CARTESIAN_POINT('Ctrl Pts',(16.5049750383284,-44.5460393614213,0.));
#12437=CARTESIAN_POINT('Ctrl Pts',(16.5190997347236,-44.5763990283012,0.));
#12438=CARTESIAN_POINT('',(16.4706685766578,-44.3819925189018,0.2));
#12439=CARTESIAN_POINT('',(16.4706685766578,-44.3819925189018,0.));
#12440=CARTESIAN_POINT('Ctrl Pts',(16.4706685766578,-44.3819925189018,0.2));
#12441=CARTESIAN_POINT('Ctrl Pts',(16.4725617232036,-44.416466640487,0.2));
#12442=CARTESIAN_POINT('Ctrl Pts',(16.4762915715827,-44.4843870277356,0.2));
#12443=CARTESIAN_POINT('Ctrl Pts',(16.5049750383284,-44.5460393614213,0.2));
#12444=CARTESIAN_POINT('Ctrl Pts',(16.5190997347236,-44.5763990283012,0.2));
#12445=CARTESIAN_POINT('Ctrl Pts',(16.5989091619849,-44.0839023888111,0.));
#12446=CARTESIAN_POINT('Ctrl Pts',(16.5989091619849,-44.0839023888111,0.2));
#12447=CARTESIAN_POINT('Ctrl Pts',(16.5615074404796,-44.1258676781336,0.));
#12448=CARTESIAN_POINT('Ctrl Pts',(16.5615074404796,-44.1258676781336,0.2));
#12449=CARTESIAN_POINT('Ctrl Pts',(16.4857188371342,-44.2109036213665,0.));
#12450=CARTESIAN_POINT('Ctrl Pts',(16.4857188371342,-44.2109036213665,0.2));
#12451=CARTESIAN_POINT('Ctrl Pts',(16.4757286170827,-44.324470807624,0.));
#12452=CARTESIAN_POINT('Ctrl Pts',(16.4757286170827,-44.324470807624,0.2));
#12453=CARTESIAN_POINT('Ctrl Pts',(16.4706685766578,-44.3819925189018,0.));
#12454=CARTESIAN_POINT('Ctrl Pts',(16.4706685766578,-44.3819925189018,0.2));
#12455=CARTESIAN_POINT('',(16.5989091619849,-44.0839023888111,0.));
#12456=CARTESIAN_POINT('Ctrl Pts',(16.5989091619849,-44.0839023888111,0.));
#12457=CARTESIAN_POINT('Ctrl Pts',(16.5615074404796,-44.1258676781336,0.));
#12458=CARTESIAN_POINT('Ctrl Pts',(16.4857188371342,-44.2109036213665,0.));
#12459=CARTESIAN_POINT('Ctrl Pts',(16.4757286170827,-44.324470807624,0.));
#12460=CARTESIAN_POINT('Ctrl Pts',(16.4706685766578,-44.3819925189018,0.));
#12461=CARTESIAN_POINT('',(16.5989091619849,-44.0839023888111,0.2));
#12462=CARTESIAN_POINT('',(16.5989091619849,-44.0839023888111,0.));
#12463=CARTESIAN_POINT('Ctrl Pts',(16.5989091619849,-44.0839023888111,0.2));
#12464=CARTESIAN_POINT('Ctrl Pts',(16.5615074404796,-44.1258676781336,0.2));
#12465=CARTESIAN_POINT('Ctrl Pts',(16.4857188371342,-44.2109036213665,0.2));
#12466=CARTESIAN_POINT('Ctrl Pts',(16.4757286170827,-44.324470807624,0.2));
#12467=CARTESIAN_POINT('Ctrl Pts',(16.4706685766578,-44.3819925189018,0.2));
#12468=CARTESIAN_POINT('Ctrl Pts',(16.9658937677741,-43.9672586321831,0.));
#12469=CARTESIAN_POINT('Ctrl Pts',(16.9658937677741,-43.9672586321831,0.2));
#12470=CARTESIAN_POINT('Ctrl Pts',(16.8932305123,-43.9701668552681,0.));
#12471=CARTESIAN_POINT('Ctrl Pts',(16.8932305123,-43.9701668552681,0.2));
#12472=CARTESIAN_POINT('Ctrl Pts',(16.7596271599416,-43.9755141019753,0.));
#12473=CARTESIAN_POINT('Ctrl Pts',(16.7596271599416,-43.9755141019753,0.2));
#12474=CARTESIAN_POINT('Ctrl Pts',(16.6492535472863,-44.0499501137455,0.));
#12475=CARTESIAN_POINT('Ctrl Pts',(16.6492535472863,-44.0499501137455,0.2));
#12476=CARTESIAN_POINT('Ctrl Pts',(16.5989091619849,-44.0839023888111,0.));
#12477=CARTESIAN_POINT('Ctrl Pts',(16.5989091619849,-44.0839023888111,0.2));
#12478=CARTESIAN_POINT('',(16.9658937677741,-43.9672586321831,0.));
#12479=CARTESIAN_POINT('Ctrl Pts',(16.9658937677741,-43.9672586321831,0.));
#12480=CARTESIAN_POINT('Ctrl Pts',(16.8932305123,-43.9701668552681,0.));
#12481=CARTESIAN_POINT('Ctrl Pts',(16.7596271599416,-43.9755141019753,0.));
#12482=CARTESIAN_POINT('Ctrl Pts',(16.6492535472863,-44.0499501137455,0.));
#12483=CARTESIAN_POINT('Ctrl Pts',(16.5989091619849,-44.0839023888111,0.));
#12484=CARTESIAN_POINT('',(16.9658937677741,-43.9672586321831,0.2));
#12485=CARTESIAN_POINT('',(16.9658937677741,-43.9672586321831,0.));
#12486=CARTESIAN_POINT('Ctrl Pts',(16.9658937677741,-43.9672586321831,0.2));
#12487=CARTESIAN_POINT('Ctrl Pts',(16.8932305123,-43.9701668552681,0.2));
#12488=CARTESIAN_POINT('Ctrl Pts',(16.7596271599416,-43.9755141019753,0.2));
#12489=CARTESIAN_POINT('Ctrl Pts',(16.6492535472863,-44.0499501137455,0.2));
#12490=CARTESIAN_POINT('Ctrl Pts',(16.5989091619849,-44.0839023888111,0.2));
#12491=CARTESIAN_POINT('Ctrl Pts',(17.2366991266608,-44.0150076150894,0.));
#12492=CARTESIAN_POINT('Ctrl Pts',(17.2366991266608,-44.0150076150894,0.2));
#12493=CARTESIAN_POINT('Ctrl Pts',(17.1934538260372,-44.0010820984675,0.));
#12494=CARTESIAN_POINT('Ctrl Pts',(17.1934538260372,-44.0010820984675,0.2));
#12495=CARTESIAN_POINT('Ctrl Pts',(17.1053993333595,-43.972727473023,0.));
#12496=CARTESIAN_POINT('Ctrl Pts',(17.1053993333595,-43.972727473023,0.2));
#12497=CARTESIAN_POINT('Ctrl Pts',(17.012942979856,-43.9691030363933,0.));
#12498=CARTESIAN_POINT('Ctrl Pts',(17.012942979856,-43.9691030363933,0.2));
#12499=CARTESIAN_POINT('Ctrl Pts',(16.9658937677741,-43.9672586321831,0.));
#12500=CARTESIAN_POINT('Ctrl Pts',(16.9658937677741,-43.9672586321831,0.2));
#12501=CARTESIAN_POINT('',(17.2366991266608,-44.0150076150894,0.));
#12502=CARTESIAN_POINT('Ctrl Pts',(17.2366991266608,-44.0150076150894,0.));
#12503=CARTESIAN_POINT('Ctrl Pts',(17.1934538260372,-44.0010820984675,0.));
#12504=CARTESIAN_POINT('Ctrl Pts',(17.1053993333595,-43.972727473023,0.));
#12505=CARTESIAN_POINT('Ctrl Pts',(17.012942979856,-43.9691030363933,0.));
#12506=CARTESIAN_POINT('Ctrl Pts',(16.9658937677741,-43.9672586321831,0.));
#12507=CARTESIAN_POINT('',(17.2366991266608,-44.0150076150894,0.2));
#12508=CARTESIAN_POINT('',(17.2366991266608,-44.0150076150894,0.));
#12509=CARTESIAN_POINT('Ctrl Pts',(17.2366991266608,-44.0150076150894,0.2));
#12510=CARTESIAN_POINT('Ctrl Pts',(17.1934538260372,-44.0010820984675,0.2));
#12511=CARTESIAN_POINT('Ctrl Pts',(17.1053993333595,-43.972727473023,0.2));
#12512=CARTESIAN_POINT('Ctrl Pts',(17.012942979856,-43.9691030363933,0.2));
#12513=CARTESIAN_POINT('Ctrl Pts',(16.9658937677741,-43.9672586321831,0.2));
#12514=CARTESIAN_POINT('Ctrl Pts',(17.4993183836341,-44.178718328476,0.));
#12515=CARTESIAN_POINT('Ctrl Pts',(17.4993183836341,-44.178718328476,0.2));
#12516=CARTESIAN_POINT('Ctrl Pts',(17.456018016471,-44.1435981729838,0.));
#12517=CARTESIAN_POINT('Ctrl Pts',(17.456018016471,-44.1435981729838,0.2));
#12518=CARTESIAN_POINT('Ctrl Pts',(17.3752199271954,-44.0780642839028,0.));
#12519=CARTESIAN_POINT('Ctrl Pts',(17.3752199271954,-44.0780642839028,0.2));
#12520=CARTESIAN_POINT('Ctrl Pts',(17.2806078198284,-44.0349954863146,0.));
#12521=CARTESIAN_POINT('Ctrl Pts',(17.2806078198284,-44.0349954863146,0.2));
#12522=CARTESIAN_POINT('Ctrl Pts',(17.2366991266608,-44.0150076150894,0.));
#12523=CARTESIAN_POINT('Ctrl Pts',(17.2366991266608,-44.0150076150894,0.2));
#12524=CARTESIAN_POINT('',(17.4993183836341,-44.178718328476,0.));
#12525=CARTESIAN_POINT('Ctrl Pts',(17.4993183836341,-44.178718328476,0.));
#12526=CARTESIAN_POINT('Ctrl Pts',(17.456018016471,-44.1435981729838,0.));
#12527=CARTESIAN_POINT('Ctrl Pts',(17.3752199271954,-44.0780642839028,0.));
#12528=CARTESIAN_POINT('Ctrl Pts',(17.2806078198284,-44.0349954863146,0.));
#12529=CARTESIAN_POINT('Ctrl Pts',(17.2366991266608,-44.0150076150894,0.));
#12530=CARTESIAN_POINT('',(17.4993183836341,-44.178718328476,0.2));
#12531=CARTESIAN_POINT('',(17.4993183836341,-44.178718328476,0.));
#12532=CARTESIAN_POINT('Ctrl Pts',(17.4993183836341,-44.178718328476,0.2));
#12533=CARTESIAN_POINT('Ctrl Pts',(17.456018016471,-44.1435981729838,0.2));
#12534=CARTESIAN_POINT('Ctrl Pts',(17.3752199271954,-44.0780642839028,0.2));
#12535=CARTESIAN_POINT('Ctrl Pts',(17.2806078198284,-44.0349954863146,0.2));
#12536=CARTESIAN_POINT('Ctrl Pts',(17.2366991266608,-44.0150076150894,0.2));
#12537=CARTESIAN_POINT('Ctrl Pts',(17.5484314188361,-44.0000006556511,0.));
#12538=CARTESIAN_POINT('Ctrl Pts',(17.5484314188361,-44.0000006556511,0.2));
#12539=CARTESIAN_POINT('Ctrl Pts',(17.5367613229556,-44.0272885498267,0.));
#12540=CARTESIAN_POINT('Ctrl Pts',(17.5367613229556,-44.0272885498267,0.2));
#12541=CARTESIAN_POINT('Ctrl Pts',(17.5122561370911,-44.0845884148379,0.));
#12542=CARTESIAN_POINT('Ctrl Pts',(17.5122561370911,-44.0845884148379,0.2));
#12543=CARTESIAN_POINT('Ctrl Pts',(17.5037655181567,-44.1463627584039,0.));
#12544=CARTESIAN_POINT('Ctrl Pts',(17.5037655181567,-44.1463627584039,0.2));
#12545=CARTESIAN_POINT('Ctrl Pts',(17.4993183836341,-44.178718328476,0.));
#12546=CARTESIAN_POINT('Ctrl Pts',(17.4993183836341,-44.178718328476,0.2));
#12547=CARTESIAN_POINT('Ctrl Pts',(17.5484314188361,-44.0000006556511,0.));
#12548=CARTESIAN_POINT('Ctrl Pts',(17.5367613229556,-44.0272885498267,0.));
#12549=CARTESIAN_POINT('Ctrl Pts',(17.5122561370911,-44.0845884148379,0.));
#12550=CARTESIAN_POINT('Ctrl Pts',(17.5037655181567,-44.1463627584039,0.));
#12551=CARTESIAN_POINT('Ctrl Pts',(17.4993183836341,-44.178718328476,0.));
#12552=CARTESIAN_POINT('Ctrl Pts',(17.5484314188361,-44.0000006556511,0.2));
#12553=CARTESIAN_POINT('Ctrl Pts',(17.5367613229556,-44.0272885498267,0.2));
#12554=CARTESIAN_POINT('Ctrl Pts',(17.5122561370911,-44.0845884148379,0.2));
#12555=CARTESIAN_POINT('Ctrl Pts',(17.5037655181567,-44.1463627584039,0.2));
#12556=CARTESIAN_POINT('Ctrl Pts',(17.4993183836341,-44.178718328476,0.2));
#12557=CARTESIAN_POINT('Origin',(14.5886769704521,-44.7060034424067,0.2));
#12558=CARTESIAN_POINT('Ctrl Pts',(24.5566168054938,-45.2783089876175,0.));
#12559=CARTESIAN_POINT('Ctrl Pts',(24.5566168054938,-45.2783089876175,0.2));
#12560=CARTESIAN_POINT('Ctrl Pts',(24.5040097558974,-45.2723897068958,0.));
#12561=CARTESIAN_POINT('Ctrl Pts',(24.5040097558974,-45.2723897068958,0.2));
#12562=CARTESIAN_POINT('Ctrl Pts',(24.3970822914211,-45.2603583596914,0.));
#12563=CARTESIAN_POINT('Ctrl Pts',(24.3970822914211,-45.2603583596914,0.2));
#12564=CARTESIAN_POINT('Ctrl Pts',(24.321487158463,-45.183604010847,0.));
#12565=CARTESIAN_POINT('Ctrl Pts',(24.321487158463,-45.183604010847,0.2));
#12566=CARTESIAN_POINT('Ctrl Pts',(24.2830839380622,-45.1446118950844,0.));
#12567=CARTESIAN_POINT('Ctrl Pts',(24.2830839380622,-45.1446118950844,0.2));
#12568=CARTESIAN_POINT('',(24.5566168054938,-45.2783089876175,0.));
#12569=CARTESIAN_POINT('',(24.2830839380622,-45.1446118950844,0.));
#12570=CARTESIAN_POINT('Ctrl Pts',(24.5566168054938,-45.2783089876175,0.));
#12571=CARTESIAN_POINT('Ctrl Pts',(24.5040097558974,-45.2723897068958,0.));
#12572=CARTESIAN_POINT('Ctrl Pts',(24.3970822914211,-45.2603583596914,0.));
#12573=CARTESIAN_POINT('Ctrl Pts',(24.321487158463,-45.183604010847,0.));
#12574=CARTESIAN_POINT('Ctrl Pts',(24.2830839380622,-45.1446118950844,0.));
#12575=CARTESIAN_POINT('',(24.5566168054938,-45.2783089876175,0.2));
#12576=CARTESIAN_POINT('',(24.5566168054938,-45.2783089876175,0.));
#12577=CARTESIAN_POINT('',(24.2830839380622,-45.1446118950844,0.2));
#12578=CARTESIAN_POINT('Ctrl Pts',(24.5566168054938,-45.2783089876175,0.2));
#12579=CARTESIAN_POINT('Ctrl Pts',(24.5040097558974,-45.2723897068958,0.2));
#12580=CARTESIAN_POINT('Ctrl Pts',(24.3970822914211,-45.2603583596914,0.2));
#12581=CARTESIAN_POINT('Ctrl Pts',(24.321487158463,-45.183604010847,0.2));
#12582=CARTESIAN_POINT('Ctrl Pts',(24.2830839380622,-45.1446118950844,0.2));
#12583=CARTESIAN_POINT('',(24.2830839380622,-45.1446118950844,0.));
#12584=CARTESIAN_POINT('Ctrl Pts',(24.8390188440681,-45.139154791832,0.));
#12585=CARTESIAN_POINT('Ctrl Pts',(24.8390188440681,-45.139154791832,0.2));
#12586=CARTESIAN_POINT('Ctrl Pts',(24.7992050400431,-45.1797363409847,0.));
#12587=CARTESIAN_POINT('Ctrl Pts',(24.7992050400431,-45.1797363409847,0.2));
#12588=CARTESIAN_POINT('Ctrl Pts',(24.7211949788653,-45.2592507006302,0.));
#12589=CARTESIAN_POINT('Ctrl Pts',(24.7211949788653,-45.2592507006302,0.2));
#12590=CARTESIAN_POINT('Ctrl Pts',(24.6107125751744,-45.2720446532756,0.));
#12591=CARTESIAN_POINT('Ctrl Pts',(24.6107125751744,-45.2720446532756,0.2));
#12592=CARTESIAN_POINT('Ctrl Pts',(24.5566168054938,-45.2783089876175,0.));
#12593=CARTESIAN_POINT('Ctrl Pts',(24.5566168054938,-45.2783089876175,0.2));
#12594=CARTESIAN_POINT('',(24.8390188440681,-45.139154791832,0.));
#12595=CARTESIAN_POINT('Ctrl Pts',(24.8390188440681,-45.139154791832,0.));
#12596=CARTESIAN_POINT('Ctrl Pts',(24.7992050400431,-45.1797363409847,0.));
#12597=CARTESIAN_POINT('Ctrl Pts',(24.7211949788653,-45.2592507006302,0.));
#12598=CARTESIAN_POINT('Ctrl Pts',(24.6107125751744,-45.2720446532756,0.));
#12599=CARTESIAN_POINT('Ctrl Pts',(24.5566168054938,-45.2783089876175,0.));
#12600=CARTESIAN_POINT('',(24.8390188440681,-45.139154791832,0.2));
#12601=CARTESIAN_POINT('',(24.8390188440681,-45.139154791832,0.));
#12602=CARTESIAN_POINT('Ctrl Pts',(24.8390188440681,-45.139154791832,0.2));
#12603=CARTESIAN_POINT('Ctrl Pts',(24.7992050400431,-45.1797363409847,0.2));
#12604=CARTESIAN_POINT('Ctrl Pts',(24.7211949788653,-45.2592507006302,0.2));
#12605=CARTESIAN_POINT('Ctrl Pts',(24.6107125751744,-45.2720446532756,0.2));
#12606=CARTESIAN_POINT('Ctrl Pts',(24.5566168054938,-45.2783089876175,0.2));
#12607=CARTESIAN_POINT('Ctrl Pts',(24.9536147341132,-44.7025927901268,0.));
#12608=CARTESIAN_POINT('Ctrl Pts',(24.9536147341132,-44.7025927901268,0.2));
#12609=CARTESIAN_POINT('Ctrl Pts',(24.951978781982,-44.7908120342665,0.));
#12610=CARTESIAN_POINT('Ctrl Pts',(24.951978781982,-44.7908120342665,0.2));
#12611=CARTESIAN_POINT('Ctrl Pts',(24.9490923077279,-44.9464660855401,0.));
#12612=CARTESIAN_POINT('Ctrl Pts',(24.9490923077279,-44.9464660855401,0.2));
#12613=CARTESIAN_POINT('Ctrl Pts',(24.8722916074209,-45.0809092755008,0.));
#12614=CARTESIAN_POINT('Ctrl Pts',(24.8722916074209,-45.0809092755008,0.2));
#12615=CARTESIAN_POINT('Ctrl Pts',(24.8390188440681,-45.139154791832,0.));
#12616=CARTESIAN_POINT('Ctrl Pts',(24.8390188440681,-45.139154791832,0.2));
#12617=CARTESIAN_POINT('',(24.9536147341132,-44.7025927901268,0.));
#12618=CARTESIAN_POINT('Ctrl Pts',(24.9536147341132,-44.7025927901268,0.));
#12619=CARTESIAN_POINT('Ctrl Pts',(24.951978781982,-44.7908120342665,0.));
#12620=CARTESIAN_POINT('Ctrl Pts',(24.9490923077279,-44.9464660855401,0.));
#12621=CARTESIAN_POINT('Ctrl Pts',(24.8722916074209,-45.0809092755008,0.));
#12622=CARTESIAN_POINT('Ctrl Pts',(24.8390188440681,-45.139154791832,0.));
#12623=CARTESIAN_POINT('',(24.9536147341132,-44.7025927901268,0.2));
#12624=CARTESIAN_POINT('',(24.9536147341132,-44.7025927901268,0.));
#12625=CARTESIAN_POINT('Ctrl Pts',(24.9536147341132,-44.7025927901268,0.2));
#12626=CARTESIAN_POINT('Ctrl Pts',(24.951978781982,-44.7908120342665,0.2));
#12627=CARTESIAN_POINT('Ctrl Pts',(24.9490923077279,-44.9464660855401,0.2));
#12628=CARTESIAN_POINT('Ctrl Pts',(24.8722916074209,-45.0809092755008,0.2));
#12629=CARTESIAN_POINT('Ctrl Pts',(24.8390188440681,-45.139154791832,0.2));
#12630=CARTESIAN_POINT('Ctrl Pts',(24.8410644754767,-44.3008191883564,0.));
#12631=CARTESIAN_POINT('Ctrl Pts',(24.8410644754767,-44.3008191883564,0.2));
#12632=CARTESIAN_POINT('Ctrl Pts',(24.8737713380306,-44.3548568663581,0.));
#12633=CARTESIAN_POINT('Ctrl Pts',(24.8737713380306,-44.3548568663581,0.2));
#12634=CARTESIAN_POINT('Ctrl Pts',(24.9480797803559,-44.4776279108927,0.));
#12635=CARTESIAN_POINT('Ctrl Pts',(24.9480797803559,-44.4776279108927,0.2));
#12636=CARTESIAN_POINT('Ctrl Pts',(24.9516281688784,-44.6218500363947,0.));
#12637=CARTESIAN_POINT('Ctrl Pts',(24.9516281688784,-44.6218500363947,0.2));
#12638=CARTESIAN_POINT('Ctrl Pts',(24.9536147341132,-44.7025927901268,0.));
#12639=CARTESIAN_POINT('Ctrl Pts',(24.9536147341132,-44.7025927901268,0.2));
#12640=CARTESIAN_POINT('',(24.8410644754767,-44.3008191883564,0.));
#12641=CARTESIAN_POINT('Ctrl Pts',(24.8410644754767,-44.3008191883564,0.));
#12642=CARTESIAN_POINT('Ctrl Pts',(24.8737713380306,-44.3548568663581,0.));
#12643=CARTESIAN_POINT('Ctrl Pts',(24.9480797803559,-44.4776279108927,0.));
#12644=CARTESIAN_POINT('Ctrl Pts',(24.9516281688784,-44.6218500363947,0.));
#12645=CARTESIAN_POINT('Ctrl Pts',(24.9536147341132,-44.7025927901268,0.));
#12646=CARTESIAN_POINT('',(24.8410644754767,-44.3008191883564,0.2));
#12647=CARTESIAN_POINT('',(24.8410644754767,-44.3008191883564,0.));
#12648=CARTESIAN_POINT('Ctrl Pts',(24.8410644754767,-44.3008191883564,0.2));
#12649=CARTESIAN_POINT('Ctrl Pts',(24.8737713380306,-44.3548568663581,0.2));
#12650=CARTESIAN_POINT('Ctrl Pts',(24.9480797803559,-44.4776279108927,0.2));
#12651=CARTESIAN_POINT('Ctrl Pts',(24.9516281688784,-44.6218500363947,0.2));
#12652=CARTESIAN_POINT('Ctrl Pts',(24.9536147341132,-44.7025927901268,0.2));
#12653=CARTESIAN_POINT('Ctrl Pts',(24.5675316080451,-44.16916847229,0.));
#12654=CARTESIAN_POINT('Ctrl Pts',(24.5675316080451,-44.16916847229,0.2));
#12655=CARTESIAN_POINT('Ctrl Pts',(24.6195507435271,-44.1751016102065,0.));
#12656=CARTESIAN_POINT('Ctrl Pts',(24.6195507435271,-44.1751016102065,0.2));
#12657=CARTESIAN_POINT('Ctrl Pts',(24.7258263467652,-44.1872230690758,0.));
#12658=CARTESIAN_POINT('Ctrl Pts',(24.7258263467652,-44.1872230690758,0.2));
#12659=CARTESIAN_POINT('Ctrl Pts',(24.8021164087385,-44.2624260863127,0.));
#12660=CARTESIAN_POINT('Ctrl Pts',(24.8021164087385,-44.2624260863127,0.2));
#12661=CARTESIAN_POINT('Ctrl Pts',(24.8410644754767,-44.3008191883564,0.));
#12662=CARTESIAN_POINT('Ctrl Pts',(24.8410644754767,-44.3008191883564,0.2));
#12663=CARTESIAN_POINT('',(24.5675316080451,-44.16916847229,0.));
#12664=CARTESIAN_POINT('Ctrl Pts',(24.5675316080451,-44.16916847229,0.));
#12665=CARTESIAN_POINT('Ctrl Pts',(24.6195507435271,-44.1751016102065,0.));
#12666=CARTESIAN_POINT('Ctrl Pts',(24.7258263467652,-44.1872230690758,0.));
#12667=CARTESIAN_POINT('Ctrl Pts',(24.8021164087385,-44.2624260863127,0.));
#12668=CARTESIAN_POINT('Ctrl Pts',(24.8410644754767,-44.3008191883564,0.));
#12669=CARTESIAN_POINT('',(24.5675316080451,-44.16916847229,0.2));
#12670=CARTESIAN_POINT('',(24.5675316080451,-44.16916847229,0.));
#12671=CARTESIAN_POINT('Ctrl Pts',(24.5675316080451,-44.16916847229,0.2));
#12672=CARTESIAN_POINT('Ctrl Pts',(24.6195507435271,-44.1751016102065,0.2));
#12673=CARTESIAN_POINT('Ctrl Pts',(24.7258263467652,-44.1872230690758,0.2));
#12674=CARTESIAN_POINT('Ctrl Pts',(24.8021164087385,-44.2624260863127,0.2));
#12675=CARTESIAN_POINT('Ctrl Pts',(24.8410644754767,-44.3008191883564,0.2));
#12676=CARTESIAN_POINT('Ctrl Pts',(24.2905869707465,-44.3069583177567,0.));
#12677=CARTESIAN_POINT('Ctrl Pts',(24.2905869707465,-44.3069583177567,0.2));
#12678=CARTESIAN_POINT('Ctrl Pts',(24.3304305332464,-44.2667850611154,0.));
#12679=CARTESIAN_POINT('Ctrl Pts',(24.3304305332464,-44.2667850611154,0.2));
#12680=CARTESIAN_POINT('Ctrl Pts',(24.4073411731624,-44.1892380075406,0.));
#12681=CARTESIAN_POINT('Ctrl Pts',(24.4073411731624,-44.1892380075406,0.2));
#12682=CARTESIAN_POINT('Ctrl Pts',(24.5154355370752,-44.1756953534582,0.));
#12683=CARTESIAN_POINT('Ctrl Pts',(24.5154355370752,-44.1756953534582,0.2));
#12684=CARTESIAN_POINT('Ctrl Pts',(24.5675316080451,-44.16916847229,0.));
#12685=CARTESIAN_POINT('Ctrl Pts',(24.5675316080451,-44.16916847229,0.2));
#12686=CARTESIAN_POINT('',(24.2905869707465,-44.3069583177567,0.));
#12687=CARTESIAN_POINT('Ctrl Pts',(24.2905869707465,-44.3069583177567,0.));
#12688=CARTESIAN_POINT('Ctrl Pts',(24.3304305332464,-44.2667850611154,0.));
#12689=CARTESIAN_POINT('Ctrl Pts',(24.4073411731624,-44.1892380075406,0.));
#12690=CARTESIAN_POINT('Ctrl Pts',(24.5154355370752,-44.1756953534582,0.));
#12691=CARTESIAN_POINT('Ctrl Pts',(24.5675316080451,-44.16916847229,0.));
#12692=CARTESIAN_POINT('',(24.2905869707465,-44.3069583177567,0.2));
#12693=CARTESIAN_POINT('',(24.2905869707465,-44.3069583177567,0.));
#12694=CARTESIAN_POINT('Ctrl Pts',(24.2905869707465,-44.3069583177567,0.2));
#12695=CARTESIAN_POINT('Ctrl Pts',(24.3304305332464,-44.2667850611154,0.2));
#12696=CARTESIAN_POINT('Ctrl Pts',(24.4073411731624,-44.1892380075406,0.2));
#12697=CARTESIAN_POINT('Ctrl Pts',(24.5154355370752,-44.1756953534582,0.2));
#12698=CARTESIAN_POINT('Ctrl Pts',(24.5675316080451,-44.16916847229,0.2));
#12699=CARTESIAN_POINT('Ctrl Pts',(24.1732611879706,-44.7230565547943,0.));
#12700=CARTESIAN_POINT('Ctrl Pts',(24.1732611879706,-44.7230565547943,0.2));
#12701=CARTESIAN_POINT('Ctrl Pts',(24.1754343621404,-44.6396833952876,0.));
#12702=CARTESIAN_POINT('Ctrl Pts',(24.1754343621404,-44.6396833952876,0.2));
#12703=CARTESIAN_POINT('Ctrl Pts',(24.1793289422188,-44.4902690268453,0.));
#12704=CARTESIAN_POINT('Ctrl Pts',(24.1793289422188,-44.4902690268453,0.2));
#12705=CARTESIAN_POINT('Ctrl Pts',(24.256484281008,-44.3631465166716,0.));
#12706=CARTESIAN_POINT('Ctrl Pts',(24.256484281008,-44.3631465166716,0.2));
#12707=CARTESIAN_POINT('Ctrl Pts',(24.2905869707465,-44.3069583177567,0.));
#12708=CARTESIAN_POINT('Ctrl Pts',(24.2905869707465,-44.3069583177567,0.2));
#12709=CARTESIAN_POINT('',(24.1732611879706,-44.7230565547943,0.));
#12710=CARTESIAN_POINT('Ctrl Pts',(24.1732611879706,-44.7230565547943,0.));
#12711=CARTESIAN_POINT('Ctrl Pts',(24.1754343621404,-44.6396833952876,0.));
#12712=CARTESIAN_POINT('Ctrl Pts',(24.1793289422188,-44.4902690268453,0.));
#12713=CARTESIAN_POINT('Ctrl Pts',(24.256484281008,-44.3631465166716,0.));
#12714=CARTESIAN_POINT('Ctrl Pts',(24.2905869707465,-44.3069583177567,0.));
#12715=CARTESIAN_POINT('',(24.1732611879706,-44.7230565547943,0.2));
#12716=CARTESIAN_POINT('',(24.1732611879706,-44.7230565547943,0.));
#12717=CARTESIAN_POINT('Ctrl Pts',(24.1732611879706,-44.7230565547943,0.2));
#12718=CARTESIAN_POINT('Ctrl Pts',(24.1754343621404,-44.6396833952876,0.2));
#12719=CARTESIAN_POINT('Ctrl Pts',(24.1793289422188,-44.4902690268453,0.2));
#12720=CARTESIAN_POINT('Ctrl Pts',(24.256484281008,-44.3631465166716,0.2));
#12721=CARTESIAN_POINT('Ctrl Pts',(24.2905869707465,-44.3069583177567,0.2));
#12722=CARTESIAN_POINT('Ctrl Pts',(24.2830839380622,-45.1446118950844,0.));
#12723=CARTESIAN_POINT('Ctrl Pts',(24.2830839380622,-45.1446118950844,0.2));
#12724=CARTESIAN_POINT('Ctrl Pts',(24.251200789669,-45.0884624255526,0.));
#12725=CARTESIAN_POINT('Ctrl Pts',(24.251200789669,-45.0884624255526,0.2));
#12726=CARTESIAN_POINT('Ctrl Pts',(24.1774302170897,-44.9585449385369,0.));
#12727=CARTESIAN_POINT('Ctrl Pts',(24.1774302170897,-44.9585449385369,0.2));
#12728=CARTESIAN_POINT('Ctrl Pts',(24.1747710696566,-44.808342502127,0.));
#12729=CARTESIAN_POINT('Ctrl Pts',(24.1747710696566,-44.808342502127,0.2));
#12730=CARTESIAN_POINT('Ctrl Pts',(24.1732611879706,-44.7230565547943,0.));
#12731=CARTESIAN_POINT('Ctrl Pts',(24.1732611879706,-44.7230565547943,0.2));
#12732=CARTESIAN_POINT('Ctrl Pts',(24.2830839380622,-45.1446118950844,0.));
#12733=CARTESIAN_POINT('Ctrl Pts',(24.251200789669,-45.0884624255526,0.));
#12734=CARTESIAN_POINT('Ctrl Pts',(24.1774302170897,-44.9585449385369,0.));
#12735=CARTESIAN_POINT('Ctrl Pts',(24.1747710696566,-44.808342502127,0.));
#12736=CARTESIAN_POINT('Ctrl Pts',(24.1732611879706,-44.7230565547943,0.));
#12737=CARTESIAN_POINT('Ctrl Pts',(24.2830839380622,-45.1446118950844,0.2));
#12738=CARTESIAN_POINT('Ctrl Pts',(24.251200789669,-45.0884624255526,0.2));
#12739=CARTESIAN_POINT('Ctrl Pts',(24.1774302170897,-44.9585449385369,0.2));
#12740=CARTESIAN_POINT('Ctrl Pts',(24.1747710696566,-44.808342502127,0.2));
#12741=CARTESIAN_POINT('Ctrl Pts',(24.1732611879706,-44.7230565547943,0.2));
#12742=CARTESIAN_POINT('Origin',(25.1773538812995,-46.0000005364418,0.));
#12743=CARTESIAN_POINT('',(25.1773538812995,-46.0000005364418,0.));
#12744=CARTESIAN_POINT('',(25.1773538812995,-44.0000006556511,0.));
#12745=CARTESIAN_POINT('',(25.1773538812995,-27.2620002682209,0.));
#12746=CARTESIAN_POINT('',(25.1773538812995,-46.0000005364418,0.2));
#12747=CARTESIAN_POINT('',(25.1773538812995,-46.0000005364418,0.));
#12748=CARTESIAN_POINT('',(25.1773538812995,-44.0000006556511,0.2));
#12749=CARTESIAN_POINT('',(25.1773538812995,-46.0000005364418,0.2));
#12750=CARTESIAN_POINT('',(25.1773538812995,-44.0000006556511,0.));
#12751=CARTESIAN_POINT('Origin',(24.9331512674689,-46.0000005364418,0.));
#12752=CARTESIAN_POINT('',(24.9331512674689,-46.0000005364418,0.));
#12753=CARTESIAN_POINT('',(22.2340756337345,-46.0000005364418,0.));
#12754=CARTESIAN_POINT('',(24.9331512674689,-46.0000005364418,0.2));
#12755=CARTESIAN_POINT('',(24.9331512674689,-46.0000005364418,0.));
#12756=CARTESIAN_POINT('',(24.9331512674689,-46.0000005364418,0.2));
#12757=CARTESIAN_POINT('Origin',(24.9331512674689,-45.282401740551,0.));
#12758=CARTESIAN_POINT('',(24.9331512674689,-45.282401740551,0.));
#12759=CARTESIAN_POINT('',(24.9331512674689,-26.9032008702755,0.));
#12760=CARTESIAN_POINT('',(24.9331512674689,-45.282401740551,0.2));
#12761=CARTESIAN_POINT('',(24.9331512674689,-45.282401740551,0.));
#12762=CARTESIAN_POINT('',(24.9331512674689,-45.282401740551,0.2));
#12763=CARTESIAN_POINT('Ctrl Pts',(24.7667136415839,-45.4263307154179,0.));
#12764=CARTESIAN_POINT('Ctrl Pts',(24.7667136415839,-45.4263307154179,0.2));
#12765=CARTESIAN_POINT('Ctrl Pts',(24.799053430177,-45.4067604316526,0.));
#12766=CARTESIAN_POINT('Ctrl Pts',(24.799053430177,-45.4067604316526,0.2));
#12767=CARTESIAN_POINT('Ctrl Pts',(24.8627287771832,-45.3682275696899,0.));
#12768=CARTESIAN_POINT('Ctrl Pts',(24.8627287771832,-45.3682275696899,0.2));
#12769=CARTESIAN_POINT('Ctrl Pts',(24.9099252172781,-45.3107079678253,0.));
#12770=CARTESIAN_POINT('Ctrl Pts',(24.9099252172781,-45.3107079678253,0.2));
#12771=CARTESIAN_POINT('Ctrl Pts',(24.9331512674689,-45.282401740551,0.));
#12772=CARTESIAN_POINT('Ctrl Pts',(24.9331512674689,-45.282401740551,0.2));
#12773=CARTESIAN_POINT('',(24.7667136415839,-45.4263307154179,0.));
#12774=CARTESIAN_POINT('Ctrl Pts',(24.7667136415839,-45.4263307154179,0.));
#12775=CARTESIAN_POINT('Ctrl Pts',(24.799053430177,-45.4067604316526,0.));
#12776=CARTESIAN_POINT('Ctrl Pts',(24.8627287771832,-45.3682275696899,0.));
#12777=CARTESIAN_POINT('Ctrl Pts',(24.9099252172781,-45.3107079678253,0.));
#12778=CARTESIAN_POINT('Ctrl Pts',(24.9331512674689,-45.282401740551,0.));
#12779=CARTESIAN_POINT('',(24.7667136415839,-45.4263307154179,0.2));
#12780=CARTESIAN_POINT('',(24.7667136415839,-45.4263307154179,0.));
#12781=CARTESIAN_POINT('Ctrl Pts',(24.7667136415839,-45.4263307154179,0.2));
#12782=CARTESIAN_POINT('Ctrl Pts',(24.799053430177,-45.4067604316526,0.2));
#12783=CARTESIAN_POINT('Ctrl Pts',(24.8627287771832,-45.3682275696899,0.2));
#12784=CARTESIAN_POINT('Ctrl Pts',(24.9099252172781,-45.3107079678253,0.2));
#12785=CARTESIAN_POINT('Ctrl Pts',(24.9331512674689,-45.282401740551,0.2));
#12786=CARTESIAN_POINT('Ctrl Pts',(24.5334258303046,-45.4815831780434,0.));
#12787=CARTESIAN_POINT('Ctrl Pts',(24.5334258303046,-45.4815831780434,0.2));
#12788=CARTESIAN_POINT('Ctrl Pts',(24.5753216013265,-45.4795810830572,0.));
#12789=CARTESIAN_POINT('Ctrl Pts',(24.5753216013265,-45.4795810830572,0.2));
#12790=CARTESIAN_POINT('Ctrl Pts',(24.6565866759151,-45.4756976266983,0.));
#12791=CARTESIAN_POINT('Ctrl Pts',(24.6565866759151,-45.4756976266983,0.2));
#12792=CARTESIAN_POINT('Ctrl Pts',(24.7307734559702,-45.4424417191472,0.));
#12793=CARTESIAN_POINT('Ctrl Pts',(24.7307734559702,-45.4424417191472,0.2));
#12794=CARTESIAN_POINT('Ctrl Pts',(24.7667136415839,-45.4263307154179,0.));
#12795=CARTESIAN_POINT('Ctrl Pts',(24.7667136415839,-45.4263307154179,0.2));
#12796=CARTESIAN_POINT('',(24.5334258303046,-45.4815831780434,0.));
#12797=CARTESIAN_POINT('Ctrl Pts',(24.5334258303046,-45.4815831780434,0.));
#12798=CARTESIAN_POINT('Ctrl Pts',(24.5753216013265,-45.4795810830572,0.));
#12799=CARTESIAN_POINT('Ctrl Pts',(24.6565866759151,-45.4756976266983,0.));
#12800=CARTESIAN_POINT('Ctrl Pts',(24.7307734559702,-45.4424417191472,0.));
#12801=CARTESIAN_POINT('Ctrl Pts',(24.7667136415839,-45.4263307154179,0.));
#12802=CARTESIAN_POINT('',(24.5334258303046,-45.4815831780434,0.2));
#12803=CARTESIAN_POINT('',(24.5334258303046,-45.4815831780434,0.));
#12804=CARTESIAN_POINT('Ctrl Pts',(24.5334258303046,-45.4815831780434,0.2));
#12805=CARTESIAN_POINT('Ctrl Pts',(24.5753216013265,-45.4795810830572,0.2));
#12806=CARTESIAN_POINT('Ctrl Pts',(24.6565866759151,-45.4756976266983,0.2));
#12807=CARTESIAN_POINT('Ctrl Pts',(24.7307734559702,-45.4424417191472,0.2));
#12808=CARTESIAN_POINT('Ctrl Pts',(24.7667136415839,-45.4263307154179,0.2));
#12809=CARTESIAN_POINT('Ctrl Pts',(24.2100968584418,-45.387449413538,0.));
#12810=CARTESIAN_POINT('Ctrl Pts',(24.2100968584418,-45.387449413538,0.2));
#12811=CARTESIAN_POINT('Ctrl Pts',(24.2599954501052,-45.4149044350992,0.));
#12812=CARTESIAN_POINT('Ctrl Pts',(24.2599954501052,-45.4149044350992,0.2));
#12813=CARTESIAN_POINT('Ctrl Pts',(24.3607337232462,-45.4703322812353,0.));
#12814=CARTESIAN_POINT('Ctrl Pts',(24.3607337232462,-45.4703322812353,0.2));
#12815=CARTESIAN_POINT('Ctrl Pts',(24.4755044014356,-45.477809594929,0.));
#12816=CARTESIAN_POINT('Ctrl Pts',(24.4755044014356,-45.477809594929,0.2));
#12817=CARTESIAN_POINT('Ctrl Pts',(24.5334258303046,-45.4815831780434,0.));
#12818=CARTESIAN_POINT('Ctrl Pts',(24.5334258303046,-45.4815831780434,0.2));
#12819=CARTESIAN_POINT('',(24.2100968584418,-45.387449413538,0.));
#12820=CARTESIAN_POINT('Ctrl Pts',(24.2100968584418,-45.387449413538,0.));
#12821=CARTESIAN_POINT('Ctrl Pts',(24.2599954501052,-45.4149044350992,0.));
#12822=CARTESIAN_POINT('Ctrl Pts',(24.3607337232462,-45.4703322812353,0.));
#12823=CARTESIAN_POINT('Ctrl Pts',(24.4755044014356,-45.477809594929,0.));
#12824=CARTESIAN_POINT('Ctrl Pts',(24.5334258303046,-45.4815831780434,0.));
#12825=CARTESIAN_POINT('',(24.2100968584418,-45.387449413538,0.2));
#12826=CARTESIAN_POINT('',(24.2100968584418,-45.387449413538,0.));
#12827=CARTESIAN_POINT('Ctrl Pts',(24.2100968584418,-45.387449413538,0.2));
#12828=CARTESIAN_POINT('Ctrl Pts',(24.2599954501052,-45.4149044350992,0.2));
#12829=CARTESIAN_POINT('Ctrl Pts',(24.3607337232462,-45.4703322812353,0.2));
#12830=CARTESIAN_POINT('Ctrl Pts',(24.4755044014356,-45.477809594929,0.2));
#12831=CARTESIAN_POINT('Ctrl Pts',(24.5334258303046,-45.4815831780434,0.2));
#12832=CARTESIAN_POINT('Ctrl Pts',(23.9931788668036,-45.1166445016861,0.));
#12833=CARTESIAN_POINT('Ctrl Pts',(23.9931788668036,-45.1166445016861,0.2));
#12834=CARTESIAN_POINT('Ctrl Pts',(24.019610182344,-45.1716430288001,0.));
#12835=CARTESIAN_POINT('Ctrl Pts',(24.019610182344,-45.1716430288001,0.2));
#12836=CARTESIAN_POINT('Ctrl Pts',(24.0710813884611,-45.2787447930277,0.));
#12837=CARTESIAN_POINT('Ctrl Pts',(24.0710813884611,-45.2787447930277,0.2));
#12838=CARTESIAN_POINT('Ctrl Pts',(24.1646010766897,-45.3518735046778,0.));
#12839=CARTESIAN_POINT('Ctrl Pts',(24.1646010766897,-45.3518735046778,0.2));
#12840=CARTESIAN_POINT('Ctrl Pts',(24.2100968584418,-45.387449413538,0.));
#12841=CARTESIAN_POINT('Ctrl Pts',(24.2100968584418,-45.387449413538,0.2));
#12842=CARTESIAN_POINT('',(23.9931788668036,-45.1166445016861,0.));
#12843=CARTESIAN_POINT('Ctrl Pts',(23.9931788668036,-45.1166445016861,0.));
#12844=CARTESIAN_POINT('Ctrl Pts',(24.019610182344,-45.1716430288001,0.));
#12845=CARTESIAN_POINT('Ctrl Pts',(24.0710813884611,-45.2787447930277,0.));
#12846=CARTESIAN_POINT('Ctrl Pts',(24.1646010766897,-45.3518735046778,0.));
#12847=CARTESIAN_POINT('Ctrl Pts',(24.2100968584418,-45.387449413538,0.));
#12848=CARTESIAN_POINT('',(23.9931788668036,-45.1166445016861,0.2));
#12849=CARTESIAN_POINT('',(23.9931788668036,-45.1166445016861,0.));
#12850=CARTESIAN_POINT('Ctrl Pts',(23.9931788668036,-45.1166445016861,0.2));
#12851=CARTESIAN_POINT('Ctrl Pts',(24.019610182344,-45.1716430288001,0.2));
#12852=CARTESIAN_POINT('Ctrl Pts',(24.0710813884611,-45.2787447930277,0.2));
#12853=CARTESIAN_POINT('Ctrl Pts',(24.1646010766897,-45.3518735046778,0.2));
#12854=CARTESIAN_POINT('Ctrl Pts',(24.2100968584418,-45.387449413538,0.2));
#12855=CARTESIAN_POINT('Ctrl Pts',(23.9208736643195,-44.7230565547943,0.));
#12856=CARTESIAN_POINT('Ctrl Pts',(23.9208736643195,-44.7230565547943,0.2));
#12857=CARTESIAN_POINT('Ctrl Pts',(23.9234710512883,-44.7926495562811,0.));
#12858=CARTESIAN_POINT('Ctrl Pts',(23.9234710512883,-44.7926495562811,0.2));
#12859=CARTESIAN_POINT('Ctrl Pts',(23.9285007528937,-44.9274126992038,0.));
#12860=CARTESIAN_POINT('Ctrl Pts',(23.9285007528937,-44.9274126992038,0.2));
#12861=CARTESIAN_POINT('Ctrl Pts',(23.9720964250039,-45.0549626092913,0.));
#12862=CARTESIAN_POINT('Ctrl Pts',(23.9720964250039,-45.0549626092913,0.2));
#12863=CARTESIAN_POINT('Ctrl Pts',(23.9931788668036,-45.1166445016861,0.));
#12864=CARTESIAN_POINT('Ctrl Pts',(23.9931788668036,-45.1166445016861,0.2));
#12865=CARTESIAN_POINT('',(23.9208736643195,-44.7230565547943,0.));
#12866=CARTESIAN_POINT('Ctrl Pts',(23.9208736643195,-44.7230565547943,0.));
#12867=CARTESIAN_POINT('Ctrl Pts',(23.9234710512883,-44.7926495562811,0.));
#12868=CARTESIAN_POINT('Ctrl Pts',(23.9285007528937,-44.9274126992038,0.));
#12869=CARTESIAN_POINT('Ctrl Pts',(23.9720964250039,-45.0549626092913,0.));
#12870=CARTESIAN_POINT('Ctrl Pts',(23.9931788668036,-45.1166445016861,0.));
#12871=CARTESIAN_POINT('',(23.9208736643195,-44.7230565547943,0.2));
#12872=CARTESIAN_POINT('',(23.9208736643195,-44.7230565547943,0.));
#12873=CARTESIAN_POINT('Ctrl Pts',(23.9208736643195,-44.7230565547943,0.2));
#12874=CARTESIAN_POINT('Ctrl Pts',(23.9234710512883,-44.7926495562811,0.2));
#12875=CARTESIAN_POINT('Ctrl Pts',(23.9285007528937,-44.9274126992038,0.2));
#12876=CARTESIAN_POINT('Ctrl Pts',(23.9720964250039,-45.0549626092913,0.2));
#12877=CARTESIAN_POINT('Ctrl Pts',(23.9931788668036,-45.1166445016861,0.2));
#12878=CARTESIAN_POINT('Ctrl Pts',(24.000681899488,-44.3294686079025,0.));
#12879=CARTESIAN_POINT('Ctrl Pts',(24.000681899488,-44.3294686079025,0.2));
#12880=CARTESIAN_POINT('Ctrl Pts',(23.9774152639423,-44.3901152032167,0.));
#12881=CARTESIAN_POINT('Ctrl Pts',(23.9774152639423,-44.3901152032167,0.2));
#12882=CARTESIAN_POINT('Ctrl Pts',(23.9288334896312,-44.5167480032409,0.));
#12883=CARTESIAN_POINT('Ctrl Pts',(23.9288334896312,-44.5167480032409,0.2));
#12884=CARTESIAN_POINT('Ctrl Pts',(23.9236004911101,-44.6523806714098,0.));
#12885=CARTESIAN_POINT('Ctrl Pts',(23.9236004911101,-44.6523806714098,0.2));
#12886=CARTESIAN_POINT('Ctrl Pts',(23.9208736643195,-44.7230565547943,0.));
#12887=CARTESIAN_POINT('Ctrl Pts',(23.9208736643195,-44.7230565547943,0.2));
#12888=CARTESIAN_POINT('',(24.000681899488,-44.3294686079025,0.));
#12889=CARTESIAN_POINT('Ctrl Pts',(24.000681899488,-44.3294686079025,0.));
#12890=CARTESIAN_POINT('Ctrl Pts',(23.9774152639423,-44.3901152032167,0.));
#12891=CARTESIAN_POINT('Ctrl Pts',(23.9288334896312,-44.5167480032409,0.));
#12892=CARTESIAN_POINT('Ctrl Pts',(23.9236004911101,-44.6523806714098,0.));
#12893=CARTESIAN_POINT('Ctrl Pts',(23.9208736643195,-44.7230565547943,0.));
#12894=CARTESIAN_POINT('',(24.000681899488,-44.3294686079025,0.2));
#12895=CARTESIAN_POINT('',(24.000681899488,-44.3294686079025,0.));
#12896=CARTESIAN_POINT('Ctrl Pts',(24.000681899488,-44.3294686079025,0.2));
#12897=CARTESIAN_POINT('Ctrl Pts',(23.9774152639423,-44.3901152032167,0.2));
#12898=CARTESIAN_POINT('Ctrl Pts',(23.9288334896312,-44.5167480032409,0.2));
#12899=CARTESIAN_POINT('Ctrl Pts',(23.9236004911101,-44.6523806714098,0.2));
#12900=CARTESIAN_POINT('Ctrl Pts',(23.9208736643195,-44.7230565547943,0.2));
#12901=CARTESIAN_POINT('Ctrl Pts',(24.2257848009467,-44.0627564489841,0.));
#12902=CARTESIAN_POINT('Ctrl Pts',(24.2257848009467,-44.0627564489841,0.2));
#12903=CARTESIAN_POINT('Ctrl Pts',(24.1798064054755,-44.0983465242699,0.));
#12904=CARTESIAN_POINT('Ctrl Pts',(24.1798064054755,-44.0983465242699,0.2));
#12905=CARTESIAN_POINT('Ctrl Pts',(24.0857853823046,-44.1711245161682,0.));
#12906=CARTESIAN_POINT('Ctrl Pts',(24.0857853823046,-44.1711245161682,0.2));
#12907=CARTESIAN_POINT('Ctrl Pts',(24.0294619210899,-44.2759203131697,0.));
#12908=CARTESIAN_POINT('Ctrl Pts',(24.0294619210899,-44.2759203131697,0.2));
#12909=CARTESIAN_POINT('Ctrl Pts',(24.000681899488,-44.3294686079025,0.));
#12910=CARTESIAN_POINT('Ctrl Pts',(24.000681899488,-44.3294686079025,0.2));
#12911=CARTESIAN_POINT('',(24.2257848009467,-44.0627564489841,0.));
#12912=CARTESIAN_POINT('Ctrl Pts',(24.2257848009467,-44.0627564489841,0.));
#12913=CARTESIAN_POINT('Ctrl Pts',(24.1798064054755,-44.0983465242699,0.));
#12914=CARTESIAN_POINT('Ctrl Pts',(24.0857853823046,-44.1711245161682,0.));
#12915=CARTESIAN_POINT('Ctrl Pts',(24.0294619210899,-44.2759203131697,0.));
#12916=CARTESIAN_POINT('Ctrl Pts',(24.000681899488,-44.3294686079025,0.));
#12917=CARTESIAN_POINT('',(24.2257848009467,-44.0627564489841,0.2));
#12918=CARTESIAN_POINT('',(24.2257848009467,-44.0627564489841,0.));
#12919=CARTESIAN_POINT('Ctrl Pts',(24.2257848009467,-44.0627564489841,0.2));
#12920=CARTESIAN_POINT('Ctrl Pts',(24.1798064054755,-44.0983465242699,0.2));
#12921=CARTESIAN_POINT('Ctrl Pts',(24.0857853823046,-44.1711245161682,0.2));
#12922=CARTESIAN_POINT('Ctrl Pts',(24.0294619210899,-44.2759203131697,0.2));
#12923=CARTESIAN_POINT('Ctrl Pts',(24.000681899488,-44.3294686079025,0.2));
#12924=CARTESIAN_POINT('Ctrl Pts',(24.5443382486701,-43.9672586321831,0.));
#12925=CARTESIAN_POINT('Ctrl Pts',(24.5443382486701,-43.9672586321831,0.2));
#12926=CARTESIAN_POINT('Ctrl Pts',(24.4877276396399,-43.9712524853564,0.));
#12927=CARTESIAN_POINT('Ctrl Pts',(24.4877276396399,-43.9712524853564,0.2));
#12928=CARTESIAN_POINT('Ctrl Pts',(24.3744006577279,-43.9792476532954,0.));
#12929=CARTESIAN_POINT('Ctrl Pts',(24.3744006577279,-43.9792476532954,0.2));
#12930=CARTESIAN_POINT('Ctrl Pts',(24.2753542319872,-44.0349028701075,0.));
#12931=CARTESIAN_POINT('Ctrl Pts',(24.2753542319872,-44.0349028701075,0.2));
#12932=CARTESIAN_POINT('Ctrl Pts',(24.2257848009467,-44.0627564489841,0.));
#12933=CARTESIAN_POINT('Ctrl Pts',(24.2257848009467,-44.0627564489841,0.2));
#12934=CARTESIAN_POINT('',(24.5443382486701,-43.9672586321831,0.));
#12935=CARTESIAN_POINT('Ctrl Pts',(24.5443382486701,-43.9672586321831,0.));
#12936=CARTESIAN_POINT('Ctrl Pts',(24.4877276396399,-43.9712524853564,0.));
#12937=CARTESIAN_POINT('Ctrl Pts',(24.3744006577279,-43.9792476532954,0.));
#12938=CARTESIAN_POINT('Ctrl Pts',(24.2753542319872,-44.0349028701075,0.));
#12939=CARTESIAN_POINT('Ctrl Pts',(24.2257848009467,-44.0627564489841,0.));
#12940=CARTESIAN_POINT('',(24.5443382486701,-43.9672586321831,0.2));
#12941=CARTESIAN_POINT('',(24.5443382486701,-43.9672586321831,0.));
#12942=CARTESIAN_POINT('Ctrl Pts',(24.5443382486701,-43.9672586321831,0.2));
#12943=CARTESIAN_POINT('Ctrl Pts',(24.4877276396399,-43.9712524853564,0.2));
#12944=CARTESIAN_POINT('Ctrl Pts',(24.3744006577279,-43.9792476532954,0.2));
#12945=CARTESIAN_POINT('Ctrl Pts',(24.2753542319872,-44.0349028701075,0.2));
#12946=CARTESIAN_POINT('Ctrl Pts',(24.2257848009467,-44.0627564489841,0.2));
#12947=CARTESIAN_POINT('Ctrl Pts',(24.9495234712958,-44.1828110814095,0.));
#12948=CARTESIAN_POINT('Ctrl Pts',(24.9495234712958,-44.1828110814095,0.2));
#12949=CARTESIAN_POINT('Ctrl Pts',(24.8976118545016,-44.1199447101599,0.));
#12950=CARTESIAN_POINT('Ctrl Pts',(24.8976118545016,-44.1199447101599,0.2));
#12951=CARTESIAN_POINT('Ctrl Pts',(24.7923820639208,-43.9925085891202,0.));
#12952=CARTESIAN_POINT('Ctrl Pts',(24.7923820639208,-43.9925085891202,0.2));
#12953=CARTESIAN_POINT('Ctrl Pts',(24.6277530266585,-43.9757499527588,0.));
#12954=CARTESIAN_POINT('Ctrl Pts',(24.6277530266585,-43.9757499527588,0.2));
#12955=CARTESIAN_POINT('Ctrl Pts',(24.5443382486701,-43.9672586321831,0.));
#12956=CARTESIAN_POINT('Ctrl Pts',(24.5443382486701,-43.9672586321831,0.2));
#12957=CARTESIAN_POINT('',(24.9495234712958,-44.1828110814095,0.));
#12958=CARTESIAN_POINT('Ctrl Pts',(24.9495234712958,-44.1828110814095,0.));
#12959=CARTESIAN_POINT('Ctrl Pts',(24.8976118545016,-44.1199447101599,0.));
#12960=CARTESIAN_POINT('Ctrl Pts',(24.7923820639208,-43.9925085891202,0.));
#12961=CARTESIAN_POINT('Ctrl Pts',(24.6277530266585,-43.9757499527588,0.));
#12962=CARTESIAN_POINT('Ctrl Pts',(24.5443382486701,-43.9672586321831,0.));
#12963=CARTESIAN_POINT('',(24.9495234712958,-44.1828110814095,0.2));
#12964=CARTESIAN_POINT('',(24.9495234712958,-44.1828110814095,0.));
#12965=CARTESIAN_POINT('Ctrl Pts',(24.9495234712958,-44.1828110814095,0.2));
#12966=CARTESIAN_POINT('Ctrl Pts',(24.8976118545016,-44.1199447101599,0.2));
#12967=CARTESIAN_POINT('Ctrl Pts',(24.7923820639208,-43.9925085891202,0.2));
#12968=CARTESIAN_POINT('Ctrl Pts',(24.6277530266585,-43.9757499527588,0.2));
#12969=CARTESIAN_POINT('Ctrl Pts',(24.5443382486701,-43.9672586321831,0.2));
#12970=CARTESIAN_POINT('Origin',(24.9495234712958,-44.0000006556511,0.));
#12971=CARTESIAN_POINT('',(24.9495234712958,-44.0000006556511,0.));
#12972=CARTESIAN_POINT('',(24.9495234712958,-26.2620003278255,0.));
#12973=CARTESIAN_POINT('',(24.9495234712958,-44.0000006556511,0.2));
#12974=CARTESIAN_POINT('',(24.9495234712958,-44.0000006556511,0.));
#12975=CARTESIAN_POINT('',(24.9495234712958,-44.0000006556511,0.2));
#12976=CARTESIAN_POINT('Origin',(25.1773538812995,-44.0000006556511,0.));
#12977=CARTESIAN_POINT('',(22.3561769406497,-44.0000006556511,0.));
#12978=CARTESIAN_POINT('',(25.1773538812995,-44.0000006556511,0.2));
#12979=CARTESIAN_POINT('Origin',(14.5886769704521,-44.7060034424067,0.2));
#12980=CARTESIAN_POINT('Ctrl Pts',(11.3151433691382,-43.4686228632927,0.));
#12981=CARTESIAN_POINT('Ctrl Pts',(11.3151433691382,-43.4686228632927,0.2));
#12982=CARTESIAN_POINT('Ctrl Pts',(11.2848942873934,-43.452116256739,0.));
#12983=CARTESIAN_POINT('Ctrl Pts',(11.2848942873934,-43.452116256739,0.2));
#12984=CARTESIAN_POINT('Ctrl Pts',(11.2220158566491,-43.417804156763,0.));
#12985=CARTESIAN_POINT('Ctrl Pts',(11.2220158566491,-43.417804156763,0.2));
#12986=CARTESIAN_POINT('Ctrl Pts',(11.1503978082461,-43.413987017845,0.));
#12987=CARTESIAN_POINT('Ctrl Pts',(11.1503978082461,-43.413987017845,0.2));
#12988=CARTESIAN_POINT('Ctrl Pts',(11.1132332310081,-43.4120061993599,0.));
#12989=CARTESIAN_POINT('Ctrl Pts',(11.1132332310081,-43.4120061993599,0.2));
#12990=CARTESIAN_POINT('',(11.3151433691382,-43.4686228632927,0.));
#12991=CARTESIAN_POINT('',(11.1132332310081,-43.4120061993599,0.));
#12992=CARTESIAN_POINT('Ctrl Pts',(11.3151433691382,-43.4686228632927,0.));
#12993=CARTESIAN_POINT('Ctrl Pts',(11.2848942873934,-43.452116256739,0.));
#12994=CARTESIAN_POINT('Ctrl Pts',(11.2220158566491,-43.417804156763,0.));
#12995=CARTESIAN_POINT('Ctrl Pts',(11.1503978082461,-43.413987017845,0.));
#12996=CARTESIAN_POINT('Ctrl Pts',(11.1132332310081,-43.4120061993599,0.));
#12997=CARTESIAN_POINT('',(11.3151433691382,-43.4686228632927,0.2));
#12998=CARTESIAN_POINT('',(11.3151433691382,-43.4686228632927,0.));
#12999=CARTESIAN_POINT('',(11.1132332310081,-43.4120061993599,0.2));
#13000=CARTESIAN_POINT('Ctrl Pts',(11.3151433691382,-43.4686228632927,0.2));
#13001=CARTESIAN_POINT('Ctrl Pts',(11.2848942873934,-43.452116256739,0.2));
#13002=CARTESIAN_POINT('Ctrl Pts',(11.2220158566491,-43.417804156763,0.2));
#13003=CARTESIAN_POINT('Ctrl Pts',(11.1503978082461,-43.413987017845,0.2));
#13004=CARTESIAN_POINT('Ctrl Pts',(11.1132332310081,-43.4120061993599,0.2));
#13005=CARTESIAN_POINT('',(11.1132332310081,-43.4120061993599,0.));
#13006=CARTESIAN_POINT('Ctrl Pts',(11.4652111753821,-43.6466583609581,0.));
#13007=CARTESIAN_POINT('Ctrl Pts',(11.4652111753821,-43.6466583609581,0.2));
#13008=CARTESIAN_POINT('Ctrl Pts',(11.4438778207463,-43.6097926688549,0.));
#13009=CARTESIAN_POINT('Ctrl Pts',(11.4438778207463,-43.6097926688549,0.2));
#13010=CARTESIAN_POINT('Ctrl Pts',(11.4043276265858,-43.5414468645764,0.));
#13011=CARTESIAN_POINT('Ctrl Pts',(11.4043276265858,-43.5414468645764,0.2));
#13012=CARTESIAN_POINT('Ctrl Pts',(11.3432676331415,-43.4915879189706,0.));
#13013=CARTESIAN_POINT('Ctrl Pts',(11.3432676331415,-43.4915879189706,0.2));
#13014=CARTESIAN_POINT('Ctrl Pts',(11.3151433691382,-43.4686228632927,0.));
#13015=CARTESIAN_POINT('Ctrl Pts',(11.3151433691382,-43.4686228632927,0.2));
#13016=CARTESIAN_POINT('',(11.4652111753821,-43.6466583609581,0.));
#13017=CARTESIAN_POINT('Ctrl Pts',(11.4652111753821,-43.6466583609581,0.));
#13018=CARTESIAN_POINT('Ctrl Pts',(11.4438778207463,-43.6097926688549,0.));
#13019=CARTESIAN_POINT('Ctrl Pts',(11.4043276265858,-43.5414468645764,0.));
#13020=CARTESIAN_POINT('Ctrl Pts',(11.3432676331415,-43.4915879189706,0.));
#13021=CARTESIAN_POINT('Ctrl Pts',(11.3151433691382,-43.4686228632927,0.));
#13022=CARTESIAN_POINT('',(11.4652111753821,-43.6466583609581,0.2));
#13023=CARTESIAN_POINT('',(11.4652111753821,-43.6466583609581,0.));
#13024=CARTESIAN_POINT('Ctrl Pts',(11.4652111753821,-43.6466583609581,0.2));
#13025=CARTESIAN_POINT('Ctrl Pts',(11.4438778207463,-43.6097926688549,0.2));
#13026=CARTESIAN_POINT('Ctrl Pts',(11.4043276265858,-43.5414468645764,0.2));
#13027=CARTESIAN_POINT('Ctrl Pts',(11.3432676331415,-43.4915879189706,0.2));
#13028=CARTESIAN_POINT('Ctrl Pts',(11.3151433691382,-43.4686228632927,0.2));
#13029=CARTESIAN_POINT('Ctrl Pts',(11.6030010208488,-43.9754441380501,0.));
#13030=CARTESIAN_POINT('Ctrl Pts',(11.6030010208488,-43.9754441380501,0.2));
#13031=CARTESIAN_POINT('Ctrl Pts',(11.5779802269371,-43.9077246878074,0.));
#13032=CARTESIAN_POINT('Ctrl Pts',(11.5779802269371,-43.9077246878074,0.2));
#13033=CARTESIAN_POINT('Ctrl Pts',(11.5367466043876,-43.7961247817285,0.));
#13034=CARTESIAN_POINT('Ctrl Pts',(11.5367466043876,-43.7961247817285,0.2));
#13035=CARTESIAN_POINT('Ctrl Pts',(11.4854002667538,-43.6888415318411,0.));
#13036=CARTESIAN_POINT('Ctrl Pts',(11.4854002667538,-43.6888415318411,0.2));
#13037=CARTESIAN_POINT('Ctrl Pts',(11.4652111753821,-43.6466583609581,0.));
#13038=CARTESIAN_POINT('Ctrl Pts',(11.4652111753821,-43.6466583609581,0.2));
#13039=CARTESIAN_POINT('',(11.6030010208488,-43.9754441380501,0.));
#13040=CARTESIAN_POINT('Ctrl Pts',(11.6030010208488,-43.9754441380501,0.));
#13041=CARTESIAN_POINT('Ctrl Pts',(11.5779802269371,-43.9077246878074,0.));
#13042=CARTESIAN_POINT('Ctrl Pts',(11.5367466043876,-43.7961247817285,0.));
#13043=CARTESIAN_POINT('Ctrl Pts',(11.4854002667538,-43.6888415318411,0.));
#13044=CARTESIAN_POINT('Ctrl Pts',(11.4652111753821,-43.6466583609581,0.));
#13045=CARTESIAN_POINT('',(11.6030010208488,-43.9754441380501,0.2));
#13046=CARTESIAN_POINT('',(11.6030010208488,-43.9754441380501,0.));
#13047=CARTESIAN_POINT('Ctrl Pts',(11.6030010208488,-43.9754441380501,0.2));
#13048=CARTESIAN_POINT('Ctrl Pts',(11.5779802269371,-43.9077246878074,0.2));
#13049=CARTESIAN_POINT('Ctrl Pts',(11.5367466043876,-43.7961247817285,0.2));
#13050=CARTESIAN_POINT('Ctrl Pts',(11.4854002667538,-43.6888415318411,0.2));
#13051=CARTESIAN_POINT('Ctrl Pts',(11.4652111753821,-43.6466583609581,0.2));
#13052=CARTESIAN_POINT('Origin',(12.1541609987617,-45.4488411545753,0.));
#13053=CARTESIAN_POINT('',(12.1541609987617,-45.4488411545753,0.));
#13054=CARTESIAN_POINT('',(6.54863951375032,-30.4637933226206,0.));
#13055=CARTESIAN_POINT('',(12.1541609987617,-45.4488411545753,0.2));
#13056=CARTESIAN_POINT('',(12.1541609987617,-45.4488411545753,0.));
#13057=CARTESIAN_POINT('',(12.1541609987617,-45.4488411545753,0.2));
#13058=CARTESIAN_POINT('Origin',(11.9085946306586,-45.4488411545753,0.));
#13059=CARTESIAN_POINT('',(11.9085946306586,-45.4488411545753,0.));
#13060=CARTESIAN_POINT('',(15.7217973153293,-45.4488411545753,0.));
#13061=CARTESIAN_POINT('',(11.9085946306586,-45.4488411545753,0.2));
#13062=CARTESIAN_POINT('',(11.9085946306586,-45.4488411545753,0.));
#13063=CARTESIAN_POINT('',(11.9085946306586,-45.4488411545753,0.2));
#13064=CARTESIAN_POINT('Origin',(11.5989085659385,-44.6043662726879,0.));
#13065=CARTESIAN_POINT('',(11.5989085659385,-44.6043662726879,0.));
#13066=CARTESIAN_POINT('',(6.23782410010645,-29.9853643645358,0.));
#13067=CARTESIAN_POINT('',(11.5989085659385,-44.6043662726879,0.2));
#13068=CARTESIAN_POINT('',(11.5989085659385,-44.6043662726879,0.));
#13069=CARTESIAN_POINT('',(11.5989085659385,-44.6043662726879,0.2));
#13070=CARTESIAN_POINT('Ctrl Pts',(11.4979531988502,-44.2742162942886,0.));
#13071=CARTESIAN_POINT('Ctrl Pts',(11.4979531988502,-44.2742162942886,0.2));
#13072=CARTESIAN_POINT('Ctrl Pts',(11.5126893350085,-44.3301453825584,0.));
#13073=CARTESIAN_POINT('Ctrl Pts',(11.5126893350085,-44.3301453825584,0.2));
#13074=CARTESIAN_POINT('Ctrl Pts',(11.5420324724245,-44.4415134443774,0.));
#13075=CARTESIAN_POINT('Ctrl Pts',(11.5420324724245,-44.4415134443774,0.2));
#13076=CARTESIAN_POINT('Ctrl Pts',(11.5800055728066,-44.5502414953894,0.));
#13077=CARTESIAN_POINT('Ctrl Pts',(11.5800055728066,-44.5502414953894,0.2));
#13078=CARTESIAN_POINT('Ctrl Pts',(11.5989085659385,-44.6043662726879,0.));
#13079=CARTESIAN_POINT('Ctrl Pts',(11.5989085659385,-44.6043662726879,0.2));
#13080=CARTESIAN_POINT('',(11.4979531988502,-44.2742162942886,0.));
#13081=CARTESIAN_POINT('Ctrl Pts',(11.4979531988502,-44.2742162942886,0.));
#13082=CARTESIAN_POINT('Ctrl Pts',(11.5126893350085,-44.3301453825584,0.));
#13083=CARTESIAN_POINT('Ctrl Pts',(11.5420324724245,-44.4415134443774,0.));
#13084=CARTESIAN_POINT('Ctrl Pts',(11.5800055728066,-44.5502414953894,0.));
#13085=CARTESIAN_POINT('Ctrl Pts',(11.5989085659385,-44.6043662726879,0.));
#13086=CARTESIAN_POINT('',(11.4979531988502,-44.2742162942886,0.2));
#13087=CARTESIAN_POINT('',(11.4979531988502,-44.2742162942886,0.));
#13088=CARTESIAN_POINT('Ctrl Pts',(11.4979531988502,-44.2742162942886,0.2));
#13089=CARTESIAN_POINT('Ctrl Pts',(11.5126893350085,-44.3301453825584,0.2));
#13090=CARTESIAN_POINT('Ctrl Pts',(11.5420324724245,-44.4415134443774,0.2));
#13091=CARTESIAN_POINT('Ctrl Pts',(11.5800055728066,-44.5502414953894,0.2));
#13092=CARTESIAN_POINT('Ctrl Pts',(11.5989085659385,-44.6043662726879,0.2));
#13093=CARTESIAN_POINT('Ctrl Pts',(11.392905972898,-44.6098232269287,0.));
#13094=CARTESIAN_POINT('Ctrl Pts',(11.392905972898,-44.6098232269287,0.2));
#13095=CARTESIAN_POINT('Ctrl Pts',(11.4120753251577,-44.5554530526374,0.));
#13096=CARTESIAN_POINT('Ctrl Pts',(11.4120753251577,-44.5554530526374,0.2));
#13097=CARTESIAN_POINT('Ctrl Pts',(11.451076638419,-44.4448333420243,0.));
#13098=CARTESIAN_POINT('Ctrl Pts',(11.451076638419,-44.4448333420243,0.2));
#13099=CARTESIAN_POINT('Ctrl Pts',(11.4821516965539,-44.3317291673914,0.));
#13100=CARTESIAN_POINT('Ctrl Pts',(11.4821516965539,-44.3317291673914,0.2));
#13101=CARTESIAN_POINT('Ctrl Pts',(11.4979531988502,-44.2742162942886,0.));
#13102=CARTESIAN_POINT('Ctrl Pts',(11.4979531988502,-44.2742162942886,0.2));
#13103=CARTESIAN_POINT('',(11.392905972898,-44.6098232269287,0.));
#13104=CARTESIAN_POINT('Ctrl Pts',(11.392905972898,-44.6098232269287,0.));
#13105=CARTESIAN_POINT('Ctrl Pts',(11.4120753251577,-44.5554530526374,0.));
#13106=CARTESIAN_POINT('Ctrl Pts',(11.451076638419,-44.4448333420243,0.));
#13107=CARTESIAN_POINT('Ctrl Pts',(11.4821516965539,-44.3317291673914,0.));
#13108=CARTESIAN_POINT('Ctrl Pts',(11.4979531988502,-44.2742162942886,0.));
#13109=CARTESIAN_POINT('',(11.392905972898,-44.6098232269287,0.2));
#13110=CARTESIAN_POINT('',(11.392905972898,-44.6098232269287,0.));
#13111=CARTESIAN_POINT('Ctrl Pts',(11.392905972898,-44.6098232269287,0.2));
#13112=CARTESIAN_POINT('Ctrl Pts',(11.4120753251577,-44.5554530526374,0.2));
#13113=CARTESIAN_POINT('Ctrl Pts',(11.451076638419,-44.4448333420243,0.2));
#13114=CARTESIAN_POINT('Ctrl Pts',(11.4821516965539,-44.3317291673914,0.2));
#13115=CARTESIAN_POINT('Ctrl Pts',(11.4979531988502,-44.2742162942886,0.2));
#13116=CARTESIAN_POINT('Origin',(11.0914048179984,-45.4488411545753,0.));
#13117=CARTESIAN_POINT('',(11.0914048179984,-45.4488411545753,0.));
#13118=CARTESIAN_POINT('',(17.4499531197995,-27.7542621046384,0.));
#13119=CARTESIAN_POINT('',(11.0914048179984,-45.4488411545753,0.2));
#13120=CARTESIAN_POINT('',(11.0914048179984,-45.4488411545753,0.));
#13121=CARTESIAN_POINT('',(11.0914048179984,-45.4488411545753,0.2));
#13122=CARTESIAN_POINT('Origin',(10.82673933357,-45.4488411545753,0.));
#13123=CARTESIAN_POINT('',(10.82673933357,-45.4488411545753,0.));
#13124=CARTESIAN_POINT('',(15.180869666785,-45.4488411545753,0.));
#13125=CARTESIAN_POINT('',(10.82673933357,-45.4488411545753,0.2));
#13126=CARTESIAN_POINT('',(10.82673933357,-45.4488411545753,0.));
#13127=CARTESIAN_POINT('',(10.82673933357,-45.4488411545753,0.2));
#13128=CARTESIAN_POINT('Origin',(11.376534961164,-43.9972722530365,0.));
#13129=CARTESIAN_POINT('',(11.376534961164,-43.9972722530365,0.));
#13130=CARTESIAN_POINT('',(17.7634048758067,-27.1346758972945,0.));
#13131=CARTESIAN_POINT('',(11.376534961164,-43.9972722530365,0.2));
#13132=CARTESIAN_POINT('',(11.376534961164,-43.9972722530365,0.));
#13133=CARTESIAN_POINT('',(11.376534961164,-43.9972722530365,0.2));
#13134=CARTESIAN_POINT('Ctrl Pts',(11.3547065481544,-43.9372447133064,0.));
#13135=CARTESIAN_POINT('Ctrl Pts',(11.3547065481544,-43.9372447133064,0.2));
#13136=CARTESIAN_POINT('Ctrl Pts',(11.3576293866589,-43.9456696374525,0.));
#13137=CARTESIAN_POINT('Ctrl Pts',(11.3576293866589,-43.9456696374525,0.2));
#13138=CARTESIAN_POINT('Ctrl Pts',(11.3646084260999,-43.9657863417494,0.));
#13139=CARTESIAN_POINT('Ctrl Pts',(11.3646084260999,-43.9657863417494,0.2));
#13140=CARTESIAN_POINT('Ctrl Pts',(11.3721511488463,-43.9856990404485,0.));
#13141=CARTESIAN_POINT('Ctrl Pts',(11.3721511488463,-43.9856990404485,0.2));
#13142=CARTESIAN_POINT('Ctrl Pts',(11.376534961164,-43.9972722530365,0.));
#13143=CARTESIAN_POINT('Ctrl Pts',(11.376534961164,-43.9972722530365,0.2));
#13144=CARTESIAN_POINT('',(11.3547065481544,-43.9372447133064,0.));
#13145=CARTESIAN_POINT('Ctrl Pts',(11.3547065481544,-43.9372447133064,0.));
#13146=CARTESIAN_POINT('Ctrl Pts',(11.3576293866589,-43.9456696374525,0.));
#13147=CARTESIAN_POINT('Ctrl Pts',(11.3646084260999,-43.9657863417494,0.));
#13148=CARTESIAN_POINT('Ctrl Pts',(11.3721511488463,-43.9856990404485,0.));
#13149=CARTESIAN_POINT('Ctrl Pts',(11.376534961164,-43.9972722530365,0.));
#13150=CARTESIAN_POINT('',(11.3547065481544,-43.9372447133064,0.2));
#13151=CARTESIAN_POINT('',(11.3547065481544,-43.9372447133064,0.));
#13152=CARTESIAN_POINT('Ctrl Pts',(11.3547065481544,-43.9372447133064,0.2));
#13153=CARTESIAN_POINT('Ctrl Pts',(11.3576293866589,-43.9456696374525,0.2));
#13154=CARTESIAN_POINT('Ctrl Pts',(11.3646084260999,-43.9657863417494,0.2));
#13155=CARTESIAN_POINT('Ctrl Pts',(11.3721511488463,-43.9856990404485,0.2));
#13156=CARTESIAN_POINT('Ctrl Pts',(11.376534961164,-43.9972722530365,0.2));
#13157=CARTESIAN_POINT('Ctrl Pts',(11.2796726450324,-43.7544345855713,0.));
#13158=CARTESIAN_POINT('Ctrl Pts',(11.2796726450324,-43.7544345855713,0.2));
#13159=CARTESIAN_POINT('Ctrl Pts',(11.2901112576521,-43.775671990568,0.));
#13160=CARTESIAN_POINT('Ctrl Pts',(11.2901112576521,-43.775671990568,0.2));
#13161=CARTESIAN_POINT('Ctrl Pts',(11.3192107350941,-43.8348750101788,0.));
#13162=CARTESIAN_POINT('Ctrl Pts',(11.3192107350941,-43.8348750101788,0.2));
#13163=CARTESIAN_POINT('Ctrl Pts',(11.3408376657747,-43.8972469431607,0.));
#13164=CARTESIAN_POINT('Ctrl Pts',(11.3408376657747,-43.8972469431607,0.2));
#13165=CARTESIAN_POINT('Ctrl Pts',(11.3547065481544,-43.9372447133064,0.));
#13166=CARTESIAN_POINT('Ctrl Pts',(11.3547065481544,-43.9372447133064,0.2));
#13167=CARTESIAN_POINT('',(11.2796726450324,-43.7544345855713,0.));
#13168=CARTESIAN_POINT('Ctrl Pts',(11.2796726450324,-43.7544345855713,0.));
#13169=CARTESIAN_POINT('Ctrl Pts',(11.2901112576521,-43.775671990568,0.));
#13170=CARTESIAN_POINT('Ctrl Pts',(11.3192107350941,-43.8348750101788,0.));
#13171=CARTESIAN_POINT('Ctrl Pts',(11.3408376657747,-43.8972469431607,0.));
#13172=CARTESIAN_POINT('Ctrl Pts',(11.3547065481544,-43.9372447133064,0.));
#13173=CARTESIAN_POINT('',(11.2796726450324,-43.7544345855713,0.2));
#13174=CARTESIAN_POINT('',(11.2796726450324,-43.7544345855713,0.));
#13175=CARTESIAN_POINT('Ctrl Pts',(11.2796726450324,-43.7544345855713,0.2));
#13176=CARTESIAN_POINT('Ctrl Pts',(11.2901112576521,-43.775671990568,0.2));
#13177=CARTESIAN_POINT('Ctrl Pts',(11.3192107350941,-43.8348750101788,0.2));
#13178=CARTESIAN_POINT('Ctrl Pts',(11.3408376657747,-43.8972469431607,0.2));
#13179=CARTESIAN_POINT('Ctrl Pts',(11.3547065481544,-43.9372447133064,0.2));
#13180=CARTESIAN_POINT('Ctrl Pts',(11.1991813406348,-43.6780360341072,0.));
#13181=CARTESIAN_POINT('Ctrl Pts',(11.1991813406348,-43.6780360341072,0.2));
#13182=CARTESIAN_POINT('Ctrl Pts',(11.2148626252312,-43.6881178349618,0.));
#13183=CARTESIAN_POINT('Ctrl Pts',(11.2148626252312,-43.6881178349618,0.2));
#13184=CARTESIAN_POINT('Ctrl Pts',(11.2465289240248,-43.7084767102999,0.));
#13185=CARTESIAN_POINT('Ctrl Pts',(11.2465289240248,-43.7084767102999,0.2));
#13186=CARTESIAN_POINT('Ctrl Pts',(11.2685543186401,-43.7390176486061,0.));
#13187=CARTESIAN_POINT('Ctrl Pts',(11.2685543186401,-43.7390176486061,0.2));
#13188=CARTESIAN_POINT('Ctrl Pts',(11.2796726450324,-43.7544345855713,0.));
#13189=CARTESIAN_POINT('Ctrl Pts',(11.2796726450324,-43.7544345855713,0.2));
#13190=CARTESIAN_POINT('',(11.1991813406348,-43.6780360341072,0.));
#13191=CARTESIAN_POINT('Ctrl Pts',(11.1991813406348,-43.6780360341072,0.));
#13192=CARTESIAN_POINT('Ctrl Pts',(11.2148626252312,-43.6881178349618,0.));
#13193=CARTESIAN_POINT('Ctrl Pts',(11.2465289240248,-43.7084767102999,0.));
#13194=CARTESIAN_POINT('Ctrl Pts',(11.2685543186401,-43.7390176486061,0.));
#13195=CARTESIAN_POINT('Ctrl Pts',(11.2796726450324,-43.7544345855713,0.));
#13196=CARTESIAN_POINT('',(11.1991813406348,-43.6780360341072,0.2));
#13197=CARTESIAN_POINT('',(11.1991813406348,-43.6780360341072,0.));
#13198=CARTESIAN_POINT('Ctrl Pts',(11.1991813406348,-43.6780360341072,0.2));
#13199=CARTESIAN_POINT('Ctrl Pts',(11.2148626252312,-43.6881178349618,0.2));
#13200=CARTESIAN_POINT('Ctrl Pts',(11.2465289240248,-43.7084767102999,0.2));
#13201=CARTESIAN_POINT('Ctrl Pts',(11.2685543186401,-43.7390176486061,0.2));
#13202=CARTESIAN_POINT('Ctrl Pts',(11.2796726450324,-43.7544345855713,0.2));
#13203=CARTESIAN_POINT('Ctrl Pts',(11.0682126507163,-43.6507511138916,0.));
#13204=CARTESIAN_POINT('Ctrl Pts',(11.0682126507163,-43.6507511138916,0.2));
#13205=CARTESIAN_POINT('Ctrl Pts',(11.0931345206625,-43.6513730871166,0.));
#13206=CARTESIAN_POINT('Ctrl Pts',(11.0931345206625,-43.6513730871166,0.2));
#13207=CARTESIAN_POINT('Ctrl Pts',(11.138551662701,-43.6525065592984,0.));
#13208=CARTESIAN_POINT('Ctrl Pts',(11.138551662701,-43.6525065592984,0.2));
#13209=CARTESIAN_POINT('Ctrl Pts',(11.1803287198879,-43.6700977187006,0.));
#13210=CARTESIAN_POINT('Ctrl Pts',(11.1803287198879,-43.6700977187006,0.2));
#13211=CARTESIAN_POINT('Ctrl Pts',(11.1991813406348,-43.6780360341072,0.));
#13212=CARTESIAN_POINT('Ctrl Pts',(11.1991813406348,-43.6780360341072,0.2));
#13213=CARTESIAN_POINT('',(11.0682126507163,-43.6507511138916,0.));
#13214=CARTESIAN_POINT('Ctrl Pts',(11.0682126507163,-43.6507511138916,0.));
#13215=CARTESIAN_POINT('Ctrl Pts',(11.0931345206625,-43.6513730871166,0.));
#13216=CARTESIAN_POINT('Ctrl Pts',(11.138551662701,-43.6525065592984,0.));
#13217=CARTESIAN_POINT('Ctrl Pts',(11.1803287198879,-43.6700977187006,0.));
#13218=CARTESIAN_POINT('Ctrl Pts',(11.1991813406348,-43.6780360341072,0.));
#13219=CARTESIAN_POINT('',(11.0682126507163,-43.6507511138916,0.2));
#13220=CARTESIAN_POINT('',(11.0682126507163,-43.6507511138916,0.));
#13221=CARTESIAN_POINT('Ctrl Pts',(11.0682126507163,-43.6507511138916,0.2));
#13222=CARTESIAN_POINT('Ctrl Pts',(11.0931345206625,-43.6513730871166,0.2));
#13223=CARTESIAN_POINT('Ctrl Pts',(11.138551662701,-43.6525065592984,0.2));
#13224=CARTESIAN_POINT('Ctrl Pts',(11.1803287198879,-43.6700977187006,0.2));
#13225=CARTESIAN_POINT('Ctrl Pts',(11.1991813406348,-43.6780360341072,0.2));
#13226=CARTESIAN_POINT('Ctrl Pts',(10.9276941046119,-43.672579228878,0.));
#13227=CARTESIAN_POINT('Ctrl Pts',(10.9276941046119,-43.672579228878,0.2));
#13228=CARTESIAN_POINT('Ctrl Pts',(10.9526850052903,-43.666226240506,0.));
#13229=CARTESIAN_POINT('Ctrl Pts',(10.9526850052903,-43.666226240506,0.2));
#13230=CARTESIAN_POINT('Ctrl Pts',(10.9988560981006,-43.654488991836,0.));
#13231=CARTESIAN_POINT('Ctrl Pts',(10.9988560981006,-43.654488991836,0.2));
#13232=CARTESIAN_POINT('Ctrl Pts',(11.0464018551054,-43.6519265773307,0.));
#13233=CARTESIAN_POINT('Ctrl Pts',(11.0464018551054,-43.6519265773307,0.2));
#13234=CARTESIAN_POINT('Ctrl Pts',(11.0682126507163,-43.6507511138916,0.));
#13235=CARTESIAN_POINT('Ctrl Pts',(11.0682126507163,-43.6507511138916,0.2));
#13236=CARTESIAN_POINT('',(10.9276941046119,-43.672579228878,0.));
#13237=CARTESIAN_POINT('Ctrl Pts',(10.9276941046119,-43.672579228878,0.));
#13238=CARTESIAN_POINT('Ctrl Pts',(10.9526850052903,-43.666226240506,0.));
#13239=CARTESIAN_POINT('Ctrl Pts',(10.9988560981006,-43.654488991836,0.));
#13240=CARTESIAN_POINT('Ctrl Pts',(11.0464018551054,-43.6519265773307,0.));
#13241=CARTESIAN_POINT('Ctrl Pts',(11.0682126507163,-43.6507511138916,0.));
#13242=CARTESIAN_POINT('',(10.9276941046119,-43.672579228878,0.2));
#13243=CARTESIAN_POINT('',(10.9276941046119,-43.672579228878,0.));
#13244=CARTESIAN_POINT('Ctrl Pts',(10.9276941046119,-43.672579228878,0.2));
#13245=CARTESIAN_POINT('Ctrl Pts',(10.9526850052903,-43.666226240506,0.2));
#13246=CARTESIAN_POINT('Ctrl Pts',(10.9988560981006,-43.654488991836,0.2));
#13247=CARTESIAN_POINT('Ctrl Pts',(11.0464018551054,-43.6519265773307,0.2));
#13248=CARTESIAN_POINT('Ctrl Pts',(11.0682126507163,-43.6507511138916,0.2));
#13249=CARTESIAN_POINT('Origin',(10.9549793228507,-43.4420198202133,0.));
#13250=CARTESIAN_POINT('',(10.9549793228507,-43.4420198202133,0.));
#13251=CARTESIAN_POINT('',(13.0518557528385,-25.7234666640976,0.));
#13252=CARTESIAN_POINT('',(10.9549793228507,-43.4420198202133,0.2));
#13253=CARTESIAN_POINT('',(10.9549793228507,-43.4420198202133,0.));
#13254=CARTESIAN_POINT('',(10.9549793228507,-43.4420198202133,0.2));
#13255=CARTESIAN_POINT('Ctrl Pts',(11.1132332310081,-43.4120061993599,0.));
#13256=CARTESIAN_POINT('Ctrl Pts',(11.1132332310081,-43.4120061993599,0.2));
#13257=CARTESIAN_POINT('Ctrl Pts',(11.088047607368,-43.4135596598212,0.));
#13258=CARTESIAN_POINT('Ctrl Pts',(11.088047607368,-43.4135596598212,0.2));
#13259=CARTESIAN_POINT('Ctrl Pts',(11.0340684067606,-43.4168891209086,0.));
#13260=CARTESIAN_POINT('Ctrl Pts',(11.0340684067606,-43.4168891209086,0.2));
#13261=CARTESIAN_POINT('Ctrl Pts',(10.982491479523,-43.4332777827238,0.));
#13262=CARTESIAN_POINT('Ctrl Pts',(10.982491479523,-43.4332777827238,0.2));
#13263=CARTESIAN_POINT('Ctrl Pts',(10.9549793228507,-43.4420198202133,0.));
#13264=CARTESIAN_POINT('Ctrl Pts',(10.9549793228507,-43.4420198202133,0.2));
#13265=CARTESIAN_POINT('Ctrl Pts',(11.1132332310081,-43.4120061993599,0.));
#13266=CARTESIAN_POINT('Ctrl Pts',(11.088047607368,-43.4135596598212,0.));
#13267=CARTESIAN_POINT('Ctrl Pts',(11.0340684067606,-43.4168891209086,0.));
#13268=CARTESIAN_POINT('Ctrl Pts',(10.982491479523,-43.4332777827238,0.));
#13269=CARTESIAN_POINT('Ctrl Pts',(10.9549793228507,-43.4420198202133,0.));
#13270=CARTESIAN_POINT('Ctrl Pts',(11.1132332310081,-43.4120061993599,0.2));
#13271=CARTESIAN_POINT('Ctrl Pts',(11.088047607368,-43.4135596598212,0.2));
#13272=CARTESIAN_POINT('Ctrl Pts',(11.0340684067606,-43.4168891209086,0.2));
#13273=CARTESIAN_POINT('Ctrl Pts',(10.982491479523,-43.4332777827238,0.2));
#13274=CARTESIAN_POINT('Ctrl Pts',(10.9549793228507,-43.4420198202133,0.2));
#13275=CARTESIAN_POINT('Origin',(14.5886769704521,-44.7060034424067,0.2));
#13276=CARTESIAN_POINT('Origin',(8.10368355363607,-44.7912693023682,0.));
#13277=CARTESIAN_POINT('',(8.10368355363607,-44.7912693023682,0.));
#13278=CARTESIAN_POINT('',(8.10368355363607,-44.0000006556511,0.));
#13279=CARTESIAN_POINT('',(8.10368355363607,-26.6576346511841,0.));
#13280=CARTESIAN_POINT('',(8.10368355363607,-44.7912693023682,0.2));
#13281=CARTESIAN_POINT('',(8.10368355363607,-44.7912693023682,0.));
#13282=CARTESIAN_POINT('',(8.10368355363607,-44.0000006556511,0.2));
#13283=CARTESIAN_POINT('',(8.10368355363607,-44.7912693023682,0.2));
#13284=CARTESIAN_POINT('',(8.10368355363607,-44.0000006556511,0.));
#13285=CARTESIAN_POINT('Ctrl Pts',(8.21759905666113,-45.1691684126854,0.));
#13286=CARTESIAN_POINT('Ctrl Pts',(8.21759905666113,-45.1691684126854,0.2));
#13287=CARTESIAN_POINT('Ctrl Pts',(8.18460293016827,-45.1226154743347,0.));
#13288=CARTESIAN_POINT('Ctrl Pts',(8.18460293016827,-45.1226154743347,0.2));
#13289=CARTESIAN_POINT('Ctrl Pts',(8.10529018061358,-45.0107162324268,0.));
#13290=CARTESIAN_POINT('Ctrl Pts',(8.10529018061358,-45.0107162324268,0.2));
#13291=CARTESIAN_POINT('Ctrl Pts',(8.10427587957521,-44.8721742733149,0.));
#13292=CARTESIAN_POINT('Ctrl Pts',(8.10427587957521,-44.8721742733149,0.2));
#13293=CARTESIAN_POINT('Ctrl Pts',(8.10368355363607,-44.7912693023682,0.));
#13294=CARTESIAN_POINT('Ctrl Pts',(8.10368355363607,-44.7912693023682,0.2));
#13295=CARTESIAN_POINT('',(8.21759905666113,-45.1691684126854,0.));
#13296=CARTESIAN_POINT('Ctrl Pts',(8.21759905666113,-45.1691684126854,0.));
#13297=CARTESIAN_POINT('Ctrl Pts',(8.18460293016827,-45.1226154743347,0.));
#13298=CARTESIAN_POINT('Ctrl Pts',(8.10529018061358,-45.0107162324268,0.));
#13299=CARTESIAN_POINT('Ctrl Pts',(8.10427587957521,-44.8721742733149,0.));
#13300=CARTESIAN_POINT('Ctrl Pts',(8.10368355363607,-44.7912693023682,0.));
#13301=CARTESIAN_POINT('',(8.21759905666113,-45.1691684126854,0.2));
#13302=CARTESIAN_POINT('',(8.21759905666113,-45.1691684126854,0.));
#13303=CARTESIAN_POINT('Ctrl Pts',(8.21759905666113,-45.1691684126854,0.2));
#13304=CARTESIAN_POINT('Ctrl Pts',(8.18460293016827,-45.1226154743347,0.2));
#13305=CARTESIAN_POINT('Ctrl Pts',(8.10529018061358,-45.0107162324268,0.2));
#13306=CARTESIAN_POINT('Ctrl Pts',(8.10427587957521,-44.8721742733149,0.2));
#13307=CARTESIAN_POINT('Ctrl Pts',(8.10368355363607,-44.7912693023682,0.2));
#13308=CARTESIAN_POINT('Ctrl Pts',(8.4884038195014,-45.2687591314316,0.));
#13309=CARTESIAN_POINT('Ctrl Pts',(8.4884038195014,-45.2687591314316,0.2));
#13310=CARTESIAN_POINT('Ctrl Pts',(8.43809151067294,-45.2647775328296,0.));
#13311=CARTESIAN_POINT('Ctrl Pts',(8.43809151067294,-45.2647775328296,0.2));
#13312=CARTESIAN_POINT('Ctrl Pts',(8.33846059672125,-45.2568929750157,0.));
#13313=CARTESIAN_POINT('Ctrl Pts',(8.33846059672125,-45.2568929750157,0.2));
#13314=CARTESIAN_POINT('Ctrl Pts',(8.25761746427889,-45.1982148512107,0.));
#13315=CARTESIAN_POINT('Ctrl Pts',(8.25761746427889,-45.1982148512107,0.2));
#13316=CARTESIAN_POINT('Ctrl Pts',(8.21759905666113,-45.1691684126854,0.));
#13317=CARTESIAN_POINT('Ctrl Pts',(8.21759905666113,-45.1691684126854,0.2));
#13318=CARTESIAN_POINT('',(8.4884038195014,-45.2687591314316,0.));
#13319=CARTESIAN_POINT('Ctrl Pts',(8.4884038195014,-45.2687591314316,0.));
#13320=CARTESIAN_POINT('Ctrl Pts',(8.43809151067294,-45.2647775328296,0.));
#13321=CARTESIAN_POINT('Ctrl Pts',(8.33846059672125,-45.2568929750157,0.));
#13322=CARTESIAN_POINT('Ctrl Pts',(8.25761746427889,-45.1982148512107,0.));
#13323=CARTESIAN_POINT('Ctrl Pts',(8.21759905666113,-45.1691684126854,0.));
#13324=CARTESIAN_POINT('',(8.4884038195014,-45.2687591314316,0.2));
#13325=CARTESIAN_POINT('',(8.4884038195014,-45.2687591314316,0.));
#13326=CARTESIAN_POINT('Ctrl Pts',(8.4884038195014,-45.2687591314316,0.2));
#13327=CARTESIAN_POINT('Ctrl Pts',(8.43809151067294,-45.2647775328296,0.2));
#13328=CARTESIAN_POINT('Ctrl Pts',(8.33846059672125,-45.2568929750157,0.2));
#13329=CARTESIAN_POINT('Ctrl Pts',(8.25761746427889,-45.1982148512107,0.2));
#13330=CARTESIAN_POINT('Ctrl Pts',(8.21759905666113,-45.1691684126854,0.2));
#13331=CARTESIAN_POINT('Ctrl Pts',(8.65961816161871,-45.2244207262993,0.));
#13332=CARTESIAN_POINT('Ctrl Pts',(8.65961816161871,-45.2244207262993,0.2));
#13333=CARTESIAN_POINT('Ctrl Pts',(8.63367298272586,-45.237347864316,0.));
#13334=CARTESIAN_POINT('Ctrl Pts',(8.63367298272586,-45.237347864316,0.2));
#13335=CARTESIAN_POINT('Ctrl Pts',(8.57979266612494,-45.2641936336963,0.));
#13336=CARTESIAN_POINT('Ctrl Pts',(8.57979266612494,-45.2641936336963,0.2));
#13337=CARTESIAN_POINT('Ctrl Pts',(8.51960770435387,-45.2672002840351,0.));
#13338=CARTESIAN_POINT('Ctrl Pts',(8.51960770435387,-45.2672002840351,0.2));
#13339=CARTESIAN_POINT('Ctrl Pts',(8.4884038195014,-45.2687591314316,0.));
#13340=CARTESIAN_POINT('Ctrl Pts',(8.4884038195014,-45.2687591314316,0.2));
#13341=CARTESIAN_POINT('',(8.65961816161871,-45.2244207262993,0.));
#13342=CARTESIAN_POINT('Ctrl Pts',(8.65961816161871,-45.2244207262993,0.));
#13343=CARTESIAN_POINT('Ctrl Pts',(8.63367298272586,-45.237347864316,0.));
#13344=CARTESIAN_POINT('Ctrl Pts',(8.57979266612494,-45.2641936336963,0.));
#13345=CARTESIAN_POINT('Ctrl Pts',(8.51960770435387,-45.2672002840351,0.));
#13346=CARTESIAN_POINT('Ctrl Pts',(8.4884038195014,-45.2687591314316,0.));
#13347=CARTESIAN_POINT('',(8.65961816161871,-45.2244207262993,0.2));
#13348=CARTESIAN_POINT('',(8.65961816161871,-45.2244207262993,0.));
#13349=CARTESIAN_POINT('Ctrl Pts',(8.65961816161871,-45.2244207262993,0.2));
#13350=CARTESIAN_POINT('Ctrl Pts',(8.63367298272586,-45.237347864316,0.2));
#13351=CARTESIAN_POINT('Ctrl Pts',(8.57979266612494,-45.2641936336963,0.2));
#13352=CARTESIAN_POINT('Ctrl Pts',(8.51960770435387,-45.2672002840351,0.2));
#13353=CARTESIAN_POINT('Ctrl Pts',(8.4884038195014,-45.2687591314316,0.2));
#13354=CARTESIAN_POINT('Ctrl Pts',(8.76125540584326,-45.1057305932045,0.));
#13355=CARTESIAN_POINT('Ctrl Pts',(8.76125540584326,-45.1057305932045,0.2));
#13356=CARTESIAN_POINT('Ctrl Pts',(8.74963678674435,-45.1293968078577,0.));
#13357=CARTESIAN_POINT('Ctrl Pts',(8.74963678674435,-45.1293968078577,0.2));
#13358=CARTESIAN_POINT('Ctrl Pts',(8.72595457388691,-45.1776356156005,0.));
#13359=CARTESIAN_POINT('Ctrl Pts',(8.72595457388691,-45.1776356156005,0.2));
#13360=CARTESIAN_POINT('Ctrl Pts',(8.68200555764532,-45.2086315576429,0.));
#13361=CARTESIAN_POINT('Ctrl Pts',(8.68200555764532,-45.2086315576429,0.2));
#13362=CARTESIAN_POINT('Ctrl Pts',(8.65961816161871,-45.2244207262993,0.));
#13363=CARTESIAN_POINT('Ctrl Pts',(8.65961816161871,-45.2244207262993,0.2));
#13364=CARTESIAN_POINT('',(8.76125540584326,-45.1057305932045,0.));
#13365=CARTESIAN_POINT('Ctrl Pts',(8.76125540584326,-45.1057305932045,0.));
#13366=CARTESIAN_POINT('Ctrl Pts',(8.74963678674435,-45.1293968078577,0.));
#13367=CARTESIAN_POINT('Ctrl Pts',(8.72595457388691,-45.1776356156005,0.));
#13368=CARTESIAN_POINT('Ctrl Pts',(8.68200555764532,-45.2086315576429,0.));
#13369=CARTESIAN_POINT('Ctrl Pts',(8.65961816161871,-45.2244207262993,0.));
#13370=CARTESIAN_POINT('',(8.76125540584326,-45.1057305932045,0.2));
#13371=CARTESIAN_POINT('',(8.76125540584326,-45.1057305932045,0.));
#13372=CARTESIAN_POINT('Ctrl Pts',(8.76125540584326,-45.1057305932045,0.2));
#13373=CARTESIAN_POINT('Ctrl Pts',(8.74963678674435,-45.1293968078577,0.2));
#13374=CARTESIAN_POINT('Ctrl Pts',(8.72595457388691,-45.1776356156005,0.2));
#13375=CARTESIAN_POINT('Ctrl Pts',(8.68200555764532,-45.2086315576429,0.2));
#13376=CARTESIAN_POINT('Ctrl Pts',(8.65961816161871,-45.2244207262993,0.2));
#13377=CARTESIAN_POINT('Ctrl Pts',(8.78990467637777,-44.88131031394,0.));
#13378=CARTESIAN_POINT('Ctrl Pts',(8.78990467637777,-44.88131031394,0.2));
#13379=CARTESIAN_POINT('Ctrl Pts',(8.78966872747235,-44.9253276147486,0.));
#13380=CARTESIAN_POINT('Ctrl Pts',(8.78966872747235,-44.9253276147486,0.2));
#13381=CARTESIAN_POINT('Ctrl Pts',(8.78926080611026,-45.0014271298932,0.));
#13382=CARTESIAN_POINT('Ctrl Pts',(8.78926080611026,-45.0014271298932,0.2));
#13383=CARTESIAN_POINT('Ctrl Pts',(8.76956064609265,-45.0747985117707,0.));
#13384=CARTESIAN_POINT('Ctrl Pts',(8.76956064609265,-45.0747985117707,0.2));
#13385=CARTESIAN_POINT('Ctrl Pts',(8.76125540584326,-45.1057305932045,0.));
#13386=CARTESIAN_POINT('Ctrl Pts',(8.76125540584326,-45.1057305932045,0.2));
#13387=CARTESIAN_POINT('',(8.78990467637777,-44.88131031394,0.));
#13388=CARTESIAN_POINT('Ctrl Pts',(8.78990467637777,-44.88131031394,0.));
#13389=CARTESIAN_POINT('Ctrl Pts',(8.78966872747235,-44.9253276147486,0.));
#13390=CARTESIAN_POINT('Ctrl Pts',(8.78926080611026,-45.0014271298932,0.));
#13391=CARTESIAN_POINT('Ctrl Pts',(8.76956064609265,-45.0747985117707,0.));
#13392=CARTESIAN_POINT('Ctrl Pts',(8.76125540584326,-45.1057305932045,0.));
#13393=CARTESIAN_POINT('',(8.78990467637777,-44.88131031394,0.2));
#13394=CARTESIAN_POINT('',(8.78990467637777,-44.88131031394,0.));
#13395=CARTESIAN_POINT('Ctrl Pts',(8.78990467637777,-44.88131031394,0.2));
#13396=CARTESIAN_POINT('Ctrl Pts',(8.78966872747235,-44.9253276147486,0.2));
#13397=CARTESIAN_POINT('Ctrl Pts',(8.78926080611026,-45.0014271298932,0.2));
#13398=CARTESIAN_POINT('Ctrl Pts',(8.76956064609265,-45.0747985117707,0.2));
#13399=CARTESIAN_POINT('Ctrl Pts',(8.76125540584326,-45.1057305932045,0.2));
#13400=CARTESIAN_POINT('Origin',(8.78990467637777,-44.0000006556511,0.));
#13401=CARTESIAN_POINT('',(8.78990467637777,-44.0000006556511,0.));
#13402=CARTESIAN_POINT('',(8.78990467637777,-26.2620003278255,0.));
#13403=CARTESIAN_POINT('',(8.78990467637777,-44.0000006556511,0.2));
#13404=CARTESIAN_POINT('',(8.78990467637777,-44.0000006556511,0.));
#13405=CARTESIAN_POINT('',(8.78990467637777,-44.0000006556511,0.2));
#13406=CARTESIAN_POINT('Origin',(9.03547074645758,-44.0000006556511,0.));
#13407=CARTESIAN_POINT('',(9.03547074645758,-44.0000006556511,0.));
#13408=CARTESIAN_POINT('',(14.2852353732288,-44.0000006556511,0.));
#13409=CARTESIAN_POINT('',(9.03547074645758,-44.0000006556511,0.2));
#13410=CARTESIAN_POINT('',(9.03547074645758,-44.0000006556511,0.));
#13411=CARTESIAN_POINT('',(9.03547074645758,-44.0000006556511,0.2));
#13412=CARTESIAN_POINT('Origin',(9.03547074645758,-44.8908600211143,0.));
#13413=CARTESIAN_POINT('',(9.03547074645758,-44.8908600211143,0.));
#13414=CARTESIAN_POINT('',(9.03547074645758,-26.7074300105572,0.));
#13415=CARTESIAN_POINT('',(9.03547074645758,-44.8908600211143,0.2));
#13416=CARTESIAN_POINT('',(9.03547074645758,-44.8908600211143,0.));
#13417=CARTESIAN_POINT('',(9.03547074645758,-44.8908600211143,0.2));
#13418=CARTESIAN_POINT('Ctrl Pts',(9.02182843536139,-45.1296049356461,0.));
#13419=CARTESIAN_POINT('Ctrl Pts',(9.02182843536139,-45.1296049356461,0.2));
#13420=CARTESIAN_POINT('Ctrl Pts',(9.02576543237443,-45.0983755527984,0.));
#13421=CARTESIAN_POINT('Ctrl Pts',(9.02576543237443,-45.0983755527984,0.2));
#13422=CARTESIAN_POINT('Ctrl Pts',(9.03575266631921,-45.0191539655283,0.));
#13423=CARTESIAN_POINT('Ctrl Pts',(9.03575266631921,-45.0191539655283,0.2));
#13424=CARTESIAN_POINT('Ctrl Pts',(9.0355771025016,-44.9392597199564,0.));
#13425=CARTESIAN_POINT('Ctrl Pts',(9.0355771025016,-44.9392597199564,0.2));
#13426=CARTESIAN_POINT('Ctrl Pts',(9.03547074645758,-44.8908600211143,0.));
#13427=CARTESIAN_POINT('Ctrl Pts',(9.03547074645758,-44.8908600211143,0.2));
#13428=CARTESIAN_POINT('',(9.02182843536139,-45.1296049356461,0.));
#13429=CARTESIAN_POINT('Ctrl Pts',(9.02182843536139,-45.1296049356461,0.));
#13430=CARTESIAN_POINT('Ctrl Pts',(9.02576543237443,-45.0983755527984,0.));
#13431=CARTESIAN_POINT('Ctrl Pts',(9.03575266631921,-45.0191539655283,0.));
#13432=CARTESIAN_POINT('Ctrl Pts',(9.0355771025016,-44.9392597199564,0.));
#13433=CARTESIAN_POINT('Ctrl Pts',(9.03547074645758,-44.8908600211143,0.));
#13434=CARTESIAN_POINT('',(9.02182843536139,-45.1296049356461,0.2));
#13435=CARTESIAN_POINT('',(9.02182843536139,-45.1296049356461,0.));
#13436=CARTESIAN_POINT('Ctrl Pts',(9.02182843536139,-45.1296049356461,0.2));
#13437=CARTESIAN_POINT('Ctrl Pts',(9.02576543237443,-45.0983755527984,0.2));
#13438=CARTESIAN_POINT('Ctrl Pts',(9.03575266631921,-45.0191539655283,0.2));
#13439=CARTESIAN_POINT('Ctrl Pts',(9.0355771025016,-44.9392597199564,0.2));
#13440=CARTESIAN_POINT('Ctrl Pts',(9.03547074645758,-44.8908600211143,0.2));
#13441=CARTESIAN_POINT('Ctrl Pts',(8.94542958587408,-45.3110511600971,0.));
#13442=CARTESIAN_POINT('Ctrl Pts',(8.94542958587408,-45.3110511600971,0.2));
#13443=CARTESIAN_POINT('Ctrl Pts',(8.96236921618925,-45.2838261720969,0.));
#13444=CARTESIAN_POINT('Ctrl Pts',(8.96236921618925,-45.2838261720969,0.2));
#13445=CARTESIAN_POINT('Ctrl Pts',(8.99745582789702,-45.2274357689451,0.));
#13446=CARTESIAN_POINT('Ctrl Pts',(8.99745582789702,-45.2274357689451,0.2));
#13447=CARTESIAN_POINT('Ctrl Pts',(9.01351997394847,-45.1629548225897,0.));
#13448=CARTESIAN_POINT('Ctrl Pts',(9.01351997394847,-45.1629548225897,0.2));
#13449=CARTESIAN_POINT('Ctrl Pts',(9.02182843536139,-45.1296049356461,0.));
#13450=CARTESIAN_POINT('Ctrl Pts',(9.02182843536139,-45.1296049356461,0.2));
#13451=CARTESIAN_POINT('',(8.94542958587408,-45.3110511600971,0.));
#13452=CARTESIAN_POINT('Ctrl Pts',(8.94542958587408,-45.3110511600971,0.));
#13453=CARTESIAN_POINT('Ctrl Pts',(8.96236921618925,-45.2838261720969,0.));
#13454=CARTESIAN_POINT('Ctrl Pts',(8.99745582789702,-45.2274357689451,0.));
#13455=CARTESIAN_POINT('Ctrl Pts',(9.01351997394847,-45.1629548225897,0.));
#13456=CARTESIAN_POINT('Ctrl Pts',(9.02182843536139,-45.1296049356461,0.));
#13457=CARTESIAN_POINT('',(8.94542958587408,-45.3110511600971,0.2));
#13458=CARTESIAN_POINT('',(8.94542958587408,-45.3110511600971,0.));
#13459=CARTESIAN_POINT('Ctrl Pts',(8.94542958587408,-45.3110511600971,0.2));
#13460=CARTESIAN_POINT('Ctrl Pts',(8.96236921618925,-45.2838261720969,0.2));
#13461=CARTESIAN_POINT('Ctrl Pts',(8.99745582789702,-45.2274357689451,0.2));
#13462=CARTESIAN_POINT('Ctrl Pts',(9.01351997394847,-45.1629548225897,0.2));
#13463=CARTESIAN_POINT('Ctrl Pts',(9.02182843536139,-45.1296049356461,0.2));
#13464=CARTESIAN_POINT('Ctrl Pts',(8.78103699535131,-45.4345163702965,0.));
#13465=CARTESIAN_POINT('Ctrl Pts',(8.78103699535131,-45.4345163702965,0.2));
#13466=CARTESIAN_POINT('Ctrl Pts',(8.81466785732451,-45.4185112942294,0.));
#13467=CARTESIAN_POINT('Ctrl Pts',(8.81466785732451,-45.4185112942294,0.2));
#13468=CARTESIAN_POINT('Ctrl Pts',(8.8779194691037,-45.3884095722249,0.));
#13469=CARTESIAN_POINT('Ctrl Pts',(8.8779194691037,-45.3884095722249,0.2));
#13470=CARTESIAN_POINT('Ctrl Pts',(8.92389788102565,-45.3357238843814,0.));
#13471=CARTESIAN_POINT('Ctrl Pts',(8.92389788102565,-45.3357238843814,0.2));
#13472=CARTESIAN_POINT('Ctrl Pts',(8.94542958587408,-45.3110511600971,0.));
#13473=CARTESIAN_POINT('Ctrl Pts',(8.94542958587408,-45.3110511600971,0.2));
#13474=CARTESIAN_POINT('',(8.78103699535131,-45.4345163702965,0.));
#13475=CARTESIAN_POINT('Ctrl Pts',(8.78103699535131,-45.4345163702965,0.));
#13476=CARTESIAN_POINT('Ctrl Pts',(8.81466785732451,-45.4185112942294,0.));
#13477=CARTESIAN_POINT('Ctrl Pts',(8.8779194691037,-45.3884095722249,0.));
#13478=CARTESIAN_POINT('Ctrl Pts',(8.92389788102565,-45.3357238843814,0.));
#13479=CARTESIAN_POINT('Ctrl Pts',(8.94542958587408,-45.3110511600971,0.));
#13480=CARTESIAN_POINT('',(8.78103699535131,-45.4345163702965,0.2));
#13481=CARTESIAN_POINT('',(8.78103699535131,-45.4345163702965,0.));
#13482=CARTESIAN_POINT('Ctrl Pts',(8.78103699535131,-45.4345163702965,0.2));
#13483=CARTESIAN_POINT('Ctrl Pts',(8.81466785732451,-45.4185112942294,0.2));
#13484=CARTESIAN_POINT('Ctrl Pts',(8.8779194691037,-45.3884095722249,0.2));
#13485=CARTESIAN_POINT('Ctrl Pts',(8.92389788102565,-45.3357238843814,0.2));
#13486=CARTESIAN_POINT('Ctrl Pts',(8.94542958587408,-45.3110511600971,0.2));
#13487=CARTESIAN_POINT('Ctrl Pts',(8.54024555534124,-45.4815831780434,0.));
#13488=CARTESIAN_POINT('Ctrl Pts',(8.54024555534124,-45.4815831780434,0.2));
#13489=CARTESIAN_POINT('Ctrl Pts',(8.58256600021545,-45.4798142878081,0.));
#13490=CARTESIAN_POINT('Ctrl Pts',(8.58256600021545,-45.4798142878081,0.2));
#13491=CARTESIAN_POINT('Ctrl Pts',(8.66525172327447,-45.4763582284839,0.));
#13492=CARTESIAN_POINT('Ctrl Pts',(8.66525172327447,-45.4763582284839,0.2));
#13493=CARTESIAN_POINT('Ctrl Pts',(8.74305514498161,-45.4482420468731,0.));
#13494=CARTESIAN_POINT('Ctrl Pts',(8.74305514498161,-45.4482420468731,0.2));
#13495=CARTESIAN_POINT('Ctrl Pts',(8.78103699535131,-45.4345163702965,0.));
#13496=CARTESIAN_POINT('Ctrl Pts',(8.78103699535131,-45.4345163702965,0.2));
#13497=CARTESIAN_POINT('',(8.54024555534124,-45.4815831780434,0.));
#13498=CARTESIAN_POINT('Ctrl Pts',(8.54024555534124,-45.4815831780434,0.));
#13499=CARTESIAN_POINT('Ctrl Pts',(8.58256600021545,-45.4798142878081,0.));
#13500=CARTESIAN_POINT('Ctrl Pts',(8.66525172327447,-45.4763582284839,0.));
#13501=CARTESIAN_POINT('Ctrl Pts',(8.74305514498161,-45.4482420468731,0.));
#13502=CARTESIAN_POINT('Ctrl Pts',(8.78103699535131,-45.4345163702965,0.));
#13503=CARTESIAN_POINT('',(8.54024555534124,-45.4815831780434,0.2));
#13504=CARTESIAN_POINT('',(8.54024555534124,-45.4815831780434,0.));
#13505=CARTESIAN_POINT('Ctrl Pts',(8.54024555534124,-45.4815831780434,0.2));
#13506=CARTESIAN_POINT('Ctrl Pts',(8.58256600021545,-45.4798142878081,0.2));
#13507=CARTESIAN_POINT('Ctrl Pts',(8.66525172327447,-45.4763582284839,0.2));
#13508=CARTESIAN_POINT('Ctrl Pts',(8.74305514498161,-45.4482420468731,0.2));
#13509=CARTESIAN_POINT('Ctrl Pts',(8.78103699535131,-45.4345163702965,0.2));
#13510=CARTESIAN_POINT('Ctrl Pts',(8.07912703603506,-45.2428382635117,0.));
#13511=CARTESIAN_POINT('Ctrl Pts',(8.07912703603506,-45.2428382635117,0.2));
#13512=CARTESIAN_POINT('Ctrl Pts',(8.13895911151088,-45.3124680258988,0.));
#13513=CARTESIAN_POINT('Ctrl Pts',(8.13895911151088,-45.3124680258988,0.2));
#13514=CARTESIAN_POINT('Ctrl Pts',(8.26039432259837,-45.4537886273691,0.));
#13515=CARTESIAN_POINT('Ctrl Pts',(8.26039432259837,-45.4537886273691,0.2));
#13516=CARTESIAN_POINT('Ctrl Pts',(8.44605920721996,-45.4722286820849,0.));
#13517=CARTESIAN_POINT('Ctrl Pts',(8.44605920721996,-45.4722286820849,0.2));
#13518=CARTESIAN_POINT('Ctrl Pts',(8.54024555534124,-45.4815831780434,0.));
#13519=CARTESIAN_POINT('Ctrl Pts',(8.54024555534124,-45.4815831780434,0.2));
#13520=CARTESIAN_POINT('',(8.07912703603506,-45.2428382635117,0.));
#13521=CARTESIAN_POINT('Ctrl Pts',(8.07912703603506,-45.2428382635117,0.));
#13522=CARTESIAN_POINT('Ctrl Pts',(8.13895911151088,-45.3124680258988,0.));
#13523=CARTESIAN_POINT('Ctrl Pts',(8.26039432259837,-45.4537886273691,0.));
#13524=CARTESIAN_POINT('Ctrl Pts',(8.44605920721996,-45.4722286820849,0.));
#13525=CARTESIAN_POINT('Ctrl Pts',(8.54024555534124,-45.4815831780434,0.));
#13526=CARTESIAN_POINT('',(8.07912703603506,-45.2428382635117,0.2));
#13527=CARTESIAN_POINT('',(8.07912703603506,-45.2428382635117,0.));
#13528=CARTESIAN_POINT('Ctrl Pts',(8.07912703603506,-45.2428382635117,0.2));
#13529=CARTESIAN_POINT('Ctrl Pts',(8.13895911151088,-45.3124680258988,0.2));
#13530=CARTESIAN_POINT('Ctrl Pts',(8.26039432259837,-45.4537886273691,0.2));
#13531=CARTESIAN_POINT('Ctrl Pts',(8.44605920721996,-45.4722286820849,0.2));
#13532=CARTESIAN_POINT('Ctrl Pts',(8.54024555534124,-45.4815831780434,0.2));
#13533=CARTESIAN_POINT('Origin',(8.07912703603506,-45.4488410055637,0.));
#13534=CARTESIAN_POINT('',(8.07912703603506,-45.4488410055637,0.));
#13535=CARTESIAN_POINT('',(8.07912703603506,-26.9864205027819,0.));
#13536=CARTESIAN_POINT('',(8.07912703603506,-45.4488410055637,0.2));
#13537=CARTESIAN_POINT('',(8.07912703603506,-45.4488410055637,0.));
#13538=CARTESIAN_POINT('',(8.07912703603506,-45.4488410055637,0.2));
#13539=CARTESIAN_POINT('Origin',(7.85811748355627,-45.4488410055637,0.));
#13540=CARTESIAN_POINT('',(7.85811748355627,-45.4488410055637,0.));
#13541=CARTESIAN_POINT('',(13.6965587417781,-45.4488410055637,0.));
#13542=CARTESIAN_POINT('',(7.85811748355627,-45.4488410055637,0.2));
#13543=CARTESIAN_POINT('',(7.85811748355627,-45.4488410055637,0.));
#13544=CARTESIAN_POINT('',(7.85811748355627,-45.4488410055637,0.2));
#13545=CARTESIAN_POINT('Origin',(7.85811748355627,-44.0000006556511,0.));
#13546=CARTESIAN_POINT('',(7.85811748355627,-44.0000006556511,0.));
#13547=CARTESIAN_POINT('',(7.85811748355627,-26.2620003278255,0.));
#13548=CARTESIAN_POINT('',(7.85811748355627,-44.0000006556511,0.2));
#13549=CARTESIAN_POINT('',(7.85811748355627,-44.0000006556511,0.));
#13550=CARTESIAN_POINT('',(7.85811748355627,-44.0000006556511,0.2));
#13551=CARTESIAN_POINT('Origin',(8.10368355363607,-44.0000006556511,0.));
#13552=CARTESIAN_POINT('',(13.819341776818,-44.0000006556511,0.));
#13553=CARTESIAN_POINT('',(8.10368355363607,-44.0000006556511,0.2));
#13554=CARTESIAN_POINT('Origin',(14.5886769704521,-44.7060034424067,0.2));
#13555=CARTESIAN_POINT('Origin',(4.25511602312326,-45.7025927305222,0.));
#13556=CARTESIAN_POINT('',(4.25511602312326,-45.7025927305222,0.));
#13557=CARTESIAN_POINT('',(4.25511602312326,-44.0000006556511,0.));
#13558=CARTESIAN_POINT('',(4.25511602312326,-27.1132963652611,0.));
#13559=CARTESIAN_POINT('',(4.25511602312326,-45.7025927305222,0.2));
#13560=CARTESIAN_POINT('',(4.25511602312326,-45.7025927305222,0.));
#13561=CARTESIAN_POINT('',(4.25511602312326,-44.0000006556511,0.2));
#13562=CARTESIAN_POINT('',(4.25511602312326,-45.7025927305222,0.2));
#13563=CARTESIAN_POINT('',(4.25511602312326,-44.0000006556511,0.));
#13564=CARTESIAN_POINT('Origin',(4.83356069773436,-44.0000006556511,0.));
#13565=CARTESIAN_POINT('',(4.83356069773436,-44.0000006556511,0.));
#13566=CARTESIAN_POINT('',(10.9969771641351,-25.8586217296907,0.));
#13567=CARTESIAN_POINT('',(4.83356069773436,-44.0000006556511,0.2));
#13568=CARTESIAN_POINT('',(4.83356069773436,-44.0000006556511,0.));
#13569=CARTESIAN_POINT('',(4.83356069773436,-44.0000006556511,0.2));
#13570=CARTESIAN_POINT('Origin',(5.07230561226606,-44.0000006556511,0.));
#13571=CARTESIAN_POINT('',(5.07230561226606,-44.0000006556511,0.));
#13572=CARTESIAN_POINT('',(12.303652806133,-44.0000006556511,0.));
#13573=CARTESIAN_POINT('',(5.07230561226606,-44.0000006556511,0.2));
#13574=CARTESIAN_POINT('',(5.07230561226606,-44.0000006556511,0.));
#13575=CARTESIAN_POINT('',(5.07230561226606,-44.0000006556511,0.2));
#13576=CARTESIAN_POINT('Origin',(5.65347891300917,-45.673943310976,0.));
#13577=CARTESIAN_POINT('',(5.65347891300917,-45.673943310976,0.));
#13578=CARTESIAN_POINT('',(0.644842962015992,-31.2476622814772,0.));
#13579=CARTESIAN_POINT('',(5.65347891300917,-45.673943310976,0.2));
#13580=CARTESIAN_POINT('',(5.65347891300917,-45.673943310976,0.));
#13581=CARTESIAN_POINT('',(5.65347891300917,-45.673943310976,0.2));
#13582=CARTESIAN_POINT('Origin',(5.65347891300917,-44.0000006556511,0.));
#13583=CARTESIAN_POINT('',(5.65347891300917,-44.0000006556511,0.));
#13584=CARTESIAN_POINT('',(5.65347891300917,-26.2620003278255,0.));
#13585=CARTESIAN_POINT('',(5.65347891300917,-44.0000006556511,0.2));
#13586=CARTESIAN_POINT('',(5.65347891300917,-44.0000006556511,0.));
#13587=CARTESIAN_POINT('',(5.65347891300917,-44.0000006556511,0.2));
#13588=CARTESIAN_POINT('Origin',(5.90859483927488,-44.0000006556511,0.));
#13589=CARTESIAN_POINT('',(5.90859483927488,-44.0000006556511,0.));
#13590=CARTESIAN_POINT('',(12.7217974196374,-44.0000006556511,0.));
#13591=CARTESIAN_POINT('',(5.90859483927488,-44.0000006556511,0.2));
#13592=CARTESIAN_POINT('',(5.90859483927488,-44.0000006556511,0.));
#13593=CARTESIAN_POINT('',(5.90859483927488,-44.0000006556511,0.2));
#13594=CARTESIAN_POINT('Origin',(5.90859483927488,-46.0000006854534,0.));
#13595=CARTESIAN_POINT('',(5.90859483927488,-46.0000006854534,0.));
#13596=CARTESIAN_POINT('',(5.90859483927488,-27.2620003427267,0.));
#13597=CARTESIAN_POINT('',(5.90859483927488,-46.0000006854534,0.2));
#13598=CARTESIAN_POINT('',(5.90859483927488,-46.0000006854534,0.));
#13599=CARTESIAN_POINT('',(5.90859483927488,-46.0000006854534,0.2));
#13600=CARTESIAN_POINT('Origin',(5.55252384394407,-46.0000006854534,0.));
#13601=CARTESIAN_POINT('',(5.55252384394407,-46.0000006854534,0.));
#13602=CARTESIAN_POINT('',(12.543761921972,-46.0000006854534,0.));
#13603=CARTESIAN_POINT('',(5.55252384394407,-46.0000006854534,0.2));
#13604=CARTESIAN_POINT('',(5.55252384394407,-46.0000006854534,0.));
#13605=CARTESIAN_POINT('',(5.55252384394407,-46.0000006854534,0.2));
#13606=CARTESIAN_POINT('Origin',(5.07366996258497,-44.6084590256214,0.));
#13607=CARTESIAN_POINT('',(5.07366996258497,-44.6084590256214,0.));
#13608=CARTESIAN_POINT('',(0.287963627477155,-30.7012735641124,0.));
#13609=CARTESIAN_POINT('',(5.07366996258497,-44.6084590256214,0.2));
#13610=CARTESIAN_POINT('',(5.07366996258497,-44.6084590256214,0.));
#13611=CARTESIAN_POINT('',(5.07366996258497,-44.6084590256214,0.2));
#13612=CARTESIAN_POINT('Ctrl Pts',(4.96725793927908,-44.2878587543964,0.));
#13613=CARTESIAN_POINT('Ctrl Pts',(4.96725793927908,-44.2878587543964,0.2));
#13614=CARTESIAN_POINT('Ctrl Pts',(4.98169516474814,-44.3328035344431,0.));
#13615=CARTESIAN_POINT('Ctrl Pts',(4.98169516474814,-44.3328035344431,0.2));
#13616=CARTESIAN_POINT('Ctrl Pts',(5.01613282881303,-44.4400120309812,0.));
#13617=CARTESIAN_POINT('Ctrl Pts',(5.01613282881303,-44.4400120309812,0.2));
#13618=CARTESIAN_POINT('Ctrl Pts',(5.0525309468085,-44.5465719721003,0.));
#13619=CARTESIAN_POINT('Ctrl Pts',(5.0525309468085,-44.5465719721003,0.2));
#13620=CARTESIAN_POINT('Ctrl Pts',(5.07366996258497,-44.6084590256214,0.));
#13621=CARTESIAN_POINT('Ctrl Pts',(5.07366996258497,-44.6084590256214,0.2));
#13622=CARTESIAN_POINT('',(4.96725793927908,-44.2878587543964,0.));
#13623=CARTESIAN_POINT('Ctrl Pts',(4.96725793927908,-44.2878587543964,0.));
#13624=CARTESIAN_POINT('Ctrl Pts',(4.98169516474814,-44.3328035344431,0.));
#13625=CARTESIAN_POINT('Ctrl Pts',(5.01613282881303,-44.4400120309812,0.));
#13626=CARTESIAN_POINT('Ctrl Pts',(5.0525309468085,-44.5465719721003,0.));
#13627=CARTESIAN_POINT('Ctrl Pts',(5.07366996258497,-44.6084590256214,0.));
#13628=CARTESIAN_POINT('',(4.96725793927908,-44.2878587543964,0.2));
#13629=CARTESIAN_POINT('',(4.96725793927908,-44.2878587543964,0.));
#13630=CARTESIAN_POINT('Ctrl Pts',(4.96725793927908,-44.2878587543964,0.2));
#13631=CARTESIAN_POINT('Ctrl Pts',(4.98169516474814,-44.3328035344431,0.2));
#13632=CARTESIAN_POINT('Ctrl Pts',(5.01613282881303,-44.4400120309812,0.2));
#13633=CARTESIAN_POINT('Ctrl Pts',(5.0525309468085,-44.5465719721003,0.2));
#13634=CARTESIAN_POINT('Ctrl Pts',(5.07366996258497,-44.6084590256214,0.2));
#13635=CARTESIAN_POINT('Ctrl Pts',(4.8717599734664,-44.5839023590088,0.));
#13636=CARTESIAN_POINT('Ctrl Pts',(4.8717599734664,-44.5839023590088,0.2));
#13637=CARTESIAN_POINT('Ctrl Pts',(4.89081013443708,-44.5263198054985,0.));
#13638=CARTESIAN_POINT('Ctrl Pts',(4.89081013443708,-44.5263198054985,0.2));
#13639=CARTESIAN_POINT('Ctrl Pts',(4.92337874905208,-44.4278752833387,0.));
#13640=CARTESIAN_POINT('Ctrl Pts',(4.92337874905208,-44.4278752833387,0.2));
#13641=CARTESIAN_POINT('Ctrl Pts',(4.95438710975059,-44.328928994432,0.));
#13642=CARTESIAN_POINT('Ctrl Pts',(4.95438710975059,-44.328928994432,0.2));
#13643=CARTESIAN_POINT('Ctrl Pts',(4.96725793927908,-44.2878587543964,0.));
#13644=CARTESIAN_POINT('Ctrl Pts',(4.96725793927908,-44.2878587543964,0.2));
#13645=CARTESIAN_POINT('',(4.8717599734664,-44.5839023590088,0.));
#13646=CARTESIAN_POINT('Ctrl Pts',(4.8717599734664,-44.5839023590088,0.));
#13647=CARTESIAN_POINT('Ctrl Pts',(4.89081013443708,-44.5263198054985,0.));
#13648=CARTESIAN_POINT('Ctrl Pts',(4.92337874905208,-44.4278752833387,0.));
#13649=CARTESIAN_POINT('Ctrl Pts',(4.95438710975059,-44.328928994432,0.));
#13650=CARTESIAN_POINT('Ctrl Pts',(4.96725793927908,-44.2878587543964,0.));
#13651=CARTESIAN_POINT('',(4.8717599734664,-44.5839023590088,0.2));
#13652=CARTESIAN_POINT('',(4.8717599734664,-44.5839023590088,0.));
#13653=CARTESIAN_POINT('Ctrl Pts',(4.8717599734664,-44.5839023590088,0.2));
#13654=CARTESIAN_POINT('Ctrl Pts',(4.89081013443708,-44.5263198054985,0.2));
#13655=CARTESIAN_POINT('Ctrl Pts',(4.92337874905208,-44.4278752833387,0.2));
#13656=CARTESIAN_POINT('Ctrl Pts',(4.95438710975059,-44.328928994432,0.2));
#13657=CARTESIAN_POINT('Ctrl Pts',(4.96725793927908,-44.2878587543964,0.2));
#13658=CARTESIAN_POINT('Origin',(4.39836293458939,-46.0000006854534,0.));
#13659=CARTESIAN_POINT('',(4.39836293458939,-46.0000006854534,0.));
#13660=CARTESIAN_POINT('',(10.7935209038361,-26.8698166034358,0.));
#13661=CARTESIAN_POINT('',(4.39836293458939,-46.0000006854534,0.2));
#13662=CARTESIAN_POINT('',(4.39836293458939,-46.0000006854534,0.));
#13663=CARTESIAN_POINT('',(4.39836293458939,-46.0000006854534,0.2));
#13664=CARTESIAN_POINT('Origin',(4.00000005960464,-46.0000006854534,0.));
#13665=CARTESIAN_POINT('',(4.00000005960464,-46.0000006854534,0.));
#13666=CARTESIAN_POINT('',(11.7675000298023,-46.0000006854534,0.));
#13667=CARTESIAN_POINT('',(4.00000005960464,-46.0000006854534,0.2));
#13668=CARTESIAN_POINT('',(4.00000005960464,-46.0000006854534,0.));
#13669=CARTESIAN_POINT('',(4.00000005960464,-46.0000006854534,0.2));
#13670=CARTESIAN_POINT('Origin',(4.00000005960464,-44.0000006556511,0.));
#13671=CARTESIAN_POINT('',(4.00000005960464,-44.0000006556511,0.));
#13672=CARTESIAN_POINT('',(4.00000005960464,-26.2620003278255,0.));
#13673=CARTESIAN_POINT('',(4.00000005960464,-44.0000006556511,0.2));
#13674=CARTESIAN_POINT('',(4.00000005960464,-44.0000006556511,0.));
#13675=CARTESIAN_POINT('',(4.00000005960464,-44.0000006556511,0.2));
#13676=CARTESIAN_POINT('Origin',(4.25511602312326,-44.0000006556511,0.));
#13677=CARTESIAN_POINT('',(11.8950580115616,-44.0000006556511,0.));
#13678=CARTESIAN_POINT('',(4.25511602312326,-44.0000006556511,0.2));
#13679=CARTESIAN_POINT('Origin',(14.5886769704521,-44.7060034424067,0.2));
#13680=CARTESIAN_POINT('Origin',(19.535,-8.524,0.));
#13681=CARTESIAN_POINT('',(-11.896,-44.996,0.));
#13682=CARTESIAN_POINT('',(-6.896,-49.996,0.));
#13683=CARTESIAN_POINT('Origin',(-6.896,-44.996,0.));
#13684=CARTESIAN_POINT('',(-11.896,27.948,0.));
#13685=CARTESIAN_POINT('',(-11.896,-49.996,0.));
#13686=CARTESIAN_POINT('',(-6.896,32.948,0.));
#13687=CARTESIAN_POINT('Origin',(-6.896,27.948,0.));
#13688=CARTESIAN_POINT('',(10.79,32.948,0.));
#13689=CARTESIAN_POINT('',(-11.896,32.948,0.));
#13690=CARTESIAN_POINT('',(10.79,1.94800000000001,0.));
#13691=CARTESIAN_POINT('',(10.79,32.948,0.));
#13692=CARTESIAN_POINT('',(29.29,1.94800000000001,0.));
#13693=CARTESIAN_POINT('',(10.79,1.94800000000001,0.));
#13694=CARTESIAN_POINT('',(29.29,32.948,0.));
#13695=CARTESIAN_POINT('',(29.29,1.94800000000001,0.));
#13696=CARTESIAN_POINT('',(45.966,32.948,0.));
#13697=CARTESIAN_POINT('',(-11.896,32.948,0.));
#13698=CARTESIAN_POINT('',(50.966,27.948,0.));
#13699=CARTESIAN_POINT('Origin',(45.966,27.948,0.));
#13700=CARTESIAN_POINT('',(50.966,-44.996,0.));
#13701=CARTESIAN_POINT('',(50.966,32.948,0.));
#13702=CARTESIAN_POINT('',(45.966,-49.996,0.));
#13703=CARTESIAN_POINT('Origin',(45.966,-44.996,0.));
#13704=CARTESIAN_POINT('',(50.966,-49.996,0.));
#13705=CARTESIAN_POINT('',(2.525,-22.075,0.));
#13706=CARTESIAN_POINT('',(3.025,-21.575,0.));
#13707=CARTESIAN_POINT('Origin',(3.025,-22.075,0.));
#13708=CARTESIAN_POINT('',(2.525,-35.075,0.));
#13709=CARTESIAN_POINT('',(2.525,-22.075,0.));
#13710=CARTESIAN_POINT('',(3.025,-35.575,0.));
#13711=CARTESIAN_POINT('Origin',(3.025,-35.075,0.));
#13712=CARTESIAN_POINT('',(16.025,-35.575,0.));
#13713=CARTESIAN_POINT('',(3.025,-35.575,0.));
#13714=CARTESIAN_POINT('',(16.525,-35.075,0.));
#13715=CARTESIAN_POINT('Origin',(16.025,-35.075,0.));
#13716=CARTESIAN_POINT('',(16.525,-22.075,0.));
#13717=CARTESIAN_POINT('',(16.525,-22.075,0.));
#13718=CARTESIAN_POINT('',(16.025,-21.575,0.));
#13719=CARTESIAN_POINT('Origin',(16.025,-22.075,0.));
#13720=CARTESIAN_POINT('',(3.025,-21.575,0.));
#13721=CARTESIAN_POINT('',(44.266,-44.996,0.));
#13722=CARTESIAN_POINT('Origin',(45.966,-44.996,0.));
#13723=CARTESIAN_POINT('',(44.266,27.948,0.));
#13724=CARTESIAN_POINT('Origin',(45.966,27.948,0.));
#13725=CARTESIAN_POINT('',(-8.596,-44.996,0.));
#13726=CARTESIAN_POINT('Origin',(-6.896,-44.996,0.));
#13727=CARTESIAN_POINT('',(21.575,-22.075,0.));
#13728=CARTESIAN_POINT('',(22.075,-21.575,0.));
#13729=CARTESIAN_POINT('Origin',(22.075,-22.075,0.));
#13730=CARTESIAN_POINT('',(21.575,-35.075,0.));
#13731=CARTESIAN_POINT('',(21.575,-22.075,0.));
#13732=CARTESIAN_POINT('',(22.075,-35.575,0.));
#13733=CARTESIAN_POINT('Origin',(22.075,-35.075,0.));
#13734=CARTESIAN_POINT('',(35.075,-35.575,0.));
#13735=CARTESIAN_POINT('',(22.075,-35.575,0.));
#13736=CARTESIAN_POINT('',(35.575,-35.075,0.));
#13737=CARTESIAN_POINT('Origin',(35.075,-35.075,0.));
#13738=CARTESIAN_POINT('',(35.575,-22.075,0.));
#13739=CARTESIAN_POINT('',(35.575,-22.075,0.));
#13740=CARTESIAN_POINT('',(35.075,-21.575,0.));
#13741=CARTESIAN_POINT('Origin',(35.075,-22.075,0.));
#13742=CARTESIAN_POINT('',(22.075,-21.575,0.));
#13743=CARTESIAN_POINT('',(2.525,-3.025,0.));
#13744=CARTESIAN_POINT('',(3.025,-2.525,0.));
#13745=CARTESIAN_POINT('Origin',(3.025,-3.025,0.));
#13746=CARTESIAN_POINT('',(2.525,-16.025,0.));
#13747=CARTESIAN_POINT('',(2.525,-3.025,0.));
#13748=CARTESIAN_POINT('',(3.025,-16.525,0.));
#13749=CARTESIAN_POINT('Origin',(3.025,-16.025,0.));
#13750=CARTESIAN_POINT('',(16.025,-16.525,0.));
#13751=CARTESIAN_POINT('',(3.025,-16.525,0.));
#13752=CARTESIAN_POINT('',(16.525,-16.025,0.));
#13753=CARTESIAN_POINT('Origin',(16.025,-16.025,0.));
#13754=CARTESIAN_POINT('',(16.525,-3.025,0.));
#13755=CARTESIAN_POINT('',(16.525,-3.025,0.));
#13756=CARTESIAN_POINT('',(16.025,-2.525,0.));
#13757=CARTESIAN_POINT('Origin',(16.025,-3.025,0.));
#13758=CARTESIAN_POINT('',(3.025,-2.525,0.));
#13759=CARTESIAN_POINT('',(21.575,-3.025,0.));
#13760=CARTESIAN_POINT('',(22.075,-2.525,0.));
#13761=CARTESIAN_POINT('Origin',(22.075,-3.025,0.));
#13762=CARTESIAN_POINT('',(21.575,-16.025,0.));
#13763=CARTESIAN_POINT('',(21.575,-3.025,0.));
#13764=CARTESIAN_POINT('',(22.075,-16.525,0.));
#13765=CARTESIAN_POINT('Origin',(22.075,-16.025,0.));
#13766=CARTESIAN_POINT('',(35.075,-16.525,0.));
#13767=CARTESIAN_POINT('',(22.075,-16.525,0.));
#13768=CARTESIAN_POINT('',(35.575,-16.025,0.));
#13769=CARTESIAN_POINT('Origin',(35.075,-16.025,0.));
#13770=CARTESIAN_POINT('',(35.575,-3.025,0.));
#13771=CARTESIAN_POINT('',(35.575,-3.025,0.));
#13772=CARTESIAN_POINT('',(35.075,-2.525,0.));
#13773=CARTESIAN_POINT('Origin',(35.075,-3.025,0.));
#13774=CARTESIAN_POINT('',(22.075,-2.525,0.));
#13775=CARTESIAN_POINT('',(-8.596,27.948,0.));
#13776=CARTESIAN_POINT('Origin',(-6.896,27.948,0.));
#13777=CARTESIAN_POINT('Origin',(19.535,-8.524,0.));
#13778=CARTESIAN_POINT('Origin',(19.535,-8.524,0.));
#13779=CARTESIAN_POINT('Origin',(19.535,-8.524,0.));
#13780=CARTESIAN_POINT('Origin',(19.535,-8.524,0.));
#13781=CARTESIAN_POINT('Origin',(-6.896,-44.996,0.));
#13782=CARTESIAN_POINT('',(-6.896,-49.996,1.5));
#13783=CARTESIAN_POINT('',(-11.896,-44.996,1.5));
#13784=CARTESIAN_POINT('Origin',(-6.896,-44.996,1.5));
#13785=CARTESIAN_POINT('',(-11.896,-44.996,0.));
#13786=CARTESIAN_POINT('',(-6.896,-49.996,0.));
#13787=CARTESIAN_POINT('Origin',(19.535,-8.524,0.));
#13788=CARTESIAN_POINT('Origin',(-11.896,32.948,0.));
#13789=CARTESIAN_POINT('',(-11.896,27.948,1.5));
#13790=CARTESIAN_POINT('',(-11.896,-49.996,1.5));
#13791=CARTESIAN_POINT('',(-11.896,27.948,0.));
#13792=CARTESIAN_POINT('Origin',(-6.896,27.948,0.));
#13793=CARTESIAN_POINT('',(-6.896,32.948,1.5));
#13794=CARTESIAN_POINT('Origin',(-6.896,27.948,1.5));
#13795=CARTESIAN_POINT('',(-6.896,32.948,0.));
#13796=CARTESIAN_POINT('Origin',(45.966,27.948,0.));
#13797=CARTESIAN_POINT('',(45.966,32.948,1.5));
#13798=CARTESIAN_POINT('',(50.966,27.948,1.5));
#13799=CARTESIAN_POINT('Origin',(45.966,27.948,1.5));
#13800=CARTESIAN_POINT('',(50.966,27.948,0.));
#13801=CARTESIAN_POINT('',(45.966,32.948,0.));
#13802=CARTESIAN_POINT('Origin',(50.966,32.948,0.));
#13803=CARTESIAN_POINT('',(29.29,32.948,1.5));
#13804=CARTESIAN_POINT('',(29.29,32.948,0.));
#13805=CARTESIAN_POINT('',(-11.896,32.948,1.5));
#13806=CARTESIAN_POINT('Origin',(45.966,-44.996,0.));
#13807=CARTESIAN_POINT('',(50.966,-44.996,1.5));
#13808=CARTESIAN_POINT('',(45.966,-49.996,1.5));
#13809=CARTESIAN_POINT('Origin',(45.966,-44.996,1.5));
#13810=CARTESIAN_POINT('',(45.966,-49.996,0.));
#13811=CARTESIAN_POINT('',(50.966,-44.996,0.));
#13812=CARTESIAN_POINT('Origin',(-11.896,-49.996,0.));
#13813=CARTESIAN_POINT('',(50.966,-49.996,1.5));
#13814=CARTESIAN_POINT('Origin',(2.525,-35.075,0.));
#13815=CARTESIAN_POINT('',(2.525,-22.075,1.5));
#13816=CARTESIAN_POINT('',(2.525,-22.075,0.));
#13817=CARTESIAN_POINT('',(2.525,-35.075,1.5));
#13818=CARTESIAN_POINT('',(2.525,-22.075,1.5));
#13819=CARTESIAN_POINT('',(2.525,-35.075,0.));
#13820=CARTESIAN_POINT('Origin',(3.025,-35.075,0.));
#13821=CARTESIAN_POINT('',(3.025,-35.575,1.5));
#13822=CARTESIAN_POINT('Origin',(3.025,-35.075,1.5));
#13823=CARTESIAN_POINT('',(3.025,-35.575,0.));
#13824=CARTESIAN_POINT('Origin',(16.025,-35.575,0.));
#13825=CARTESIAN_POINT('',(16.025,-35.575,1.5));
#13826=CARTESIAN_POINT('',(3.025,-35.575,1.5));
#13827=CARTESIAN_POINT('',(16.025,-35.575,0.));
#13828=CARTESIAN_POINT('Origin',(16.025,-35.075,0.));
#13829=CARTESIAN_POINT('',(16.525,-35.075,1.5));
#13830=CARTESIAN_POINT('Origin',(16.025,-35.075,1.5));
#13831=CARTESIAN_POINT('',(16.525,-35.075,0.));
#13832=CARTESIAN_POINT('Origin',(16.525,-22.075,0.));
#13833=CARTESIAN_POINT('',(16.525,-22.075,1.5));
#13834=CARTESIAN_POINT('',(16.525,-22.075,1.5));
#13835=CARTESIAN_POINT('',(16.525,-22.075,0.));
#13836=CARTESIAN_POINT('Origin',(16.025,-22.075,0.));
#13837=CARTESIAN_POINT('',(16.025,-21.575,1.5));
#13838=CARTESIAN_POINT('Origin',(16.025,-22.075,1.5));
#13839=CARTESIAN_POINT('',(16.025,-21.575,0.));
#13840=CARTESIAN_POINT('Origin',(3.025,-21.575,0.));
#13841=CARTESIAN_POINT('',(3.025,-21.575,1.5));
#13842=CARTESIAN_POINT('',(3.025,-21.575,1.5));
#13843=CARTESIAN_POINT('',(3.025,-21.575,0.));
#13844=CARTESIAN_POINT('Origin',(3.025,-22.075,0.));
#13845=CARTESIAN_POINT('Origin',(3.025,-22.075,1.5));
#13846=CARTESIAN_POINT('Origin',(45.966,-44.996,0.));
#13847=CARTESIAN_POINT('',(44.266,-44.996,1.5));
#13848=CARTESIAN_POINT('Origin',(45.966,-44.996,1.5));
#13849=CARTESIAN_POINT('',(44.266,-44.996,0.));
#13850=CARTESIAN_POINT('Origin',(45.966,27.948,0.));
#13851=CARTESIAN_POINT('',(44.266,27.948,1.5));
#13852=CARTESIAN_POINT('Origin',(45.966,27.948,1.5));
#13853=CARTESIAN_POINT('',(44.266,27.948,0.));
#13854=CARTESIAN_POINT('Origin',(-6.896,-44.996,0.));
#13855=CARTESIAN_POINT('',(-8.596,-44.996,1.5));
#13856=CARTESIAN_POINT('Origin',(-6.896,-44.996,1.5));
#13857=CARTESIAN_POINT('',(-8.596,-44.996,0.));
#13858=CARTESIAN_POINT('Origin',(21.575,-35.075,0.));
#13859=CARTESIAN_POINT('',(21.575,-22.075,1.5));
#13860=CARTESIAN_POINT('',(21.575,-22.075,0.));
#13861=CARTESIAN_POINT('',(21.575,-35.075,1.5));
#13862=CARTESIAN_POINT('',(21.575,-22.075,1.5));
#13863=CARTESIAN_POINT('',(21.575,-35.075,0.));
#13864=CARTESIAN_POINT('Origin',(22.075,-35.075,0.));
#13865=CARTESIAN_POINT('',(22.075,-35.575,1.5));
#13866=CARTESIAN_POINT('Origin',(22.075,-35.075,1.5));
#13867=CARTESIAN_POINT('',(22.075,-35.575,0.));
#13868=CARTESIAN_POINT('Origin',(35.075,-35.575,0.));
#13869=CARTESIAN_POINT('',(35.075,-35.575,1.5));
#13870=CARTESIAN_POINT('',(22.075,-35.575,1.5));
#13871=CARTESIAN_POINT('',(35.075,-35.575,0.));
#13872=CARTESIAN_POINT('Origin',(35.075,-35.075,0.));
#13873=CARTESIAN_POINT('',(35.575,-35.075,1.5));
#13874=CARTESIAN_POINT('Origin',(35.075,-35.075,1.5));
#13875=CARTESIAN_POINT('',(35.575,-35.075,0.));
#13876=CARTESIAN_POINT('Origin',(35.575,-22.075,0.));
#13877=CARTESIAN_POINT('',(35.575,-22.075,1.5));
#13878=CARTESIAN_POINT('',(35.575,-22.075,1.5));
#13879=CARTESIAN_POINT('',(35.575,-22.075,0.));
#13880=CARTESIAN_POINT('Origin',(35.075,-22.075,0.));
#13881=CARTESIAN_POINT('',(35.075,-21.575,1.5));
#13882=CARTESIAN_POINT('Origin',(35.075,-22.075,1.5));
#13883=CARTESIAN_POINT('',(35.075,-21.575,0.));
#13884=CARTESIAN_POINT('Origin',(22.075,-21.575,0.));
#13885=CARTESIAN_POINT('',(22.075,-21.575,1.5));
#13886=CARTESIAN_POINT('',(22.075,-21.575,1.5));
#13887=CARTESIAN_POINT('',(22.075,-21.575,0.));
#13888=CARTESIAN_POINT('Origin',(22.075,-22.075,0.));
#13889=CARTESIAN_POINT('Origin',(22.075,-22.075,1.5));
#13890=CARTESIAN_POINT('Origin',(2.525,-16.025,0.));
#13891=CARTESIAN_POINT('',(2.525,-3.025,1.5));
#13892=CARTESIAN_POINT('',(2.525,-3.025,0.));
#13893=CARTESIAN_POINT('',(2.525,-16.025,1.5));
#13894=CARTESIAN_POINT('',(2.525,-3.025,1.5));
#13895=CARTESIAN_POINT('',(2.525,-16.025,0.));
#13896=CARTESIAN_POINT('Origin',(3.025,-16.025,0.));
#13897=CARTESIAN_POINT('',(3.025,-16.525,1.5));
#13898=CARTESIAN_POINT('Origin',(3.025,-16.025,1.5));
#13899=CARTESIAN_POINT('',(3.025,-16.525,0.));
#13900=CARTESIAN_POINT('Origin',(16.025,-16.525,0.));
#13901=CARTESIAN_POINT('',(16.025,-16.525,1.5));
#13902=CARTESIAN_POINT('',(3.025,-16.525,1.5));
#13903=CARTESIAN_POINT('',(16.025,-16.525,0.));
#13904=CARTESIAN_POINT('Origin',(16.025,-16.025,0.));
#13905=CARTESIAN_POINT('',(16.525,-16.025,1.5));
#13906=CARTESIAN_POINT('Origin',(16.025,-16.025,1.5));
#13907=CARTESIAN_POINT('',(16.525,-16.025,0.));
#13908=CARTESIAN_POINT('Origin',(16.525,-3.025,0.));
#13909=CARTESIAN_POINT('',(16.525,-3.025,1.5));
#13910=CARTESIAN_POINT('',(16.525,-3.025,1.5));
#13911=CARTESIAN_POINT('',(16.525,-3.025,0.));
#13912=CARTESIAN_POINT('Origin',(16.025,-3.025,0.));
#13913=CARTESIAN_POINT('',(16.025,-2.525,1.5));
#13914=CARTESIAN_POINT('Origin',(16.025,-3.025,1.5));
#13915=CARTESIAN_POINT('',(16.025,-2.525,0.));
#13916=CARTESIAN_POINT('Origin',(3.025,-2.525,0.));
#13917=CARTESIAN_POINT('',(3.025,-2.525,1.5));
#13918=CARTESIAN_POINT('',(3.025,-2.525,1.5));
#13919=CARTESIAN_POINT('',(3.025,-2.525,0.));
#13920=CARTESIAN_POINT('Origin',(3.025,-3.025,0.));
#13921=CARTESIAN_POINT('Origin',(3.025,-3.025,1.5));
#13922=CARTESIAN_POINT('Origin',(21.575,-16.025,0.));
#13923=CARTESIAN_POINT('',(21.575,-3.025,1.5));
#13924=CARTESIAN_POINT('',(21.575,-3.025,0.));
#13925=CARTESIAN_POINT('',(21.575,-16.025,1.5));
#13926=CARTESIAN_POINT('',(21.575,-3.025,1.5));
#13927=CARTESIAN_POINT('',(21.575,-16.025,0.));
#13928=CARTESIAN_POINT('Origin',(22.075,-16.025,0.));
#13929=CARTESIAN_POINT('',(22.075,-16.525,1.5));
#13930=CARTESIAN_POINT('Origin',(22.075,-16.025,1.5));
#13931=CARTESIAN_POINT('',(22.075,-16.525,0.));
#13932=CARTESIAN_POINT('Origin',(35.075,-16.525,0.));
#13933=CARTESIAN_POINT('',(35.075,-16.525,1.5));
#13934=CARTESIAN_POINT('',(22.075,-16.525,1.5));
#13935=CARTESIAN_POINT('',(35.075,-16.525,0.));
#13936=CARTESIAN_POINT('Origin',(35.075,-16.025,0.));
#13937=CARTESIAN_POINT('',(35.575,-16.025,1.5));
#13938=CARTESIAN_POINT('Origin',(35.075,-16.025,1.5));
#13939=CARTESIAN_POINT('',(35.575,-16.025,0.));
#13940=CARTESIAN_POINT('Origin',(35.575,-3.025,0.));
#13941=CARTESIAN_POINT('',(35.575,-3.025,1.5));
#13942=CARTESIAN_POINT('',(35.575,-3.025,1.5));
#13943=CARTESIAN_POINT('',(35.575,-3.025,0.));
#13944=CARTESIAN_POINT('Origin',(35.075,-3.025,0.));
#13945=CARTESIAN_POINT('',(35.075,-2.525,1.5));
#13946=CARTESIAN_POINT('Origin',(35.075,-3.025,1.5));
#13947=CARTESIAN_POINT('',(35.075,-2.525,0.));
#13948=CARTESIAN_POINT('Origin',(22.075,-2.525,0.));
#13949=CARTESIAN_POINT('',(22.075,-2.525,1.5));
#13950=CARTESIAN_POINT('',(22.075,-2.525,1.5));
#13951=CARTESIAN_POINT('',(22.075,-2.525,0.));
#13952=CARTESIAN_POINT('Origin',(22.075,-3.025,0.));
#13953=CARTESIAN_POINT('Origin',(22.075,-3.025,1.5));
#13954=CARTESIAN_POINT('Origin',(-6.896,27.948,0.));
#13955=CARTESIAN_POINT('',(-8.596,27.948,1.5));
#13956=CARTESIAN_POINT('Origin',(-6.896,27.948,1.5));
#13957=CARTESIAN_POINT('',(-8.596,27.948,0.));
#13958=CARTESIAN_POINT('Origin',(29.29,32.948,0.));
#13959=CARTESIAN_POINT('',(29.29,1.94800000000001,1.5));
#13960=CARTESIAN_POINT('',(29.29,1.94800000000001,0.));
#13961=CARTESIAN_POINT('',(29.29,1.94800000000001,1.5));
#13962=CARTESIAN_POINT('Origin',(50.966,-49.996,0.));
#13963=CARTESIAN_POINT('',(50.966,32.948,1.5));
#13964=CARTESIAN_POINT('Origin',(10.79,32.948,0.));
#13965=CARTESIAN_POINT('',(10.79,32.948,1.5));
#13966=CARTESIAN_POINT('',(-11.896,32.948,1.5));
#13967=CARTESIAN_POINT('',(10.79,32.948,0.));
#13968=CARTESIAN_POINT('Origin',(10.79,1.94800000000001,0.));
#13969=CARTESIAN_POINT('',(10.79,1.94800000000001,1.5));
#13970=CARTESIAN_POINT('',(10.79,32.948,1.5));
#13971=CARTESIAN_POINT('',(10.79,1.94800000000001,0.));
#13972=CARTESIAN_POINT('Origin',(29.29,1.94800000000001,0.));
#13973=CARTESIAN_POINT('',(10.79,1.94800000000001,1.5));
#13974=CARTESIAN_POINT('Origin',(19.535,-8.524,1.5));
#13975=UNCERTAINTY_MEASURE_WITH_UNIT(LENGTH_MEASURE(0.01),#13979,
'DISTANCE_ACCURACY_VALUE',
'Maximum model space distance between geometric entities at asserted c
onnectivities');
#13976=UNCERTAINTY_MEASURE_WITH_UNIT(LENGTH_MEASURE(0.01),#13979,
'DISTANCE_ACCURACY_VALUE',
'Maximum model space distance between geometric entities at asserted c
onnectivities');
#13977=(
GEOMETRIC_REPRESENTATION_CONTEXT(3)
GLOBAL_UNCERTAINTY_ASSIGNED_CONTEXT((#13975))
GLOBAL_UNIT_ASSIGNED_CONTEXT((#13979,#13981,#13982))
REPRESENTATION_CONTEXT('','3D')
);
#13978=(
GEOMETRIC_REPRESENTATION_CONTEXT(3)
GLOBAL_UNCERTAINTY_ASSIGNED_CONTEXT((#13976))
GLOBAL_UNIT_ASSIGNED_CONTEXT((#13979,#13981,#13982))
REPRESENTATION_CONTEXT('','3D')
);
#13979=(
LENGTH_UNIT()
NAMED_UNIT(*)
SI_UNIT(.MILLI.,.METRE.)
);
#13980=(
LENGTH_UNIT()
NAMED_UNIT(*)
SI_UNIT($,.METRE.)
);
#13981=(
NAMED_UNIT(*)
PLANE_ANGLE_UNIT()
SI_UNIT($,.RADIAN.)
);
#13982=(
NAMED_UNIT(*)
SI_UNIT($,.STERADIAN.)
SOLID_ANGLE_UNIT()
);
#13983=SHAPE_DEFINITION_REPRESENTATION(#13984,#13985);
#13984=PRODUCT_DEFINITION_SHAPE('',$,#13987);
#13985=SHAPE_REPRESENTATION('',(#7027),#13977);
#13986=PRODUCT_DEFINITION_CONTEXT('part definition',#13991,'design');
#13987=PRODUCT_DEFINITION('Manny MicroPad Case1',
'Manny MicroPad Case1 v1',#13988,#13986);
#13988=PRODUCT_DEFINITION_FORMATION('',$,#13993);
#13989=PRODUCT_RELATED_PRODUCT_CATEGORY('Manny MicroPad Case1 v1',
'Manny MicroPad Case1 v1',(#13993));
#13990=APPLICATION_PROTOCOL_DEFINITION('international standard',
'automotive_design',2009,#13991);
#13991=APPLICATION_CONTEXT(
'Core Data for Automotive Mechanical Design Process');
#13992=PRODUCT_CONTEXT('part definition',#13991,'mechanical');
#13993=PRODUCT('Manny MicroPad Case1','Manny MicroPad Case1 v1',$,(#13992));
#13994=PRESENTATION_STYLE_ASSIGNMENT((#13995));
#13995=SURFACE_STYLE_USAGE(.BOTH.,#13996);
#13996=SURFACE_SIDE_STYLE('',(#13997));
#13997=SURFACE_STYLE_FILL_AREA(#13998);
#13998=FILL_AREA_STYLE('Steel - Satin',(#13999));
#13999=FILL_AREA_STYLE_COLOUR('Steel - Satin',#14000);
#14000=COLOUR_RGB('Steel - Satin',0.627450980392157,0.627450980392157,0.627450980392157);
ENDSEC;
END-ISO-10303-21;
